"경로","제목","설명"
"index.html","서울 경기 인천 천안 아산 지역 이용정보 | 한국미인테라피","서울 경기 인천 천안 아산의 세부 지역별 이용 범위와 시간대 정보를 확인할 수 있습니다. 원하는 지역을 선택해 위치별 이용정보와 관리 코스를 살펴볼 수 있는 한국미인테라피입니다."
"가평군\index.html","가평군 출장마사지 | 가평읍 이용지역 북면 중심 생활권과 주변지역 | 한국미인테라피","가평군 출장마사지 지역정보를 가평읍과 북면 주변 생활권을 중심으로 정리했습니다. 이용지역과 공원 시장 관공서 등 생활시설까지 이어지는 위치 흐름을 함께 살펴볼 수 있습니다."
"가평군\가평읍\index.html","가평군 가평읍 출장마사지 | 설악면 북면 주변지역과 생활권 흐름 | 한국미인테라피","가평군 가평읍 출장마사지 지역정보를 설악면과 북면 인근의 생활지역 중심으로 정리했습니다. 주변지역과 공원 시장 관공서 등 생활시설 주변을 포함해 가까운 지역의 위치 흐름을 확인할 수 있습니다."
"가평군\북면\index.html","가평군 북면 출장마사지 | 설악면 청평면 인근 지역 흐름과 생활권 | 한국미인테라피","가평군 북면 출장마사지 지역을 살펴보면 설악면과 청평면 방향으로 생활권이 이어집니다. 지역 주변과 공원 시장 관공서 등 생활시설 인근까지 포함해 지역의 연결 관계를 담았습니다."
"가평군\상면\index.html","가평군 상면 출장마사지 | 청평면 북면 인접지역과 주요 생활권 | 한국미인테라피","가평군 상면 출장마사지 지역은 청평면과 북면 방향의 생활권이 서로 이어지는 특징이 있습니다. 지역과 공원 시장 관공서 등 생활시설 주변 지역까지 함께 살펴보기 쉽게 구성했습니다."
"가평군\설악면\index.html","가평군 설악면 출장마사지 | 청평면 북면 인근 지역 흐름과 생활권 | 한국미인테라피","가평군 설악면 출장마사지 지역을 살펴보면 청평면과 북면 방향으로 생활권이 이어집니다. 지역 주변과 공원 시장 관공서 등 생활시설 인근까지 포함해 지역의 연결 관계를 담았습니다."
"가평군\조종면\index.html","가평군 조종면 출장마사지 | 청평면 북면 인근 지역 흐름과 생활권 | 한국미인테라피","가평군 조종면 출장마사지 지역을 살펴보면 청평면과 북면 방향으로 생활권이 이어집니다. 지역 주변과 공원 시장 관공서 등 생활시설 인근까지 포함해 지역의 연결 관계를 담았습니다."
"가평군\청평면\index.html","가평군 청평면 출장마사지 | 설악면 북면 주변지역과 생활권 흐름 | 한국미인테라피","가평군 청평면 출장마사지 지역정보를 설악면과 북면 인근의 생활지역 중심으로 정리했습니다. 주변지역과 공원 시장 관공서 등 생활시설 주변을 포함해 가까운 지역의 위치 흐름을 확인할 수 있습니다."
"강남구\index.html","서울 강남구 출장마사지 | 역삼동 삼성동 강남역 코엑스 주요 생활권 | 한국미인테라피","서울 강남구 출장마사지 지역정보를 역삼동과 삼성동 중심으로 살펴봅니다. 강남역과 삼성역, 코엑스, 테헤란로 주변까지 이어지는 업무권역과 주거 생활권을 함께 정리했습니다."
"강남구\개포동\index.html","서울 강남구 개포동 출장마사지 | 개포동역 대모산입구역 양재천 주변 | 한국미인테라피","개포동 출장마사지 지역은 개포동역과 대모산입구역을 중심으로 도곡동, 일원동과 자연스럽게 연결됩니다. 양재천과 개포도서관 주변 주거지역까지 포함해 개포동 생활권을 폭넓게 담았습니다."
"강남구\논현동\index.html","서울 강남구 논현동 출장마사지 | 논현역 학동역 신사동 영동시장 일대 | 한국미인테라피","논현동 출장마사지 지역을 논현역과 학동역을 기준으로 정리했습니다. 신사동과 역삼동으로 이어지는 도로망과 영동시장, 논현동 상권 주변의 생활권 정보를 함께 살펴볼 수 있습니다."
"강남구\대치동\index.html","서울 강남구 대치동 출장마사지 | 대치역 한티역 삼성동 SETEC 주변지역 | 한국미인테라피","대치동 출장마사지 지역정보는 대치역과 한티역 주변에서 시작해 삼성동과 도곡동 방향으로 이어집니다. 대치동 학원가와 SETEC, 양재천 주변까지 주요 생활지역을 함께 정리했습니다."
"강남구\도곡동\index.html","서울 강남구 도곡동 출장마사지 | 도곡역 매봉역 대치동 양재천 생활권 | 한국미인테라피","도곡동 출장마사지 범위를 도곡역과 매봉역 인근을 중심으로 살펴볼 수 있습니다. 대치동과 개포동으로 이어지는 주거권역을 비롯해 양재천과 타워팰리스 주변의 지역 흐름도 함께 담았습니다."
"강남구\삼성동\index.html","서울 강남구 삼성동 출장마사지 | 삼성역 봉은사역 코엑스 청담동 인근 | 한국미인테라피","삼성동 출장마사지 지역은 삼성역과 봉은사역을 중심으로 대치동, 청담동과 맞닿아 있습니다. 코엑스와 무역센터, 봉은사 주변의 업무지역과 주거 생활권을 함께 확인할 수 있도록 정리했습니다."
"강남구\세곡동\index.html","서울 강남구 세곡동 출장마사지 | 수서역 자곡동 세곡천 주변 생활지역 | 한국미인테라피","세곡동 출장마사지 지역정보는 자곡동과 수서동으로 이어지는 강남 남부 생활권을 중심으로 구성했습니다. 수서역 접근권과 세곡천, 세곡동주민센터 주변의 주거지역을 함께 살펴볼 수 있습니다."
"강남구\수서동\index.html","서울 강남구 수서동 출장마사지 | 수서역 SRT 일원동 탄천 주변지역 | 한국미인테라피","수서동 출장마사지 지역을 수서역과 SRT 교통권을 중심으로 정리했습니다. 일원동과 세곡동 방향의 주거지역은 물론 탄천과 광평대군묘 일대까지 이어지는 주변 생활권도 함께 담았습니다."
"강남구\신사동\index.html","서울 강남구 신사동 출장마사지 | 신사역 압구정역 가로수길 한강 인근 | 한국미인테라피","신사동 출장마사지 지역은 신사역과 압구정역 사이의 생활권을 중심으로 살펴볼 수 있습니다. 가로수길과 압구정동, 잠원한강공원 방향으로 이어지는 상업지역과 주거지역을 함께 정리했습니다."
"강남구\압구정동\index.html","서울 강남구 압구정동 출장마사지 | 압구정역 로데오 도산공원 신사동 주변 | 한국미인테라피","압구정동 출장마사지 지역정보를 압구정역과 압구정로데오역 주변으로 나누어 정리했습니다. 신사동과 청담동으로 이어지는 생활권에 현대백화점과 도산공원 인근 지역까지 함께 담았습니다."
"강남구\역삼동\index.html","서울 강남구 역삼동 출장마사지 | 역삼역 강남역 선릉역 테헤란로 생활권 | 한국미인테라피","역삼동 출장마사지 지역정보를 역삼역과 강남역, 선릉역 사이 생활권을 중심으로 정리했습니다. 테헤란로 업무지구와 국기원 주변, 강남대로로 이어지는 상업지역까지 함께 살펴볼 수 있습니다."
"강남구\일원동\index.html","서울 강남구 일원동 출장마사지 | 일원역 대청역 삼성서울병원 대모산 인근 | 한국미인테라피","일원동 출장마사지 지역정보는 일원역과 대청역 주변 주거지역을 중심으로 구성했습니다. 삼성서울병원과 대모산 인근, 수서동과 개포동으로 연결되는 생활권까지 자연스럽게 살펴볼 수 있습니다."
"강남구\일원본동\index.html","서울 강남구 일원본동 출장마사지 | 역삼동 지역 논현동 지역 연결성과 주변 생활권 | 한국미인테라피","서울 강남구 일원본동 출장마사지 지역을 역삼동과 논현동 인근 생활권으로 나누어 살펴봅니다. 지역에서 공원 시장 관공서 등 생활시설 주변까지 이어지는 주요 지역을 함께 정리했습니다."
"강남구\청담동\index.html","서울 강남구 청담동 출장마사지 | 청담역 압구정로데오역 도산대로 주변 | 한국미인테라피","청담동 출장마사지 지역은 청담역과 압구정로데오역을 기준으로 삼성동과 압구정동 방향으로 이어집니다. 청담사거리와 도산대로, 청담근린공원 주변의 주거 상업 생활권을 함께 담았습니다."
"강동구\index.html","서울 강동구 출장마사지 | 암사동 강일동 인근 지역 흐름과 생활권 | 한국미인테라피","서울 강동구 출장마사지 지역을 살펴보면 암사동과 강일동 방향으로 생활권이 이어집니다. 지역 주변과 공원 시장 관공서 등 생활시설 인근까지 포함해 지역의 연결 관계를 담았습니다."
"강동구\강일동\index.html","서울 강동구 강일동 출장마사지 | 천호동 지역 성내동 주변 생활권 한눈에 보기 | 한국미인테라피","서울 강동구 강일동 출장마사지 지역의 위치 특성을 천호동과 성내동 생활권을 기준으로 살펴볼 수 있습니다. 지역에서 공원 시장 관공서 등 생활시설 주변으로 이어지는 인접 지역도 함께 담았습니다."
"강동구\고덕동\index.html","서울 강동구 고덕동 출장마사지 | 명일동 지역 길동 주변 생활권 한눈에 보기 | 한국미인테라피","서울 강동구 고덕동 출장마사지 지역의 위치 특성을 명일동과 길동 생활권을 기준으로 살펴볼 수 있습니다. 지역에서 공원 시장 관공서 등 생활시설 주변으로 이어지는 인접 지역도 함께 담았습니다."
"강동구\길동\index.html","서울 강동구 길동 출장마사지 | 암사동 둔촌동 주요 생활지역과 위치정보 | 한국미인테라피","서울 강동구 길동 출장마사지 지역정보는 암사동과 둔촌동 사이의 위치 관계를 중심으로 구성했습니다. 생활지역과 공원 시장 관공서 등 생활시설 등 가까운 생활지역의 흐름도 함께 확인할 수 있습니다."
"강동구\둔촌동\index.html","서울 강동구 둔촌동 출장마사지 | 암사동 상일동 주변지역과 생활권 흐름 | 한국미인테라피","서울 강동구 둔촌동 출장마사지 지역정보를 암사동과 상일동 인근의 생활지역 중심으로 정리했습니다. 주변지역과 공원 시장 관공서 등 생활시설 주변을 포함해 가까운 지역의 위치 흐름을 확인할 수 있습니다."
"강동구\명일동\index.html","서울 강동구 명일동 출장마사지 | 천호동 지역 성내동 주변 생활권 한눈에 보기 | 한국미인테라피","서울 강동구 명일동 출장마사지 지역의 위치 특성을 천호동과 성내동 생활권을 기준으로 살펴볼 수 있습니다. 지역에서 공원 시장 관공서 등 생활시설 주변으로 이어지는 인접 지역도 함께 담았습니다."
"강동구\상일동\index.html","서울 강동구 상일동 출장마사지 | 둔촌동 지역 고덕동 주변 생활권 한눈에 보기 | 한국미인테라피","서울 강동구 상일동 출장마사지 지역의 위치 특성을 둔촌동과 고덕동 생활권을 기준으로 살펴볼 수 있습니다. 지역에서 공원 시장 관공서 등 생활시설 주변으로 이어지는 인접 지역도 함께 담았습니다."
"강동구\성내동\index.html","서울 강동구 성내동 출장마사지 | 둔촌동 강일동 생활권 중심 지역정보 | 한국미인테라피","서울 강동구 성내동 출장마사지 지역은 둔촌동에서 강일동 방향으로 이어지는 생활권과 맞닿아 있습니다. 지역을 비롯해 공원 시장 관공서 등 생활시설 주변의 지역 특성을 함께 담았습니다."
"강동구\암사동\index.html","서울 강동구 암사동 출장마사지 | 성내동 지역 상일동 주변 지역정보와 생활범위 | 한국미인테라피","서울 강동구 암사동 출장마사지 지역정보를 성내동과 상일동 주변부터 차례로 정리했습니다. 지역과 공원 시장 관공서 등 생활시설 같은 생활거점을 기준으로 인접 지역의 구성을 함께 살펴볼 수 있습니다."
"강동구\천호동\index.html","서울 강동구 천호동 출장마사지 | 길동 가능지역 명일동 주변 지역정보와 생활범위 | 한국미인테라피","서울 강동구 천호동 출장마사지 지역정보를 길동과 명일동 주변부터 차례로 정리했습니다. 가능지역과 공원 시장 관공서 등 생활시설 같은 생활거점을 기준으로 인접 지역의 구성을 함께 살펴볼 수 있습니다."
"강북구\index.html","서울 강북구 출장마사지 | 송중동 수유동 인근 지역 흐름과 생활권 | 한국미인테라피","서울 강북구 출장마사지 지역을 살펴보면 송중동과 수유동 방향으로 생활권이 이어집니다. 지역 주변과 공원 시장 관공서 등 생활시설 인근까지 포함해 지역의 연결 관계를 담았습니다."
"강북구\미아동\index.html","서울 강북구 미아동 출장마사지 | 삼양동 번동 주변지역과 생활권 흐름 | 한국미인테라피","서울 강북구 미아동 출장마사지 지역정보를 삼양동과 번동 인근의 생활지역 중심으로 정리했습니다. 주변지역과 공원 시장 관공서 등 생활시설 주변을 포함해 가까운 지역의 위치 흐름을 확인할 수 있습니다."
"강북구\번동\index.html","서울 강북구 번동 출장마사지 | 우이동 지역 인수동 주변 지역정보와 생활범위 | 한국미인테라피","서울 강북구 번동 출장마사지 지역정보를 우이동과 인수동 주변부터 차례로 정리했습니다. 지역과 공원 시장 관공서 등 생활시설 같은 생활거점을 기준으로 인접 지역의 구성을 함께 살펴볼 수 있습니다."
"강북구\삼각산동\index.html","서울 강북구 삼각산동 출장마사지 | 송중동 지역 송천동 주변 생활권 한눈에 보기 | 한국미인테라피","서울 강북구 삼각산동 출장마사지 지역의 위치 특성을 송중동과 송천동 생활권을 기준으로 살펴볼 수 있습니다. 지역에서 공원 시장 관공서 등 생활시설 주변으로 이어지는 인접 지역도 함께 담았습니다."
"강북구\삼양동\index.html","서울 강북구 삼양동 출장마사지 | 송중동 송천동 중심 지역구성과 주변정보 | 한국미인테라피","서울 강북구 삼양동 출장마사지 지역은 송중동과 송천동 생활권 사이에서 주변 지역과 자연스럽게 연결됩니다. 지역 및 공원 시장 관공서 등 생활시설 인근의 생활 흐름을 지역 중심으로 정리했습니다."
"강북구\송중동\index.html","서울 강북구 송중동 출장마사지 | 미아동 우이동 가까운 지역과 생활권 정보 | 한국미인테라피","서울 강북구 송중동 출장마사지 지역정보는 미아동과 우이동 등 가까운 지역을 함께 볼 수 있도록 구성했습니다. 지역과 공원 시장 관공서 등 생활시설 주변의 생활권도 지역 흐름에 맞춰 정리했습니다."
"강북구\송천동\index.html","서울 강북구 송천동 출장마사지 | 삼양동 지역 우이동 주변 생활권 한눈에 보기 | 한국미인테라피","서울 강북구 송천동 출장마사지 지역의 위치 특성을 삼양동과 우이동 생활권을 기준으로 살펴볼 수 있습니다. 지역에서 공원 시장 관공서 등 생활시설 주변으로 이어지는 인접 지역도 함께 담았습니다."
"강북구\수유동\index.html","서울 강북구 수유동 출장마사지 | 우이동 송중동 주요 생활지역과 위치정보 | 한국미인테라피","서울 강북구 수유동 출장마사지 지역정보는 우이동과 송중동 사이의 위치 관계를 중심으로 구성했습니다. 생활지역과 공원 시장 관공서 등 생활시설 등 가까운 생활지역의 흐름도 함께 확인할 수 있습니다."
"강북구\우이동\index.html","서울 강북구 우이동 출장마사지 | 삼각산동 미아동 주요 생활지역과 위치정보 | 한국미인테라피","서울 강북구 우이동 출장마사지 지역정보는 삼각산동과 미아동 사이의 위치 관계를 중심으로 구성했습니다. 생활지역과 공원 시장 관공서 등 생활시설 등 가까운 생활지역의 흐름도 함께 확인할 수 있습니다."
"강북구\인수동\index.html","서울 강북구 인수동 출장마사지 | 수유동 지역 번동 주변 지역정보와 생활범위 | 한국미인테라피","서울 강북구 인수동 출장마사지 지역정보를 수유동과 번동 주변부터 차례로 정리했습니다. 지역과 공원 시장 관공서 등 생활시설 같은 생활거점을 기준으로 인접 지역의 구성을 함께 살펴볼 수 있습니다."
"강서구\index.html","서울 강서구 출장마사지 | 가양동 주변지역 염창동 중심 생활권과 주변지역 | 한국미인테라피","서울 강서구 출장마사지 지역정보를 가양동과 염창동 주변 생활권을 중심으로 정리했습니다. 주변지역과 공원 시장 관공서 등 생활시설까지 이어지는 위치 흐름을 함께 살펴볼 수 있습니다."
"강서구\가양동\index.html","서울 강서구 가양동 출장마사지 | 발산동 가능지역 화곡본동 주변 지역정보와 생활범위 | 한국미인테라피","서울 강서구 가양동 출장마사지 지역정보를 발산동과 화곡본동 주변부터 차례로 정리했습니다. 가능지역과 공원 시장 관공서 등 생활시설 같은 생활거점을 기준으로 인접 지역의 구성을 함께 살펴볼 수 있습니다."
"강서구\공항동\index.html","서울 강서구 공항동 출장마사지 | 방화동 지역 가양동 주변 생활권 한눈에 보기 | 한국미인테라피","서울 강서구 공항동 출장마사지 지역의 위치 특성을 방화동과 가양동 생활권을 기준으로 살펴볼 수 있습니다. 지역에서 공원 시장 관공서 등 생활시설 주변으로 이어지는 인접 지역도 함께 담았습니다."
"강서구\등촌동\index.html","서울 강서구 등촌동 출장마사지 | 화곡동 가양동 주변지역과 생활권 흐름 | 한국미인테라피","서울 강서구 등촌동 출장마사지 지역정보를 화곡동과 가양동 인근의 생활지역 중심으로 정리했습니다. 주변지역과 공원 시장 관공서 등 생활시설 주변을 포함해 가까운 지역의 위치 흐름을 확인할 수 있습니다."
"강서구\발산동\index.html","서울 강서구 발산동 출장마사지 | 우장산동 가양동 인근 지역 흐름과 생활권 | 한국미인테라피","서울 강서구 발산동 출장마사지 지역을 살펴보면 우장산동과 가양동 방향으로 생활권이 이어집니다. 지역 주변과 공원 시장 관공서 등 생활시설 인근까지 포함해 지역의 연결 관계를 담았습니다."
"강서구\방화동\index.html","서울 강서구 방화동 출장마사지 | 화곡동 발산동 주변지역과 생활권 흐름 | 한국미인테라피","서울 강서구 방화동 출장마사지 지역정보를 화곡동과 발산동 인근의 생활지역 중심으로 정리했습니다. 주변지역과 공원 시장 관공서 등 생활시설 주변을 포함해 가까운 지역의 위치 흐름을 확인할 수 있습니다."
"강서구\염창동\index.html","서울 강서구 염창동 출장마사지 | 등촌동 공항동 주요 생활지역과 위치정보 | 한국미인테라피","서울 강서구 염창동 출장마사지 지역정보는 등촌동과 공항동 사이의 위치 관계를 중심으로 구성했습니다. 생활지역과 공원 시장 관공서 등 생활시설 등 가까운 생활지역의 흐름도 함께 확인할 수 있습니다."
"강서구\우장산동\index.html","서울 강서구 우장산동 출장마사지 | 화곡동 등촌동 주변지역과 생활권 흐름 | 한국미인테라피","서울 강서구 우장산동 출장마사지 지역정보를 화곡동과 등촌동 인근의 생활지역 중심으로 정리했습니다. 주변지역과 공원 시장 관공서 등 생활시설 주변을 포함해 가까운 지역의 위치 흐름을 확인할 수 있습니다."
"강서구\화곡동\index.html","서울 강서구 화곡동 출장마사지 | 우장산동 방화동 주변지역과 생활권 흐름 | 한국미인테라피","서울 강서구 화곡동 출장마사지 지역정보를 우장산동과 방화동 인근의 생활지역 중심으로 정리했습니다. 주변지역과 공원 시장 관공서 등 생활시설 주변을 포함해 가까운 지역의 위치 흐름을 확인할 수 있습니다."
"강서구\화곡본동\index.html","서울 강서구 화곡본동 출장마사지 | 우장산동 발산동 주요 생활지역과 위치정보 | 한국미인테라피","서울 강서구 화곡본동 출장마사지 지역정보는 우장산동과 발산동 사이의 위치 관계를 중심으로 구성했습니다. 생활지역과 공원 시장 관공서 등 생활시설 등 가까운 생활지역의 흐름도 함께 확인할 수 있습니다."
"강화군\index.html","인천 강화군 출장마사지 | 길상면 이용지역 내가면 중심 생활권과 주변지역 | 한국미인테라피","인천 강화군 출장마사지 지역정보를 길상면과 내가면 주변 생활권을 중심으로 정리했습니다. 이용지역과 공원 시장 관공서 등 생활시설까지 이어지는 위치 흐름을 함께 살펴볼 수 있습니다."
"강화군\강화읍\index.html","인천 강화군 강화읍 출장마사지 | 하점면 선원면 주변지역과 생활권 흐름 | 한국미인테라피","인천 강화군 강화읍 출장마사지 지역정보를 하점면과 선원면 인근의 생활지역 중심으로 정리했습니다. 주변지역과 공원 시장 관공서 등 생활시설 주변을 포함해 가까운 지역의 위치 흐름을 확인할 수 있습니다."
"강화군\교동면\index.html","인천 강화군 교동면 출장마사지 | 서도면 불은면 인접지역과 주요 생활권 | 한국미인테라피","인천 강화군 교동면 출장마사지 지역은 서도면과 불은면 방향의 생활권이 서로 이어지는 특징이 있습니다. 지역과 공원 시장 관공서 등 생활시설 주변 지역까지 함께 살펴보기 쉽게 구성했습니다."
"강화군\길상면\index.html","인천 강화군 길상면 출장마사지 | 교동면 서도면 인근 지역 흐름과 생활권 | 한국미인테라피","인천 강화군 길상면 출장마사지 지역을 살펴보면 교동면과 서도면 방향으로 생활권이 이어집니다. 지역 주변과 공원 시장 관공서 등 생활시설 인근까지 포함해 지역의 연결 관계를 담았습니다."
"강화군\내가면\index.html","인천 강화군 내가면 출장마사지 | 삼산면 선원면 이어지는 지역과 생활권 안내 | 한국미인테라피","인천 강화군 내가면 출장마사지 지역정보를 기준으로 삼산면과 선원면 방향의 주변 생활권을 담았습니다. 지역과 공원 시장 관공서 등 생활시설를 포함한 인근 지역의 위치 관계를 살펴볼 수 있습니다."
"강화군\불은면\index.html","인천 강화군 불은면 출장마사지 | 삼산면 길상면 이어지는 지역과 생활권 안내 | 한국미인테라피","인천 강화군 불은면 출장마사지 지역정보를 기준으로 삼산면과 길상면 방향의 주변 생활권을 담았습니다. 지역과 공원 시장 관공서 등 생활시설를 포함한 인근 지역의 위치 관계를 살펴볼 수 있습니다."
"강화군\삼산면\index.html","인천 강화군 삼산면 출장마사지 | 양도면 불은면 가까운 지역과 생활권 정보 | 한국미인테라피","인천 강화군 삼산면 출장마사지 지역정보는 양도면과 불은면 등 가까운 지역을 함께 볼 수 있도록 구성했습니다. 지역과 공원 시장 관공서 등 생활시설 주변의 생활권도 지역 흐름에 맞춰 정리했습니다."
"강화군\서도면\index.html","인천 강화군 서도면 출장마사지 | 강화읍 이용지역 양도면 중심 생활권과 주변지역 | 한국미인테라피","인천 강화군 서도면 출장마사지 지역정보를 강화읍과 양도면 주변 생활권을 중심으로 정리했습니다. 이용지역과 공원 시장 관공서 등 생활시설까지 이어지는 위치 흐름을 함께 살펴볼 수 있습니다."
"강화군\선원면\index.html","인천 강화군 선원면 출장마사지 | 양도면 강화읍 가까운 지역과 생활권 정보 | 한국미인테라피","인천 강화군 선원면 출장마사지 지역정보는 양도면과 강화읍 등 가까운 지역을 함께 볼 수 있도록 구성했습니다. 지역과 공원 시장 관공서 등 생활시설 주변의 생활권도 지역 흐름에 맞춰 정리했습니다."
"강화군\송해면\index.html","인천 강화군 송해면 출장마사지 | 양사면 지역 서도면 지역 연결성과 주변 생활권 | 한국미인테라피","인천 강화군 송해면 출장마사지 지역을 양사면과 서도면 인근 생활권으로 나누어 살펴봅니다. 지역에서 공원 시장 관공서 등 생활시설 주변까지 이어지는 주요 지역을 함께 정리했습니다."
"강화군\양도면\index.html","인천 강화군 양도면 출장마사지 | 교동면 서도면 인근 지역 흐름과 생활권 | 한국미인테라피","인천 강화군 양도면 출장마사지 지역을 살펴보면 교동면과 서도면 방향으로 생활권이 이어집니다. 지역 주변과 공원 시장 관공서 등 생활시설 인근까지 포함해 지역의 연결 관계를 담았습니다."
"강화군\양사면\index.html","인천 강화군 양사면 출장마사지 | 삼산면 길상면 인접지역과 주요 생활권 | 한국미인테라피","인천 강화군 양사면 출장마사지 지역은 삼산면과 길상면 방향의 생활권이 서로 이어지는 특징이 있습니다. 지역과 공원 시장 관공서 등 생활시설 주변 지역까지 함께 살펴보기 쉽게 구성했습니다."
"강화군\하점면\index.html","인천 강화군 하점면 출장마사지 | 송해면 선원면 가까운 지역과 생활권 정보 | 한국미인테라피","인천 강화군 하점면 출장마사지 지역정보는 송해면과 선원면 등 가까운 지역을 함께 볼 수 있도록 구성했습니다. 지역과 공원 시장 관공서 등 생활시설 주변의 생활권도 지역 흐름에 맞춰 정리했습니다."
"강화군\화도면\index.html","인천 강화군 화도면 출장마사지 | 송해면 길상면 가까운 지역과 생활권 정보 | 한국미인테라피","인천 강화군 화도면 출장마사지 지역정보는 송해면과 길상면 등 가까운 지역을 함께 볼 수 있도록 구성했습니다. 지역과 공원 시장 관공서 등 생활시설 주변의 생활권도 지역 흐름에 맞춰 정리했습니다."
"검단구\index.html","인천 검단구 출장마사지 | 원당동 마전동 중심 지역구성과 주변정보 | 한국미인테라피","인천 검단구 출장마사지 지역은 원당동과 마전동 생활권 사이에서 주변 지역과 자연스럽게 연결됩니다. 지역 및 공원 시장 관공서 등 생활시설 인근의 생활 흐름을 지역 중심으로 정리했습니다."
"검단구\검단동\index.html","인천 검단구 검단동 출장마사지 | 당하동 이용지역 불로동 중심 생활권과 주변지역 | 한국미인테라피","인천 검단구 검단동 출장마사지 지역정보를 당하동과 불로동 주변 생활권을 중심으로 정리했습니다. 이용지역과 공원 시장 관공서 등 생활시설까지 이어지는 위치 흐름을 함께 살펴볼 수 있습니다."
"검단구\당하동\index.html","인천 검단구 당하동 출장마사지 | 대곡동 지역 오류동 지역 연결성과 주변 생활권 | 한국미인테라피","인천 검단구 당하동 출장마사지 지역을 대곡동과 오류동 인근 생활권으로 나누어 살펴봅니다. 지역에서 공원 시장 관공서 등 생활시설 주변까지 이어지는 주요 지역을 함께 정리했습니다."
"검단구\대곡동\index.html","인천 검단구 대곡동 출장마사지 | 당하동 왕길동 인근 지역 흐름과 생활권 | 한국미인테라피","인천 검단구 대곡동 출장마사지 지역을 살펴보면 당하동과 왕길동 방향으로 생활권이 이어집니다. 지역 주변과 공원 시장 관공서 등 생활시설 인근까지 포함해 지역의 연결 관계를 담았습니다."
"검단구\마전동\index.html","인천 검단구 마전동 출장마사지 | 아라동 오류동 가까운 지역과 생활권 정보 | 한국미인테라피","인천 검단구 마전동 출장마사지 지역정보는 아라동과 오류동 등 가까운 지역을 함께 볼 수 있도록 구성했습니다. 지역과 공원 시장 관공서 등 생활시설 주변의 생활권도 지역 흐름에 맞춰 정리했습니다."
"검단구\불로동\index.html","인천 검단구 불로동 출장마사지 | 아라동 당하동 가까운 지역과 생활권 정보 | 한국미인테라피","인천 검단구 불로동 출장마사지 지역정보는 아라동과 당하동 등 가까운 지역을 함께 볼 수 있도록 구성했습니다. 지역과 공원 시장 관공서 등 생활시설 주변의 생활권도 지역 흐름에 맞춰 정리했습니다."
"검단구\아라동\index.html","인천 검단구 아라동 출장마사지 | 검단동 이용지역 불로동 중심 생활권과 주변지역 | 한국미인테라피","인천 검단구 아라동 출장마사지 지역정보를 검단동과 불로동 주변 생활권을 중심으로 정리했습니다. 이용지역과 공원 시장 관공서 등 생활시설까지 이어지는 위치 흐름을 함께 살펴볼 수 있습니다."
"검단구\오류동\index.html","인천 검단구 오류동 출장마사지 | 불로동 검단동 이어지는 지역과 생활권 안내 | 한국미인테라피","인천 검단구 오류동 출장마사지 지역정보를 기준으로 불로동과 검단동 방향의 주변 생활권을 담았습니다. 지역과 공원 시장 관공서 등 생활시설를 포함한 인근 지역의 위치 관계를 살펴볼 수 있습니다."
"검단구\왕길동\index.html","인천 검단구 왕길동 출장마사지 | 아라동 대곡동 인근 지역 흐름과 생활권 | 한국미인테라피","인천 검단구 왕길동 출장마사지 지역을 살펴보면 아라동과 대곡동 방향으로 생활권이 이어집니다. 지역 주변과 공원 시장 관공서 등 생활시설 인근까지 포함해 지역의 연결 관계를 담았습니다."
"검단구\원당동\index.html","인천 검단구 원당동 출장마사지 | 당하동 지역 대곡동 지역 연결성과 주변 생활권 | 한국미인테라피","인천 검단구 원당동 출장마사지 지역을 당하동과 대곡동 인근 생활권으로 나누어 살펴봅니다. 지역에서 공원 시장 관공서 등 생활시설 주변까지 이어지는 주요 지역을 함께 정리했습니다."
"경기\index.html","경기 출장마사지 | 경기 인접지역 가까운 지역과 생활권 정보 | 한국미인테라피","경기 출장마사지 지역정보는 경기과 인접지역 등 가까운 지역을 함께 볼 수 있도록 구성했습니다. 인접지역과 공원 시장 관공서 등 생활시설 주변의 생활권도 지역 흐름에 맞춰 정리했습니다."
"계양구\index.html","인천 계양구 출장마사지 | 서운동 작전동 가까운 지역과 생활권 정보 | 한국미인테라피","인천 계양구 출장마사지 지역정보는 서운동과 작전동 등 가까운 지역을 함께 볼 수 있도록 구성했습니다. 지역과 공원 시장 관공서 등 생활시설 주변의 생활권도 지역 흐름에 맞춰 정리했습니다."
"계양구\계산동\index.html","인천 계양구 계산동 출장마사지 | 서운동 계양동 인접지역과 주요 생활권 | 한국미인테라피","인천 계양구 계산동 출장마사지 지역은 서운동과 계양동 방향의 생활권이 서로 이어지는 특징이 있습니다. 지역과 공원 시장 관공서 등 생활시설 주변 지역까지 함께 살펴보기 쉽게 구성했습니다."
"계양구\계양동\index.html","인천 계양구 계양동 출장마사지 | 작전동 가능지역 효성동 주변 지역정보와 생활범위 | 한국미인테라피","인천 계양구 계양동 출장마사지 지역정보를 작전동과 효성동 주변부터 차례로 정리했습니다. 가능지역과 공원 시장 관공서 등 생활시설 같은 생활거점을 기준으로 인접 지역의 구성을 함께 살펴볼 수 있습니다."
"계양구\서운동\index.html","인천 계양구 서운동 출장마사지 | 계양동 지역 작전동 지역 연결성과 주변 생활권 | 한국미인테라피","인천 계양구 서운동 출장마사지 지역을 계양동과 작전동 인근 생활권으로 나누어 살펴봅니다. 지역에서 공원 시장 관공서 등 생활시설 주변까지 이어지는 주요 지역을 함께 정리했습니다."
"계양구\작전동\index.html","인천 계양구 작전동 출장마사지 | 서운동 가능지역 효성동 주변 지역정보와 생활범위 | 한국미인테라피","인천 계양구 작전동 출장마사지 지역정보를 서운동과 효성동 주변부터 차례로 정리했습니다. 가능지역과 공원 시장 관공서 등 생활시설 같은 생활거점을 기준으로 인접 지역의 구성을 함께 살펴볼 수 있습니다."
"계양구\효성동\index.html","인천 계양구 효성동 출장마사지 | 서운동 계산동 주변지역과 생활권 흐름 | 한국미인테라피","인천 계양구 효성동 출장마사지 지역정보를 서운동과 계산동 인근의 생활지역 중심으로 정리했습니다. 주변지역과 공원 시장 관공서 등 생활시설 주변을 포함해 가까운 지역의 위치 흐름을 확인할 수 있습니다."
"고양덕양구\index.html","고양 덕양구 출장마사지 | 원신동 가능지역 행신동 주변 지역정보와 생활범위 | 한국미인테라피","고양 덕양구 출장마사지 지역정보를 원신동과 행신동 주변부터 차례로 정리했습니다. 가능지역과 공원 시장 관공서 등 생활시설 같은 생활거점을 기준으로 인접 지역의 구성을 함께 살펴볼 수 있습니다."
"고양덕양구\고양동\index.html","고양 덕양구 고양동 출장마사지 | 대덕동 능곡동 가까운 지역과 생활권 정보 | 한국미인테라피","고양 덕양구 고양동 출장마사지 지역정보는 대덕동과 능곡동 등 가까운 지역을 함께 볼 수 있도록 구성했습니다. 지역과 공원 시장 관공서 등 생활시설 주변의 생활권도 지역 흐름에 맞춰 정리했습니다."
"고양덕양구\관산동\index.html","고양 덕양구 관산동 출장마사지 | 삼송동 지역 행신동 주변 생활권 한눈에 보기 | 한국미인테라피","고양 덕양구 관산동 출장마사지 지역의 위치 특성을 삼송동과 행신동 생활권을 기준으로 살펴볼 수 있습니다. 지역에서 공원 시장 관공서 등 생활시설 주변으로 이어지는 인접 지역도 함께 담았습니다."
"고양덕양구\능곡동\index.html","고양 덕양구 능곡동 출장마사지 | 삼송동 행주동 인근 지역 흐름과 생활권 | 한국미인테라피","고양 덕양구 능곡동 출장마사지 지역을 살펴보면 삼송동과 행주동 방향으로 생활권이 이어집니다. 지역 주변과 공원 시장 관공서 등 생활시설 인근까지 포함해 지역의 연결 관계를 담았습니다."
"고양덕양구\대덕동\index.html","고양 덕양구 대덕동 출장마사지 | 화전동 삼송동 이어지는 지역과 생활권 안내 | 한국미인테라피","고양 덕양구 대덕동 출장마사지 지역정보를 기준으로 화전동과 삼송동 방향의 주변 생활권을 담았습니다. 지역과 공원 시장 관공서 등 생활시설를 포함한 인근 지역의 위치 관계를 살펴볼 수 있습니다."
"고양덕양구\삼송동\index.html","고양 덕양구 삼송동 출장마사지 | 성사동 화정동 이어지는 지역과 생활권 안내 | 한국미인테라피","고양 덕양구 삼송동 출장마사지 지역정보를 기준으로 성사동과 화정동 방향의 주변 생활권을 담았습니다. 지역과 공원 시장 관공서 등 생활시설를 포함한 인근 지역의 위치 관계를 살펴볼 수 있습니다."
"고양덕양구\성사동\index.html","고양 덕양구 성사동 출장마사지 | 능곡동 화정동 가까운 지역과 생활권 정보 | 한국미인테라피","고양 덕양구 성사동 출장마사지 지역정보는 능곡동과 화정동 등 가까운 지역을 함께 볼 수 있도록 구성했습니다. 지역과 공원 시장 관공서 등 생활시설 주변의 생활권도 지역 흐름에 맞춰 정리했습니다."
"고양덕양구\원신동\index.html","고양 덕양구 원신동 출장마사지 | 대덕동 흥도동 생활권 중심 지역정보 | 한국미인테라피","고양 덕양구 원신동 출장마사지 지역은 대덕동에서 흥도동 방향으로 이어지는 생활권과 맞닿아 있습니다. 지역을 비롯해 공원 시장 관공서 등 생활시설 주변의 지역 특성을 함께 담았습니다."
"고양덕양구\주교동\index.html","고양 덕양구 주교동 출장마사지 | 행주동 창릉동 중심 지역구성과 주변정보 | 한국미인테라피","고양 덕양구 주교동 출장마사지 지역은 행주동과 창릉동 생활권 사이에서 주변 지역과 자연스럽게 연결됩니다. 지역 및 공원 시장 관공서 등 생활시설 인근의 생활 흐름을 지역 중심으로 정리했습니다."
"고양덕양구\창릉동\index.html","고양 덕양구 창릉동 출장마사지 | 행주동 삼송동 인근 지역 흐름과 생활권 | 한국미인테라피","고양 덕양구 창릉동 출장마사지 지역을 살펴보면 행주동과 삼송동 방향으로 생활권이 이어집니다. 지역 주변과 공원 시장 관공서 등 생활시설 인근까지 포함해 지역의 연결 관계를 담았습니다."
"고양덕양구\행신동\index.html","고양 덕양구 행신동 출장마사지 | 원신동 관산동 가까운 지역과 생활권 정보 | 한국미인테라피","고양 덕양구 행신동 출장마사지 지역정보는 원신동과 관산동 등 가까운 지역을 함께 볼 수 있도록 구성했습니다. 지역과 공원 시장 관공서 등 생활시설 주변의 생활권도 지역 흐름에 맞춰 정리했습니다."
"고양덕양구\행주동\index.html","고양 덕양구 행주동 출장마사지 | 능곡동 주변지역 관산동 중심 생활권과 주변지역 | 한국미인테라피","고양 덕양구 행주동 출장마사지 지역정보를 능곡동과 관산동 주변 생활권을 중심으로 정리했습니다. 주변지역과 공원 시장 관공서 등 생활시설까지 이어지는 위치 흐름을 함께 살펴볼 수 있습니다."
"고양덕양구\화전동\index.html","고양 덕양구 화전동 출장마사지 | 흥도동 지역 원신동 주변 생활권 한눈에 보기 | 한국미인테라피","고양 덕양구 화전동 출장마사지 지역의 위치 특성을 흥도동과 원신동 생활권을 기준으로 살펴볼 수 있습니다. 지역에서 공원 시장 관공서 등 생활시설 주변으로 이어지는 인접 지역도 함께 담았습니다."
"고양덕양구\화정동\index.html","고양 덕양구 화정동 출장마사지 | 능곡동 흥도동 가까운 지역과 생활권 정보 | 한국미인테라피","고양 덕양구 화정동 출장마사지 지역정보는 능곡동과 흥도동 등 가까운 지역을 함께 볼 수 있도록 구성했습니다. 지역과 공원 시장 관공서 등 생활시설 주변의 생활권도 지역 흐름에 맞춰 정리했습니다."
"고양덕양구\효자동\index.html","고양 덕양구 효자동 출장마사지 | 행신동 행주동 생활권 중심 지역정보 | 한국미인테라피","고양 덕양구 효자동 출장마사지 지역은 행신동에서 행주동 방향으로 이어지는 생활권과 맞닿아 있습니다. 지역을 비롯해 공원 시장 관공서 등 생활시설 주변의 지역 특성을 함께 담았습니다."
"고양덕양구\흥도동\index.html","고양 덕양구 흥도동 출장마사지 | 능곡동 이용지역 화정동 중심 생활권과 주변지역 | 한국미인테라피","고양 덕양구 흥도동 출장마사지 지역정보를 능곡동과 화정동 주변 생활권을 중심으로 정리했습니다. 이용지역과 공원 시장 관공서 등 생활시설까지 이어지는 위치 흐름을 함께 살펴볼 수 있습니다."
"고양시\index.html","고양 출장마사지 | 고양시 인접지역 이어지는 지역과 생활권 안내 | 한국미인테라피","고양 출장마사지 지역정보를 기준으로 고양시과 인접지역 방향의 주변 생활권을 담았습니다. 인접지역과 공원 시장 관공서 등 생활시설를 포함한 인근 지역의 위치 관계를 살펴볼 수 있습니다."
"고양일산동구\index.html","고양 일산동구 출장마사지 | 마두동 식사동 인근 지역 흐름과 생활권 | 한국미인테라피","고양 일산동구 출장마사지 지역을 살펴보면 마두동과 식사동 방향으로 생활권이 이어집니다. 지역 주변과 공원 시장 관공서 등 생활시설 인근까지 포함해 지역의 연결 관계를 담았습니다."
"고양일산동구\고봉동\index.html","고양 일산동구 고봉동 출장마사지 | 백석동 지역 중산동 주변 생활권 한눈에 보기 | 한국미인테라피","고양 일산동구 고봉동 출장마사지 지역의 위치 특성을 백석동과 중산동 생활권을 기준으로 살펴볼 수 있습니다. 지역에서 공원 시장 관공서 등 생활시설 주변으로 이어지는 인접 지역도 함께 담았습니다."
"고양일산동구\마두동\index.html","고양 일산동구 마두동 출장마사지 | 백석동 지역 식사동 주변 지역정보와 생활범위 | 한국미인테라피","고양 일산동구 마두동 출장마사지 지역정보를 백석동과 식사동 주변부터 차례로 정리했습니다. 지역과 공원 시장 관공서 등 생활시설 같은 생활거점을 기준으로 인접 지역의 구성을 함께 살펴볼 수 있습니다."
"고양일산동구\백석동\index.html","고양 일산동구 백석동 출장마사지 | 장항동 주변지역 정발산동 중심 생활권과 주변지역 | 한국미인테라피","고양 일산동구 백석동 출장마사지 지역정보를 장항동과 정발산동 주변 생활권을 중심으로 정리했습니다. 주변지역과 공원 시장 관공서 등 생활시설까지 이어지는 위치 흐름을 함께 살펴볼 수 있습니다."
"고양일산동구\식사동\index.html","고양 일산동구 식사동 출장마사지 | 백석동 마두동 중심 지역구성과 주변정보 | 한국미인테라피","고양 일산동구 식사동 출장마사지 지역은 백석동과 마두동 생활권 사이에서 주변 지역과 자연스럽게 연결됩니다. 지역 및 공원 시장 관공서 등 생활시설 인근의 생활 흐름을 지역 중심으로 정리했습니다."
"고양일산동구\장항동\index.html","고양 일산동구 장항동 출장마사지 | 마두동 정발산동 가까운 지역과 생활권 정보 | 한국미인테라피","고양 일산동구 장항동 출장마사지 지역정보는 마두동과 정발산동 등 가까운 지역을 함께 볼 수 있도록 구성했습니다. 지역과 공원 시장 관공서 등 생활시설 주변의 생활권도 지역 흐름에 맞춰 정리했습니다."
"고양일산동구\정발산동\index.html","고양 일산동구 정발산동 출장마사지 | 마두동 식사동 생활권 중심 지역정보 | 한국미인테라피","고양 일산동구 정발산동 출장마사지 지역은 마두동에서 식사동 방향으로 이어지는 생활권과 맞닿아 있습니다. 지역을 비롯해 공원 시장 관공서 등 생활시설 주변의 지역 특성을 함께 담았습니다."
"고양일산동구\중산동\index.html","고양 일산동구 중산동 출장마사지 | 정발산동 고봉동 생활권 중심 지역정보 | 한국미인테라피","고양 일산동구 중산동 출장마사지 지역은 정발산동에서 고봉동 방향으로 이어지는 생활권과 맞닿아 있습니다. 지역을 비롯해 공원 시장 관공서 등 생활시설 주변의 지역 특성을 함께 담았습니다."
"고양일산동구\풍산동\index.html","고양 일산동구 풍산동 출장마사지 | 정발산동 고봉동 생활권 중심 지역정보 | 한국미인테라피","고양 일산동구 풍산동 출장마사지 지역은 정발산동에서 고봉동 방향으로 이어지는 생활권과 맞닿아 있습니다. 지역을 비롯해 공원 시장 관공서 등 생활시설 주변의 지역 특성을 함께 담았습니다."
"고양일산서구\index.html","고양 일산서구 출장마사지 | 대화동 주변지역 덕이동 중심 생활권과 주변지역 | 한국미인테라피","고양 일산서구 출장마사지 지역정보를 대화동과 덕이동 주변 생활권을 중심으로 정리했습니다. 주변지역과 공원 시장 관공서 등 생활시설까지 이어지는 위치 흐름을 함께 살펴볼 수 있습니다."
"고양일산서구\가좌동\index.html","고양 일산서구 가좌동 출장마사지 | 덕이동 주엽동 인근 지역 흐름과 생활권 | 한국미인테라피","고양 일산서구 가좌동 출장마사지 지역을 살펴보면 덕이동과 주엽동 방향으로 생활권이 이어집니다. 지역 주변과 공원 시장 관공서 등 생활시설 인근까지 포함해 지역의 연결 관계를 담았습니다."
"고양일산서구\대화동\index.html","고양 일산서구 대화동 출장마사지 | 탄현동 송포동 인접지역과 주요 생활권 | 한국미인테라피","고양 일산서구 대화동 출장마사지 지역은 탄현동과 송포동 방향의 생활권이 서로 이어지는 특징이 있습니다. 지역과 공원 시장 관공서 등 생활시설 주변 지역까지 함께 살펴보기 쉽게 구성했습니다."
"고양일산서구\덕이동\index.html","고양 일산서구 덕이동 출장마사지 | 송포동 대화동 주요 생활지역과 위치정보 | 한국미인테라피","고양 일산서구 덕이동 출장마사지 지역정보는 송포동과 대화동 사이의 위치 관계를 중심으로 구성했습니다. 생활지역과 공원 시장 관공서 등 생활시설 등 가까운 생활지역의 흐름도 함께 확인할 수 있습니다."
"고양일산서구\송포동\index.html","고양 일산서구 송포동 출장마사지 | 덕이동 주엽동 주요 생활지역과 위치정보 | 한국미인테라피","고양 일산서구 송포동 출장마사지 지역정보는 덕이동과 주엽동 사이의 위치 관계를 중심으로 구성했습니다. 생활지역과 공원 시장 관공서 등 생활시설 등 가까운 생활지역의 흐름도 함께 확인할 수 있습니다."
"고양일산서구\일산동\index.html","고양 일산서구 일산동 출장마사지 | 송포동 지역 탄현동 지역 연결성과 주변 생활권 | 한국미인테라피","고양 일산서구 일산동 출장마사지 지역을 송포동과 탄현동 인근 생활권으로 나누어 살펴봅니다. 지역에서 공원 시장 관공서 등 생활시설 주변까지 이어지는 주요 지역을 함께 정리했습니다."
"고양일산서구\주엽동\index.html","고양 일산서구 주엽동 출장마사지 | 일산동 대화동 주변지역과 생활권 흐름 | 한국미인테라피","고양 일산서구 주엽동 출장마사지 지역정보를 일산동과 대화동 인근의 생활지역 중심으로 정리했습니다. 주변지역과 공원 시장 관공서 등 생활시설 주변을 포함해 가까운 지역의 위치 흐름을 확인할 수 있습니다."
"고양일산서구\탄현동\index.html","고양 일산서구 탄현동 출장마사지 | 송포동 지역 가좌동 지역 연결성과 주변 생활권 | 한국미인테라피","고양 일산서구 탄현동 출장마사지 지역을 송포동과 가좌동 인근 생활권으로 나누어 살펴봅니다. 지역에서 공원 시장 관공서 등 생활시설 주변까지 이어지는 주요 지역을 함께 정리했습니다."
"과천시\index.html","과천 출장마사지 | 과천동 갈현동 중심 지역구성과 주변정보 | 한국미인테라피","과천 출장마사지 지역은 과천동과 갈현동 생활권 사이에서 주변 지역과 자연스럽게 연결됩니다. 지역 및 공원 시장 관공서 등 생활시설 인근의 생활 흐름을 지역 중심으로 정리했습니다."
"과천시\갈현동\index.html","과천 갈현동 출장마사지 | 과천동 주변지역 문원동 중심 생활권과 주변지역 | 한국미인테라피","과천 갈현동 출장마사지 지역정보를 과천동과 문원동 주변 생활권을 중심으로 정리했습니다. 주변지역과 공원 시장 관공서 등 생활시설까지 이어지는 위치 흐름을 함께 살펴볼 수 있습니다."
"과천시\과천동\index.html","과천 과천동 출장마사지 | 별양동 원문동 가까운 지역과 생활권 정보 | 한국미인테라피","과천 과천동 출장마사지 지역정보는 별양동과 원문동 등 가까운 지역을 함께 볼 수 있도록 구성했습니다. 지역과 공원 시장 관공서 등 생활시설 주변의 생활권도 지역 흐름에 맞춰 정리했습니다."
"과천시\문원동\index.html","과천 문원동 출장마사지 | 별양동 원문동 가까운 지역과 생활권 정보 | 한국미인테라피","과천 문원동 출장마사지 지역정보는 별양동과 원문동 등 가까운 지역을 함께 볼 수 있도록 구성했습니다. 지역과 공원 시장 관공서 등 생활시설 주변의 생활권도 지역 흐름에 맞춰 정리했습니다."
"과천시\별양동\index.html","과천 별양동 출장마사지 | 과천동 중앙동 인근 지역 흐름과 생활권 | 한국미인테라피","과천 별양동 출장마사지 지역을 살펴보면 과천동과 중앙동 방향으로 생활권이 이어집니다. 지역 주변과 공원 시장 관공서 등 생활시설 인근까지 포함해 지역의 연결 관계를 담았습니다."
"과천시\부림동\index.html","과천 부림동 출장마사지 | 원문동 과천동 이어지는 지역과 생활권 안내 | 한국미인테라피","과천 부림동 출장마사지 지역정보를 기준으로 원문동과 과천동 방향의 주변 생활권을 담았습니다. 지역과 공원 시장 관공서 등 생활시설를 포함한 인근 지역의 위치 관계를 살펴볼 수 있습니다."
"과천시\원문동\index.html","과천 원문동 출장마사지 | 문원동 부림동 가까운 지역과 생활권 정보 | 한국미인테라피","과천 원문동 출장마사지 지역정보는 문원동과 부림동 등 가까운 지역을 함께 볼 수 있도록 구성했습니다. 지역과 공원 시장 관공서 등 생활시설 주변의 생활권도 지역 흐름에 맞춰 정리했습니다."
"과천시\중앙동\index.html","과천 중앙동 출장마사지 | 부림동 갈현동 주변지역과 생활권 흐름 | 한국미인테라피","과천 중앙동 출장마사지 지역정보를 부림동과 갈현동 인근의 생활지역 중심으로 정리했습니다. 주변지역과 공원 시장 관공서 등 생활시설 주변을 포함해 가까운 지역의 위치 흐름을 확인할 수 있습니다."
"관악구\index.html","서울 관악구 출장마사지 | 조원동 신사동 이어지는 지역과 생활권 안내 | 한국미인테라피","서울 관악구 출장마사지 지역정보를 기준으로 조원동과 신사동 방향의 주변 생활권을 담았습니다. 지역과 공원 시장 관공서 등 생활시설를 포함한 인근 지역의 위치 관계를 살펴볼 수 있습니다."
"관악구\낙성대동\index.html","서울 관악구 낙성대동 출장마사지 | 행운동 지역 보라매동 주변 생활권 한눈에 보기 | 한국미인테라피","서울 관악구 낙성대동 출장마사지 지역의 위치 특성을 행운동과 보라매동 생활권을 기준으로 살펴볼 수 있습니다. 지역에서 공원 시장 관공서 등 생활시설 주변으로 이어지는 인접 지역도 함께 담았습니다."
"관악구\난곡동\index.html","서울 관악구 난곡동 출장마사지 | 청림동 가능지역 청룡동 주변 지역정보와 생활범위 | 한국미인테라피","서울 관악구 난곡동 출장마사지 지역정보를 청림동과 청룡동 주변부터 차례로 정리했습니다. 가능지역과 공원 시장 관공서 등 생활시설 같은 생활거점을 기준으로 인접 지역의 구성을 함께 살펴볼 수 있습니다."
"관악구\난향동\index.html","서울 관악구 난향동 출장마사지 | 인헌동 행운동 주요 생활지역과 위치정보 | 한국미인테라피","서울 관악구 난향동 출장마사지 지역정보는 인헌동과 행운동 사이의 위치 관계를 중심으로 구성했습니다. 생활지역과 공원 시장 관공서 등 생활시설 등 가까운 생활지역의 흐름도 함께 확인할 수 있습니다."
"관악구\남현동\index.html","서울 관악구 남현동 출장마사지 | 난곡동 청림동 인근 지역 흐름과 생활권 | 한국미인테라피","서울 관악구 남현동 출장마사지 지역을 살펴보면 난곡동과 청림동 방향으로 생활권이 이어집니다. 지역 주변과 공원 시장 관공서 등 생활시설 인근까지 포함해 지역의 연결 관계를 담았습니다."
"관악구\대학동\index.html","서울 관악구 대학동 출장마사지 | 신림동 행운동 주변지역과 생활권 흐름 | 한국미인테라피","서울 관악구 대학동 출장마사지 지역정보를 신림동과 행운동 인근의 생활지역 중심으로 정리했습니다. 주변지역과 공원 시장 관공서 등 생활시설 주변을 포함해 가까운 지역의 위치 흐름을 확인할 수 있습니다."
"관악구\미성동\index.html","서울 관악구 미성동 출장마사지 | 삼성동 낙성대동 주요 생활지역과 위치정보 | 한국미인테라피","서울 관악구 미성동 출장마사지 지역정보는 삼성동과 낙성대동 사이의 위치 관계를 중심으로 구성했습니다. 생활지역과 공원 시장 관공서 등 생활시설 등 가까운 생활지역의 흐름도 함께 확인할 수 있습니다."
"관악구\보라매동\index.html","서울 관악구 보라매동 출장마사지 | 난곡동 지역 청룡동 지역 연결성과 주변 생활권 | 한국미인테라피","서울 관악구 보라매동 출장마사지 지역을 난곡동과 청룡동 인근 생활권으로 나누어 살펴봅니다. 지역에서 공원 시장 관공서 등 생활시설 주변까지 이어지는 주요 지역을 함께 정리했습니다."
"관악구\삼성동\index.html","서울 관악구 삼성동 출장마사지 | 보라매동 대학동 주변지역과 생활권 흐름 | 한국미인테라피","서울 관악구 삼성동 출장마사지 지역정보를 보라매동과 대학동 인근의 생활지역 중심으로 정리했습니다. 주변지역과 공원 시장 관공서 등 생활시설 주변을 포함해 가까운 지역의 위치 흐름을 확인할 수 있습니다."
"관악구\서림동\index.html","서울 관악구 서림동 출장마사지 | 은천동 지역 남현동 지역 연결성과 주변 생활권 | 한국미인테라피","서울 관악구 서림동 출장마사지 지역을 은천동과 남현동 인근 생활권으로 나누어 살펴봅니다. 지역에서 공원 시장 관공서 등 생활시설 주변까지 이어지는 주요 지역을 함께 정리했습니다."
"관악구\서원동\index.html","서울 관악구 서원동 출장마사지 | 난곡동 지역 조원동 지역 연결성과 주변 생활권 | 한국미인테라피","서울 관악구 서원동 출장마사지 지역을 난곡동과 조원동 인근 생활권으로 나누어 살펴봅니다. 지역에서 공원 시장 관공서 등 생활시설 주변까지 이어지는 주요 지역을 함께 정리했습니다."
"관악구\성현동\index.html","서울 관악구 성현동 출장마사지 | 인헌동 삼성동 주변지역과 생활권 흐름 | 한국미인테라피","서울 관악구 성현동 출장마사지 지역정보를 인헌동과 삼성동 인근의 생활지역 중심으로 정리했습니다. 주변지역과 공원 시장 관공서 등 생활시설 주변을 포함해 가까운 지역의 위치 흐름을 확인할 수 있습니다."
"관악구\신림동\index.html","서울 관악구 신림동 출장마사지 | 미성동 신사동 인접지역과 주요 생활권 | 한국미인테라피","서울 관악구 신림동 출장마사지 지역은 미성동과 신사동 방향의 생활권이 서로 이어지는 특징이 있습니다. 지역과 공원 시장 관공서 등 생활시설 주변 지역까지 함께 살펴보기 쉽게 구성했습니다."
"관악구\신사동\index.html","서울 관악구 신사동 출장마사지 | 난곡동 중앙동 인접지역과 주요 생활권 | 한국미인테라피","서울 관악구 신사동 출장마사지 지역은 난곡동과 중앙동 방향의 생활권이 서로 이어지는 특징이 있습니다. 지역과 공원 시장 관공서 등 생활시설 주변 지역까지 함께 살펴보기 쉽게 구성했습니다."
"관악구\신원동\index.html","서울 관악구 신원동 출장마사지 | 은천동 남현동 인접지역과 주요 생활권 | 한국미인테라피","서울 관악구 신원동 출장마사지 지역은 은천동과 남현동 방향의 생활권이 서로 이어지는 특징이 있습니다. 지역과 공원 시장 관공서 등 생활시설 주변 지역까지 함께 살펴보기 쉽게 구성했습니다."
"관악구\은천동\index.html","서울 관악구 은천동 출장마사지 | 청룡동 서림동 인접지역과 주요 생활권 | 한국미인테라피","서울 관악구 은천동 출장마사지 지역은 청룡동과 서림동 방향의 생활권이 서로 이어지는 특징이 있습니다. 지역과 공원 시장 관공서 등 생활시설 주변 지역까지 함께 살펴보기 쉽게 구성했습니다."
"관악구\인헌동\index.html","서울 관악구 인헌동 출장마사지 | 미성동 신림동 인근 지역 흐름과 생활권 | 한국미인테라피","서울 관악구 인헌동 출장마사지 지역을 살펴보면 미성동과 신림동 방향으로 생활권이 이어집니다. 지역 주변과 공원 시장 관공서 등 생활시설 인근까지 포함해 지역의 연결 관계를 담았습니다."
"관악구\조원동\index.html","서울 관악구 조원동 출장마사지 | 청룡동 보라매동 인근 지역 흐름과 생활권 | 한국미인테라피","서울 관악구 조원동 출장마사지 지역을 살펴보면 청룡동과 보라매동 방향으로 생활권이 이어집니다. 지역 주변과 공원 시장 관공서 등 생활시설 인근까지 포함해 지역의 연결 관계를 담았습니다."
"관악구\중앙동\index.html","서울 관악구 중앙동 출장마사지 | 남현동 지역 삼성동 주변 생활권 한눈에 보기 | 한국미인테라피","서울 관악구 중앙동 출장마사지 지역의 위치 특성을 남현동과 삼성동 생활권을 기준으로 살펴볼 수 있습니다. 지역에서 공원 시장 관공서 등 생활시설 주변으로 이어지는 인접 지역도 함께 담았습니다."
"관악구\청룡동\index.html","서울 관악구 청룡동 출장마사지 | 인헌동 지역 신림동 주변 생활권 한눈에 보기 | 한국미인테라피","서울 관악구 청룡동 출장마사지 지역의 위치 특성을 인헌동과 신림동 생활권을 기준으로 살펴볼 수 있습니다. 지역에서 공원 시장 관공서 등 생활시설 주변으로 이어지는 인접 지역도 함께 담았습니다."
"관악구\청림동\index.html","서울 관악구 청림동 출장마사지 | 은천동 지역 난곡동 주변 지역정보와 생활범위 | 한국미인테라피","서울 관악구 청림동 출장마사지 지역정보를 은천동과 난곡동 주변부터 차례로 정리했습니다. 지역과 공원 시장 관공서 등 생활시설 같은 생활거점을 기준으로 인접 지역의 구성을 함께 살펴볼 수 있습니다."
"관악구\행운동\index.html","서울 관악구 행운동 출장마사지 | 난향동 신림동 주요 생활지역과 위치정보 | 한국미인테라피","서울 관악구 행운동 출장마사지 지역정보는 난향동과 신림동 사이의 위치 관계를 중심으로 구성했습니다. 생활지역과 공원 시장 관공서 등 생활시설 등 가까운 생활지역의 흐름도 함께 확인할 수 있습니다."
"광명시\index.html","광명 출장마사지 | 철산동 지역 일직동 지역 연결성과 주변 생활권 | 한국미인테라피","광명 출장마사지 지역을 철산동과 일직동 인근 생활권으로 나누어 살펴봅니다. 지역에서 공원 시장 관공서 등 생활시설 주변까지 이어지는 주요 지역을 함께 정리했습니다."
"광명시\광명동\index.html","광명 광명동 출장마사지 | 일직동 철산동 이어지는 지역과 생활권 안내 | 한국미인테라피","광명 광명동 출장마사지 지역정보를 기준으로 일직동과 철산동 방향의 주변 생활권을 담았습니다. 지역과 공원 시장 관공서 등 생활시설를 포함한 인근 지역의 위치 관계를 살펴볼 수 있습니다."
"광명시\소하동\index.html","광명 소하동 출장마사지 | 일직동 가능지역 학온동 주변 지역정보와 생활범위 | 한국미인테라피","광명 소하동 출장마사지 지역정보를 일직동과 학온동 주변부터 차례로 정리했습니다. 가능지역과 공원 시장 관공서 등 생활시설 같은 생활거점을 기준으로 인접 지역의 구성을 함께 살펴볼 수 있습니다."
"광명시\일직동\index.html","광명 일직동 출장마사지 | 학온동 하안동 중심 지역구성과 주변정보 | 한국미인테라피","광명 일직동 출장마사지 지역은 학온동과 하안동 생활권 사이에서 주변 지역과 자연스럽게 연결됩니다. 지역 및 공원 시장 관공서 등 생활시설 인근의 생활 흐름을 지역 중심으로 정리했습니다."
"광명시\철산동\index.html","광명 철산동 출장마사지 | 학온동 일직동 주요 생활지역과 위치정보 | 한국미인테라피","광명 철산동 출장마사지 지역정보는 학온동과 일직동 사이의 위치 관계를 중심으로 구성했습니다. 생활지역과 공원 시장 관공서 등 생활시설 등 가까운 생활지역의 흐름도 함께 확인할 수 있습니다."
"광명시\하안동\index.html","광명 하안동 출장마사지 | 일직동 광명동 주요 생활지역과 위치정보 | 한국미인테라피","광명 하안동 출장마사지 지역정보는 일직동과 광명동 사이의 위치 관계를 중심으로 구성했습니다. 생활지역과 공원 시장 관공서 등 생활시설 등 가까운 생활지역의 흐름도 함께 확인할 수 있습니다."
"광명시\학온동\index.html","광명 학온동 출장마사지 | 일직동 소하동 중심 지역구성과 주변정보 | 한국미인테라피","광명 학온동 출장마사지 지역은 일직동과 소하동 생활권 사이에서 주변 지역과 자연스럽게 연결됩니다. 지역 및 공원 시장 관공서 등 생활시설 인근의 생활 흐름을 지역 중심으로 정리했습니다."
"광주시\index.html","광주 출장마사지 | 남한산성면 퇴촌면 이어지는 지역과 생활권 안내 | 한국미인테라피","광주 출장마사지 지역정보를 기준으로 남한산성면과 퇴촌면 방향의 주변 생활권을 담았습니다. 지역과 공원 시장 관공서 등 생활시설를 포함한 인근 지역의 위치 관계를 살펴볼 수 있습니다."
"광주시\경안동\index.html","광주 경안동 출장마사지 | 탄벌동 가능지역 도척면 주변 지역정보와 생활범위 | 한국미인테라피","광주 경안동 출장마사지 지역정보를 탄벌동과 도척면 주변부터 차례로 정리했습니다. 가능지역과 공원 시장 관공서 등 생활시설 같은 생활거점을 기준으로 인접 지역의 구성을 함께 살펴볼 수 있습니다."
"광주시\곤지암읍\index.html","광주 곤지암읍 출장마사지 | 초월읍 지역 신현동 지역 연결성과 주변 생활권 | 한국미인테라피","광주 곤지암읍 출장마사지 지역을 초월읍과 신현동 인근 생활권으로 나누어 살펴봅니다. 지역에서 공원 시장 관공서 등 생활시설 주변까지 이어지는 주요 지역을 함께 정리했습니다."
"광주시\광남동\index.html","광주 광남동 출장마사지 | 남종면 지역 오포동 주변 지역정보와 생활범위 | 한국미인테라피","광주 광남동 출장마사지 지역정보를 남종면과 오포동 주변부터 차례로 정리했습니다. 지역과 공원 시장 관공서 등 생활시설 같은 생활거점을 기준으로 인접 지역의 구성을 함께 살펴볼 수 있습니다."
"광주시\남종면\index.html","광주 남종면 출장마사지 | 탄벌동 경안동 인근 지역 흐름과 생활권 | 한국미인테라피","광주 남종면 출장마사지 지역을 살펴보면 탄벌동과 경안동 방향으로 생활권이 이어집니다. 지역 주변과 공원 시장 관공서 등 생활시설 인근까지 포함해 지역의 연결 관계를 담았습니다."
"광주시\남한산성면\index.html","광주 남한산성면 출장마사지 | 신현동 오포동 인근 지역 흐름과 생활권 | 한국미인테라피","광주 남한산성면 출장마사지 지역을 살펴보면 신현동과 오포동 방향으로 생활권이 이어집니다. 지역 주변과 공원 시장 관공서 등 생활시설 인근까지 포함해 지역의 연결 관계를 담았습니다."
"광주시\능평동\index.html","광주 능평동 출장마사지 | 초월읍 오포동 중심 지역구성과 주변정보 | 한국미인테라피","광주 능평동 출장마사지 지역은 초월읍과 오포동 생활권 사이에서 주변 지역과 자연스럽게 연결됩니다. 지역 및 공원 시장 관공서 등 생활시설 인근의 생활 흐름을 지역 중심으로 정리했습니다."
"광주시\도척면\index.html","광주 도척면 출장마사지 | 능평동 탄벌동 인접지역과 주요 생활권 | 한국미인테라피","광주 도척면 출장마사지 지역은 능평동과 탄벌동 방향의 생활권이 서로 이어지는 특징이 있습니다. 지역과 공원 시장 관공서 등 생활시설 주변 지역까지 함께 살펴보기 쉽게 구성했습니다."
"광주시\송정동\index.html","광주 송정동 출장마사지 | 능평동 남한산성면 중심 지역구성과 주변정보 | 한국미인테라피","광주 송정동 출장마사지 지역은 능평동과 남한산성면 생활권 사이에서 주변 지역과 자연스럽게 연결됩니다. 지역 및 공원 시장 관공서 등 생활시설 인근의 생활 흐름을 지역 중심으로 정리했습니다."
"광주시\신현동\index.html","광주 신현동 출장마사지 | 남한산성면 지역 곤지암읍 지역 연결성과 주변 생활권 | 한국미인테라피","광주 신현동 출장마사지 지역을 남한산성면과 곤지암읍 인근 생활권으로 나누어 살펴봅니다. 지역에서 공원 시장 관공서 등 생활시설 주변까지 이어지는 주요 지역을 함께 정리했습니다."
"광주시\쌍령동\index.html","광주 쌍령동 출장마사지 | 곤지암읍 경안동 중심 지역구성과 주변정보 | 한국미인테라피","광주 쌍령동 출장마사지 지역은 곤지암읍과 경안동 생활권 사이에서 주변 지역과 자연스럽게 연결됩니다. 지역 및 공원 시장 관공서 등 생활시설 인근의 생활 흐름을 지역 중심으로 정리했습니다."
"광주시\오포동\index.html","광주 오포동 출장마사지 | 능평동 지역 광남동 지역 연결성과 주변 생활권 | 한국미인테라피","광주 오포동 출장마사지 지역을 능평동과 광남동 인근 생활권으로 나누어 살펴봅니다. 지역에서 공원 시장 관공서 등 생활시설 주변까지 이어지는 주요 지역을 함께 정리했습니다."
"광주시\초월읍\index.html","광주 초월읍 출장마사지 | 남한산성면 오포동 인접지역과 주요 생활권 | 한국미인테라피","광주 초월읍 출장마사지 지역은 남한산성면과 오포동 방향의 생활권이 서로 이어지는 특징이 있습니다. 지역과 공원 시장 관공서 등 생활시설 주변 지역까지 함께 살펴보기 쉽게 구성했습니다."
"광주시\탄벌동\index.html","광주 탄벌동 출장마사지 | 남한산성면 지역 곤지암읍 지역 연결성과 주변 생활권 | 한국미인테라피","광주 탄벌동 출장마사지 지역을 남한산성면과 곤지암읍 인근 생활권으로 나누어 살펴봅니다. 지역에서 공원 시장 관공서 등 생활시설 주변까지 이어지는 주요 지역을 함께 정리했습니다."
"광주시\퇴촌면\index.html","광주 퇴촌면 출장마사지 | 쌍령동 이용지역 오포동 중심 생활권과 주변지역 | 한국미인테라피","광주 퇴촌면 출장마사지 지역정보를 쌍령동과 오포동 주변 생활권을 중심으로 정리했습니다. 이용지역과 공원 시장 관공서 등 생활시설까지 이어지는 위치 흐름을 함께 살펴볼 수 있습니다."
"광진구\index.html","서울 광진구 출장마사지 | 구의동 자양동 가까운 지역과 생활권 정보 | 한국미인테라피","서울 광진구 출장마사지 지역정보는 구의동과 자양동 등 가까운 지역을 함께 볼 수 있도록 구성했습니다. 지역과 공원 시장 관공서 등 생활시설 주변의 생활권도 지역 흐름에 맞춰 정리했습니다."
"광진구\광장동\index.html","서울 광진구 광장동 출장마사지 | 자양동 지역 화양동 주변 생활권 한눈에 보기 | 한국미인테라피","서울 광진구 광장동 출장마사지 지역의 위치 특성을 자양동과 화양동 생활권을 기준으로 살펴볼 수 있습니다. 지역에서 공원 시장 관공서 등 생활시설 주변으로 이어지는 인접 지역도 함께 담았습니다."
"광진구\구의동\index.html","서울 광진구 구의동 출장마사지 | 화양동 광장동 인접지역과 주요 생활권 | 한국미인테라피","서울 광진구 구의동 출장마사지 지역은 화양동과 광장동 방향의 생활권이 서로 이어지는 특징이 있습니다. 지역과 공원 시장 관공서 등 생활시설 주변 지역까지 함께 살펴보기 쉽게 구성했습니다."
"광진구\군자동\index.html","서울 광진구 군자동 출장마사지 | 화양동 광장동 인접지역과 주요 생활권 | 한국미인테라피","서울 광진구 군자동 출장마사지 지역은 화양동과 광장동 방향의 생활권이 서로 이어지는 특징이 있습니다. 지역과 공원 시장 관공서 등 생활시설 주변 지역까지 함께 살펴보기 쉽게 구성했습니다."
"광진구\능동\index.html","서울 광진구 능동 출장마사지 | 군자동 자양동 주요 생활지역과 위치정보 | 한국미인테라피","서울 광진구 능동 출장마사지 지역정보는 군자동과 자양동 사이의 위치 관계를 중심으로 구성했습니다. 생활지역과 공원 시장 관공서 등 생활시설 등 가까운 생활지역의 흐름도 함께 확인할 수 있습니다."
"광진구\자양동\index.html","서울 광진구 자양동 출장마사지 | 군자동 화양동 주요 생활지역과 위치정보 | 한국미인테라피","서울 광진구 자양동 출장마사지 지역정보는 군자동과 화양동 사이의 위치 관계를 중심으로 구성했습니다. 생활지역과 공원 시장 관공서 등 생활시설 등 가까운 생활지역의 흐름도 함께 확인할 수 있습니다."
"광진구\중곡동\index.html","서울 광진구 중곡동 출장마사지 | 구의동 자양동 생활권 중심 지역정보 | 한국미인테라피","서울 광진구 중곡동 출장마사지 지역은 구의동에서 자양동 방향으로 이어지는 생활권과 맞닿아 있습니다. 지역을 비롯해 공원 시장 관공서 등 생활시설 주변의 지역 특성을 함께 담았습니다."
"광진구\화양동\index.html","서울 광진구 화양동 출장마사지 | 군자동 중곡동 주요 생활지역과 위치정보 | 한국미인테라피","서울 광진구 화양동 출장마사지 지역정보는 군자동과 중곡동 사이의 위치 관계를 중심으로 구성했습니다. 생활지역과 공원 시장 관공서 등 생활시설 등 가까운 생활지역의 흐름도 함께 확인할 수 있습니다."
"구로구\index.html","서울 구로구 출장마사지 | 구로동 가리봉동 중심 지역구성과 주변정보 | 한국미인테라피","서울 구로구 출장마사지 지역은 구로동과 가리봉동 생활권 사이에서 주변 지역과 자연스럽게 연결됩니다. 지역 및 공원 시장 관공서 등 생활시설 인근의 생활 흐름을 지역 중심으로 정리했습니다."
"구로구\가리봉동\index.html","서울 구로구 가리봉동 출장마사지 | 항동 오류동 인접지역과 주요 생활권 | 한국미인테라피","서울 구로구 가리봉동 출장마사지 지역은 항동과 오류동 방향의 생활권이 서로 이어지는 특징이 있습니다. 지역과 공원 시장 관공서 등 생활시설 주변 지역까지 함께 살펴보기 쉽게 구성했습니다."
"구로구\개봉동\index.html","서울 구로구 개봉동 출장마사지 | 신도림동 지역 고척동 지역 연결성과 주변 생활권 | 한국미인테라피","서울 구로구 개봉동 출장마사지 지역을 신도림동과 고척동 인근 생활권으로 나누어 살펴봅니다. 지역에서 공원 시장 관공서 등 생활시설 주변까지 이어지는 주요 지역을 함께 정리했습니다."
"구로구\고척동\index.html","서울 구로구 고척동 출장마사지 | 오류동 가리봉동 인근 지역 흐름과 생활권 | 한국미인테라피","서울 구로구 고척동 출장마사지 지역을 살펴보면 오류동과 가리봉동 방향으로 생활권이 이어집니다. 지역 주변과 공원 시장 관공서 등 생활시설 인근까지 포함해 지역의 연결 관계를 담았습니다."
"구로구\구로동\index.html","서울 구로구 구로동 출장마사지 | 신도림동 이용지역 오류동 중심 생활권과 주변지역 | 한국미인테라피","서울 구로구 구로동 출장마사지 지역정보를 신도림동과 오류동 주변 생활권을 중심으로 정리했습니다. 이용지역과 공원 시장 관공서 등 생활시설까지 이어지는 위치 흐름을 함께 살펴볼 수 있습니다."
"구로구\수궁동\index.html","서울 구로구 수궁동 출장마사지 | 신도림동 구로동 인접지역과 주요 생활권 | 한국미인테라피","서울 구로구 수궁동 출장마사지 지역은 신도림동과 구로동 방향의 생활권이 서로 이어지는 특징이 있습니다. 지역과 공원 시장 관공서 등 생활시설 주변 지역까지 함께 살펴보기 쉽게 구성했습니다."
"구로구\신도림동\index.html","서울 구로구 신도림동 출장마사지 | 오류동 이용지역 항동 중심 생활권과 주변지역 | 한국미인테라피","서울 구로구 신도림동 출장마사지 지역정보를 오류동과 항동 주변 생활권을 중심으로 정리했습니다. 이용지역과 공원 시장 관공서 등 생활시설까지 이어지는 위치 흐름을 함께 살펴볼 수 있습니다."
"구로구\오류동\index.html","서울 구로구 오류동 출장마사지 | 수궁동 고척동 이어지는 지역과 생활권 안내 | 한국미인테라피","서울 구로구 오류동 출장마사지 지역정보를 기준으로 수궁동과 고척동 방향의 주변 생활권을 담았습니다. 지역과 공원 시장 관공서 등 생활시설를 포함한 인근 지역의 위치 관계를 살펴볼 수 있습니다."
"구로구\항동\index.html","서울 구로구 항동 출장마사지 | 고척동 개봉동 인접지역과 주요 생활권 | 한국미인테라피","서울 구로구 항동 출장마사지 지역은 고척동과 개봉동 방향의 생활권이 서로 이어지는 특징이 있습니다. 지역과 공원 시장 관공서 등 생활시설 주변 지역까지 함께 살펴보기 쉽게 구성했습니다."
"구리시\index.html","구리 출장마사지 | 수택동 지역 동구동 주변 생활권 한눈에 보기 | 한국미인테라피","구리 출장마사지 지역의 위치 특성을 수택동과 동구동 생활권을 기준으로 살펴볼 수 있습니다. 지역에서 공원 시장 관공서 등 생활시설 주변으로 이어지는 인접 지역도 함께 담았습니다."
"구리시\갈매동\index.html","구리 갈매동 출장마사지 | 교문동 수택동 이어지는 지역과 생활권 안내 | 한국미인테라피","구리 갈매동 출장마사지 지역정보를 기준으로 교문동과 수택동 방향의 주변 생활권을 담았습니다. 지역과 공원 시장 관공서 등 생활시설를 포함한 인근 지역의 위치 관계를 살펴볼 수 있습니다."
"구리시\교문동\index.html","구리 교문동 출장마사지 | 갈매동 이용지역 동구동 중심 생활권과 주변지역 | 한국미인테라피","구리 교문동 출장마사지 지역정보를 갈매동과 동구동 주변 생활권을 중심으로 정리했습니다. 이용지역과 공원 시장 관공서 등 생활시설까지 이어지는 위치 흐름을 함께 살펴볼 수 있습니다."
"구리시\동구동\index.html","구리 동구동 출장마사지 | 교문동 인창동 인근 지역 흐름과 생활권 | 한국미인테라피","구리 동구동 출장마사지 지역을 살펴보면 교문동과 인창동 방향으로 생활권이 이어집니다. 지역 주변과 공원 시장 관공서 등 생활시설 인근까지 포함해 지역의 연결 관계를 담았습니다."
"구리시\수택동\index.html","구리 수택동 출장마사지 | 교문동 인창동 인근 지역 흐름과 생활권 | 한국미인테라피","구리 수택동 출장마사지 지역을 살펴보면 교문동과 인창동 방향으로 생활권이 이어집니다. 지역 주변과 공원 시장 관공서 등 생활시설 인근까지 포함해 지역의 연결 관계를 담았습니다."
"구리시\인창동\index.html","구리 인창동 출장마사지 | 교문동 수택동 인근 지역 흐름과 생활권 | 한국미인테라피","구리 인창동 출장마사지 지역을 살펴보면 교문동과 수택동 방향으로 생활권이 이어집니다. 지역 주변과 공원 시장 관공서 등 생활시설 인근까지 포함해 지역의 연결 관계를 담았습니다."
"군포시\index.html","군포 출장마사지 | 수리동 궁내동 생활권 중심 지역정보 | 한국미인테라피","군포 출장마사지 지역은 수리동에서 궁내동 방향으로 이어지는 생활권과 맞닿아 있습니다. 지역을 비롯해 공원 시장 관공서 등 생활시설 주변의 지역 특성을 함께 담았습니다."
"군포시\광정동\index.html","군포 광정동 출장마사지 | 대야동 가능지역 수리동 주변 지역정보와 생활범위 | 한국미인테라피","군포 광정동 출장마사지 지역정보를 대야동과 수리동 주변부터 차례로 정리했습니다. 가능지역과 공원 시장 관공서 등 생활시설 같은 생활거점을 기준으로 인접 지역의 구성을 함께 살펴볼 수 있습니다."
"군포시\군포동\index.html","군포 군포동 출장마사지 | 수리동 이용지역 오금동 중심 생활권과 주변지역 | 한국미인테라피","군포 군포동 출장마사지 지역정보를 수리동과 오금동 주변 생활권을 중심으로 정리했습니다. 이용지역과 공원 시장 관공서 등 생활시설까지 이어지는 위치 흐름을 함께 살펴볼 수 있습니다."
"군포시\궁내동\index.html","군포 궁내동 출장마사지 | 오금동 광정동 인근 지역 흐름과 생활권 | 한국미인테라피","군포 궁내동 출장마사지 지역을 살펴보면 오금동과 광정동 방향으로 생활권이 이어집니다. 지역 주변과 공원 시장 관공서 등 생활시설 인근까지 포함해 지역의 연결 관계를 담았습니다."
"군포시\금정동\index.html","군포 금정동 출장마사지 | 오금동 광정동 인근 지역 흐름과 생활권 | 한국미인테라피","군포 금정동 출장마사지 지역을 살펴보면 오금동과 광정동 방향으로 생활권이 이어집니다. 지역 주변과 공원 시장 관공서 등 생활시설 인근까지 포함해 지역의 연결 관계를 담았습니다."
"군포시\대야동\index.html","군포 대야동 출장마사지 | 궁내동 금정동 가까운 지역과 생활권 정보 | 한국미인테라피","군포 대야동 출장마사지 지역정보는 궁내동과 금정동 등 가까운 지역을 함께 볼 수 있도록 구성했습니다. 지역과 공원 시장 관공서 등 생활시설 주변의 생활권도 지역 흐름에 맞춰 정리했습니다."
"군포시\산본동\index.html","군포 산본동 출장마사지 | 금정동 주변지역 재궁동 중심 생활권과 주변지역 | 한국미인테라피","군포 산본동 출장마사지 지역정보를 금정동과 재궁동 주변 생활권을 중심으로 정리했습니다. 주변지역과 공원 시장 관공서 등 생활시설까지 이어지는 위치 흐름을 함께 살펴볼 수 있습니다."
"군포시\송부동\index.html","군포 송부동 출장마사지 | 궁내동 재궁동 인접지역과 주요 생활권 | 한국미인테라피","군포 송부동 출장마사지 지역은 궁내동과 재궁동 방향의 생활권이 서로 이어지는 특징이 있습니다. 지역과 공원 시장 관공서 등 생활시설 주변 지역까지 함께 살펴보기 쉽게 구성했습니다."
"군포시\수리동\index.html","군포 수리동 출장마사지 | 산본동 송부동 가까운 지역과 생활권 정보 | 한국미인테라피","군포 수리동 출장마사지 지역정보는 산본동과 송부동 등 가까운 지역을 함께 볼 수 있도록 구성했습니다. 지역과 공원 시장 관공서 등 생활시설 주변의 생활권도 지역 흐름에 맞춰 정리했습니다."
"군포시\오금동\index.html","군포 오금동 출장마사지 | 산본동 송부동 가까운 지역과 생활권 정보 | 한국미인테라피","군포 오금동 출장마사지 지역정보는 산본동과 송부동 등 가까운 지역을 함께 볼 수 있도록 구성했습니다. 지역과 공원 시장 관공서 등 생활시설 주변의 생활권도 지역 흐름에 맞춰 정리했습니다."
"군포시\재궁동\index.html","군포 재궁동 출장마사지 | 군포동 금정동 인근 지역 흐름과 생활권 | 한국미인테라피","군포 재궁동 출장마사지 지역을 살펴보면 군포동과 금정동 방향으로 생활권이 이어집니다. 지역 주변과 공원 시장 관공서 등 생활시설 인근까지 포함해 지역의 연결 관계를 담았습니다."
"금천구\index.html","서울 금천구 출장마사지 | 시흥동 독산동 중심 지역구성과 주변정보 | 한국미인테라피","서울 금천구 출장마사지 지역은 시흥동과 독산동 생활권 사이에서 주변 지역과 자연스럽게 연결됩니다. 지역 및 공원 시장 관공서 등 생활시설 인근의 생활 흐름을 지역 중심으로 정리했습니다."
"금천구\가산동\index.html","서울 금천구 가산동 출장마사지 | 독산동 시흥동 이어지는 지역과 생활권 안내 | 한국미인테라피","서울 금천구 가산동 출장마사지 지역정보를 기준으로 독산동과 시흥동 방향의 주변 생활권을 담았습니다. 지역과 공원 시장 관공서 등 생활시설를 포함한 인근 지역의 위치 관계를 살펴볼 수 있습니다."
"금천구\독산동\index.html","서울 금천구 독산동 출장마사지 | 시흥동 가산동 인근 지역 흐름과 생활권 | 한국미인테라피","서울 금천구 독산동 출장마사지 지역을 살펴보면 시흥동과 가산동 방향으로 생활권이 이어집니다. 지역 주변과 공원 시장 관공서 등 생활시설 인근까지 포함해 지역의 연결 관계를 담았습니다."
"금천구\시흥동\index.html","서울 금천구 시흥동 출장마사지 | 독산동 가산동 인접지역과 주요 생활권 | 한국미인테라피","서울 금천구 시흥동 출장마사지 지역은 독산동과 가산동 방향의 생활권이 서로 이어지는 특징이 있습니다. 지역과 공원 시장 관공서 등 생활시설 주변 지역까지 함께 살펴보기 쉽게 구성했습니다."
"김포시\index.html","김포 출장마사지 | 하성면 마산동 중심 지역구성과 주변정보 | 한국미인테라피","김포 출장마사지 지역은 하성면과 마산동 생활권 사이에서 주변 지역과 자연스럽게 연결됩니다. 지역 및 공원 시장 관공서 등 생활시설 인근의 생활 흐름을 지역 중심으로 정리했습니다."
"김포시\고촌읍\index.html","김포 고촌읍 출장마사지 | 마산동 하성면 가까운 지역과 생활권 정보 | 한국미인테라피","김포 고촌읍 출장마사지 지역정보는 마산동과 하성면 등 가까운 지역을 함께 볼 수 있도록 구성했습니다. 지역과 공원 시장 관공서 등 생활시설 주변의 생활권도 지역 흐름에 맞춰 정리했습니다."
"김포시\구래동\index.html","김포 구래동 출장마사지 | 운양동 대곶면 가까운 지역과 생활권 정보 | 한국미인테라피","김포 구래동 출장마사지 지역정보는 운양동과 대곶면 등 가까운 지역을 함께 볼 수 있도록 구성했습니다. 지역과 공원 시장 관공서 등 생활시설 주변의 생활권도 지역 흐름에 맞춰 정리했습니다."
"김포시\김포본동\index.html","김포 김포본동 출장마사지 | 풍무동 이용지역 하성면 중심 생활권과 주변지역 | 한국미인테라피","김포 김포본동 출장마사지 지역정보를 풍무동과 하성면 주변 생활권을 중심으로 정리했습니다. 이용지역과 공원 시장 관공서 등 생활시설까지 이어지는 위치 흐름을 함께 살펴볼 수 있습니다."
"김포시\대곶면\index.html","김포 대곶면 출장마사지 | 고촌읍 지역 통진읍 지역 연결성과 주변 생활권 | 한국미인테라피","김포 대곶면 출장마사지 지역을 고촌읍과 통진읍 인근 생활권으로 나누어 살펴봅니다. 지역에서 공원 시장 관공서 등 생활시설 주변까지 이어지는 주요 지역을 함께 정리했습니다."
"김포시\마산동\index.html","김포 마산동 출장마사지 | 하성면 사우동 이어지는 지역과 생활권 안내 | 한국미인테라피","김포 마산동 출장마사지 지역정보를 기준으로 하성면과 사우동 방향의 주변 생활권을 담았습니다. 지역과 공원 시장 관공서 등 생활시설를 포함한 인근 지역의 위치 관계를 살펴볼 수 있습니다."
"김포시\사우동\index.html","김포 사우동 출장마사지 | 통진읍 김포본동 이어지는 지역과 생활권 안내 | 한국미인테라피","김포 사우동 출장마사지 지역정보를 기준으로 통진읍과 김포본동 방향의 주변 생활권을 담았습니다. 지역과 공원 시장 관공서 등 생활시설를 포함한 인근 지역의 위치 관계를 살펴볼 수 있습니다."
"김포시\양촌읍\index.html","김포 양촌읍 출장마사지 | 운양동 하성면 인접지역과 주요 생활권 | 한국미인테라피","김포 양촌읍 출장마사지 지역은 운양동과 하성면 방향의 생활권이 서로 이어지는 특징이 있습니다. 지역과 공원 시장 관공서 등 생활시설 주변 지역까지 함께 살펴보기 쉽게 구성했습니다."
"김포시\운양동\index.html","김포 운양동 출장마사지 | 양촌읍 장기동 인근 지역 흐름과 생활권 | 한국미인테라피","김포 운양동 출장마사지 지역을 살펴보면 양촌읍과 장기동 방향으로 생활권이 이어집니다. 지역 주변과 공원 시장 관공서 등 생활시설 인근까지 포함해 지역의 연결 관계를 담았습니다."
"김포시\월곶면\index.html","김포 월곶면 출장마사지 | 양촌읍 지역 대곶면 지역 연결성과 주변 생활권 | 한국미인테라피","김포 월곶면 출장마사지 지역을 양촌읍과 대곶면 인근 생활권으로 나누어 살펴봅니다. 지역에서 공원 시장 관공서 등 생활시설 주변까지 이어지는 주요 지역을 함께 정리했습니다."
"김포시\장기동\index.html","김포 장기동 출장마사지 | 월곶면 구래동 인접지역과 주요 생활권 | 한국미인테라피","김포 장기동 출장마사지 지역은 월곶면과 구래동 방향의 생활권이 서로 이어지는 특징이 있습니다. 지역과 공원 시장 관공서 등 생활시설 주변 지역까지 함께 살펴보기 쉽게 구성했습니다."
"김포시\장기본동\index.html","김포 장기본동 출장마사지 | 풍무동 지역 월곶면 지역 연결성과 주변 생활권 | 한국미인테라피","김포 장기본동 출장마사지 지역을 풍무동과 월곶면 인근 생활권으로 나누어 살펴봅니다. 지역에서 공원 시장 관공서 등 생활시설 주변까지 이어지는 주요 지역을 함께 정리했습니다."
"김포시\통진읍\index.html","김포 통진읍 출장마사지 | 하성면 사우동 인접지역과 주요 생활권 | 한국미인테라피","김포 통진읍 출장마사지 지역은 하성면과 사우동 방향의 생활권이 서로 이어지는 특징이 있습니다. 지역과 공원 시장 관공서 등 생활시설 주변 지역까지 함께 살펴보기 쉽게 구성했습니다."
"김포시\풍무동\index.html","김포 풍무동 출장마사지 | 구래동 운양동 인접지역과 주요 생활권 | 한국미인테라피","김포 풍무동 출장마사지 지역은 구래동과 운양동 방향의 생활권이 서로 이어지는 특징이 있습니다. 지역과 공원 시장 관공서 등 생활시설 주변 지역까지 함께 살펴보기 쉽게 구성했습니다."
"김포시\하성면\index.html","김포 하성면 출장마사지 | 장기동 이용지역 장기본동 중심 생활권과 주변지역 | 한국미인테라피","김포 하성면 출장마사지 지역정보를 장기동과 장기본동 주변 생활권을 중심으로 정리했습니다. 이용지역과 공원 시장 관공서 등 생활시설까지 이어지는 위치 흐름을 함께 살펴볼 수 있습니다."
"남동구\index.html","인천 남동구 출장마사지 | 장수동 논현동 가까운 지역과 생활권 정보 | 한국미인테라피","인천 남동구 출장마사지 지역정보는 장수동과 논현동 등 가까운 지역을 함께 볼 수 있도록 구성했습니다. 지역과 공원 시장 관공서 등 생활시설 주변의 생활권도 지역 흐름에 맞춰 정리했습니다."
"남동구\간석동\index.html","인천 남동구 간석동 출장마사지 | 남촌동 가능지역 장수동 주변 지역정보와 생활범위 | 한국미인테라피","인천 남동구 간석동 출장마사지 지역정보를 남촌동과 장수동 주변부터 차례로 정리했습니다. 가능지역과 공원 시장 관공서 등 생활시설 같은 생활거점을 기준으로 인접 지역의 구성을 함께 살펴볼 수 있습니다."
"남동구\고잔동\index.html","인천 남동구 고잔동 출장마사지 | 만수동 지역 구월동 지역 연결성과 주변 생활권 | 한국미인테라피","인천 남동구 고잔동 출장마사지 지역을 만수동과 구월동 인근 생활권으로 나누어 살펴봅니다. 지역에서 공원 시장 관공서 등 생활시설 주변까지 이어지는 주요 지역을 함께 정리했습니다."
"남동구\구월동\index.html","인천 남동구 구월동 출장마사지 | 고잔동 남촌동 인접지역과 주요 생활권 | 한국미인테라피","인천 남동구 구월동 출장마사지 지역은 고잔동과 남촌동 방향의 생활권이 서로 이어지는 특징이 있습니다. 지역과 공원 시장 관공서 등 생활시설 주변 지역까지 함께 살펴보기 쉽게 구성했습니다."
"남동구\남촌동\index.html","인천 남동구 남촌동 출장마사지 | 만수동 논현동 인근 지역 흐름과 생활권 | 한국미인테라피","인천 남동구 남촌동 출장마사지 지역을 살펴보면 만수동과 논현동 방향으로 생활권이 이어집니다. 지역 주변과 공원 시장 관공서 등 생활시설 인근까지 포함해 지역의 연결 관계를 담았습니다."
"남동구\논현동\index.html","인천 남동구 논현동 출장마사지 | 고잔동 구월동 인근 지역 흐름과 생활권 | 한국미인테라피","인천 남동구 논현동 출장마사지 지역을 살펴보면 고잔동과 구월동 방향으로 생활권이 이어집니다. 지역 주변과 공원 시장 관공서 등 생활시설 인근까지 포함해 지역의 연결 관계를 담았습니다."
"남동구\도림동\index.html","인천 남동구 도림동 출장마사지 | 고잔동 남촌동 인접지역과 주요 생활권 | 한국미인테라피","인천 남동구 도림동 출장마사지 지역은 고잔동과 남촌동 방향의 생활권이 서로 이어지는 특징이 있습니다. 지역과 공원 시장 관공서 등 생활시설 주변 지역까지 함께 살펴보기 쉽게 구성했습니다."
"남동구\만수동\index.html","인천 남동구 만수동 출장마사지 | 도림동 고잔동 인접지역과 주요 생활권 | 한국미인테라피","인천 남동구 만수동 출장마사지 지역은 도림동과 고잔동 방향의 생활권이 서로 이어지는 특징이 있습니다. 지역과 공원 시장 관공서 등 생활시설 주변 지역까지 함께 살펴보기 쉽게 구성했습니다."
"남동구\서창동\index.html","인천 남동구 서창동 출장마사지 | 구월동 고잔동 주변지역과 생활권 흐름 | 한국미인테라피","인천 남동구 서창동 출장마사지 지역정보를 구월동과 고잔동 인근의 생활지역 중심으로 정리했습니다. 주변지역과 공원 시장 관공서 등 생활시설 주변을 포함해 가까운 지역의 위치 흐름을 확인할 수 있습니다."
"남동구\장수동\index.html","인천 남동구 장수동 출장마사지 | 만수동 도림동 주변지역과 생활권 흐름 | 한국미인테라피","인천 남동구 장수동 출장마사지 지역정보를 만수동과 도림동 인근의 생활지역 중심으로 정리했습니다. 주변지역과 공원 시장 관공서 등 생활시설 주변을 포함해 가까운 지역의 위치 흐름을 확인할 수 있습니다."
"남양주시\index.html","남양주 출장마사지 | 조안면 별내동 가까운 지역과 생활권 정보 | 한국미인테라피","남양주 출장마사지 지역정보는 조안면과 별내동 등 가까운 지역을 함께 볼 수 있도록 구성했습니다. 지역과 공원 시장 관공서 등 생활시설 주변의 생활권도 지역 흐름에 맞춰 정리했습니다."
"남양주시\금곡동\index.html","남양주 금곡동 출장마사지 | 양정동 오남읍 주변지역과 생활권 흐름 | 한국미인테라피","남양주 금곡동 출장마사지 지역정보를 양정동과 오남읍 인근의 생활지역 중심으로 정리했습니다. 주변지역과 공원 시장 관공서 등 생활시설 주변을 포함해 가까운 지역의 위치 흐름을 확인할 수 있습니다."
"남양주시\다산동\index.html","남양주 다산동 출장마사지 | 오남읍 별내면 인근 지역 흐름과 생활권 | 한국미인테라피","남양주 다산동 출장마사지 지역을 살펴보면 오남읍과 별내면 방향으로 생활권이 이어집니다. 지역 주변과 공원 시장 관공서 등 생활시설 인근까지 포함해 지역의 연결 관계를 담았습니다."
"남양주시\별내동\index.html","남양주 별내동 출장마사지 | 진접읍 지역 별내면 지역 연결성과 주변 생활권 | 한국미인테라피","남양주 별내동 출장마사지 지역을 진접읍과 별내면 인근 생활권으로 나누어 살펴봅니다. 지역에서 공원 시장 관공서 등 생활시설 주변까지 이어지는 주요 지역을 함께 정리했습니다."
"남양주시\별내면\index.html","남양주 별내면 출장마사지 | 와부읍 금곡동 가까운 지역과 생활권 정보 | 한국미인테라피","남양주 별내면 출장마사지 지역정보는 와부읍과 금곡동 등 가까운 지역을 함께 볼 수 있도록 구성했습니다. 지역과 공원 시장 관공서 등 생활시설 주변의 생활권도 지역 흐름에 맞춰 정리했습니다."
"남양주시\수동면\index.html","남양주 수동면 출장마사지 | 오남읍 평내동 인접지역과 주요 생활권 | 한국미인테라피","남양주 수동면 출장마사지 지역은 오남읍과 평내동 방향의 생활권이 서로 이어지는 특징이 있습니다. 지역과 공원 시장 관공서 등 생활시설 주변 지역까지 함께 살펴보기 쉽게 구성했습니다."
"남양주시\양정동\index.html","남양주 양정동 출장마사지 | 다산동 지역 수동면 주변 생활권 한눈에 보기 | 한국미인테라피","남양주 양정동 출장마사지 지역의 위치 특성을 다산동과 수동면 생활권을 기준으로 살펴볼 수 있습니다. 지역에서 공원 시장 관공서 등 생활시설 주변으로 이어지는 인접 지역도 함께 담았습니다."
"남양주시\오남읍\index.html","남양주 오남읍 출장마사지 | 화도읍 지역 별내면 지역 연결성과 주변 생활권 | 한국미인테라피","남양주 오남읍 출장마사지 지역을 화도읍과 별내면 인근 생활권으로 나누어 살펴봅니다. 지역에서 공원 시장 관공서 등 생활시설 주변까지 이어지는 주요 지역을 함께 정리했습니다."
"남양주시\와부읍\index.html","남양주 와부읍 출장마사지 | 평내동 별내동 인근 지역 흐름과 생활권 | 한국미인테라피","남양주 와부읍 출장마사지 지역을 살펴보면 평내동과 별내동 방향으로 생활권이 이어집니다. 지역 주변과 공원 시장 관공서 등 생활시설 인근까지 포함해 지역의 연결 관계를 담았습니다."
"남양주시\조안면\index.html","남양주 조안면 출장마사지 | 별내동 평내동 가까운 지역과 생활권 정보 | 한국미인테라피","남양주 조안면 출장마사지 지역정보는 별내동과 평내동 등 가까운 지역을 함께 볼 수 있도록 구성했습니다. 지역과 공원 시장 관공서 등 생활시설 주변의 생활권도 지역 흐름에 맞춰 정리했습니다."
"남양주시\진건읍\index.html","남양주 진건읍 출장마사지 | 양정동 별내면 인접지역과 주요 생활권 | 한국미인테라피","남양주 진건읍 출장마사지 지역은 양정동과 별내면 방향의 생활권이 서로 이어지는 특징이 있습니다. 지역과 공원 시장 관공서 등 생활시설 주변 지역까지 함께 살펴보기 쉽게 구성했습니다."
"남양주시\진접읍\index.html","남양주 진접읍 출장마사지 | 수동면 지역 화도읍 주변 지역정보와 생활범위 | 한국미인테라피","남양주 진접읍 출장마사지 지역정보를 수동면과 화도읍 주변부터 차례로 정리했습니다. 지역과 공원 시장 관공서 등 생활시설 같은 생활거점을 기준으로 인접 지역의 구성을 함께 살펴볼 수 있습니다."
"남양주시\퇴계원읍\index.html","남양주 퇴계원읍 출장마사지 | 별내면 조안면 인근 지역 흐름과 생활권 | 한국미인테라피","남양주 퇴계원읍 출장마사지 지역을 살펴보면 별내면과 조안면 방향으로 생활권이 이어집니다. 지역 주변과 공원 시장 관공서 등 생활시설 인근까지 포함해 지역의 연결 관계를 담았습니다."
"남양주시\평내동\index.html","남양주 평내동 출장마사지 | 조안면 양정동 주변지역과 생활권 흐름 | 한국미인테라피","남양주 평내동 출장마사지 지역정보를 조안면과 양정동 인근의 생활지역 중심으로 정리했습니다. 주변지역과 공원 시장 관공서 등 생활시설 주변을 포함해 가까운 지역의 위치 흐름을 확인할 수 있습니다."
"남양주시\호평동\index.html","남양주 호평동 출장마사지 | 조안면 별내동 주요 생활지역과 위치정보 | 한국미인테라피","남양주 호평동 출장마사지 지역정보는 조안면과 별내동 사이의 위치 관계를 중심으로 구성했습니다. 생활지역과 공원 시장 관공서 등 생활시설 등 가까운 생활지역의 흐름도 함께 확인할 수 있습니다."
"남양주시\화도읍\index.html","남양주 화도읍 출장마사지 | 퇴계원읍 다산동 인접지역과 주요 생활권 | 한국미인테라피","남양주 화도읍 출장마사지 지역은 퇴계원읍과 다산동 방향의 생활권이 서로 이어지는 특징이 있습니다. 지역과 공원 시장 관공서 등 생활시설 주변 지역까지 함께 살펴보기 쉽게 구성했습니다."
"노원구\index.html","서울 노원구 출장마사지 | 월계동 하계동 생활권 중심 지역정보 | 한국미인테라피","서울 노원구 출장마사지 지역은 월계동에서 하계동 방향으로 이어지는 생활권과 맞닿아 있습니다. 지역을 비롯해 공원 시장 관공서 등 생활시설 주변의 지역 특성을 함께 담았습니다."
"노원구\공릉동\index.html","서울 노원구 공릉동 출장마사지 | 중계본동 상계3,동 주변지역과 생활권 흐름 | 한국미인테라피","서울 노원구 공릉동 출장마사지 지역정보를 중계본동과 상계3,동 인근의 생활지역 중심으로 정리했습니다. 주변지역과 공원 시장 관공서 등 생활시설 주변을 포함해 가까운 지역의 위치 흐름을 확인할 수 있습니다."
"노원구\상계3,동\index.html","서울 노원구 상계3,동 출장마사지 | 중계2,동 상계동 가까운 지역과 생활권 정보 | 한국미인테라피","서울 노원구 상계3,동 출장마사지 지역정보는 중계2,동과 상계동 등 가까운 지역을 함께 볼 수 있도록 구성했습니다. 지역과 공원 시장 관공서 등 생활시설 주변의 생활권도 지역 흐름에 맞춰 정리했습니다."
"노원구\상계6,동\index.html","서울 노원구 상계6,동 출장마사지 | 하계동 상계3,동 중심 지역구성과 주변정보 | 한국미인테라피","서울 노원구 상계6,동 출장마사지 지역은 하계동과 상계3,동 생활권 사이에서 주변 지역과 자연스럽게 연결됩니다. 지역 및 공원 시장 관공서 등 생활시설 인근의 생활 흐름을 지역 중심으로 정리했습니다."
"노원구\상계동\index.html","서울 노원구 상계동 출장마사지 | 중계동 지역 하계동 지역 연결성과 주변 생활권 | 한국미인테라피","서울 노원구 상계동 출장마사지 지역을 중계동과 하계동 인근 생활권으로 나누어 살펴봅니다. 지역에서 공원 시장 관공서 등 생활시설 주변까지 이어지는 주요 지역을 함께 정리했습니다."
"노원구\월계동\index.html","서울 노원구 월계동 출장마사지 | 공릉동 상계동 이어지는 지역과 생활권 안내 | 한국미인테라피","서울 노원구 월계동 출장마사지 지역정보를 기준으로 공릉동과 상계동 방향의 주변 생활권을 담았습니다. 지역과 공원 시장 관공서 등 생활시설를 포함한 인근 지역의 위치 관계를 살펴볼 수 있습니다."
"노원구\중계2,동\index.html","서울 노원구 중계2,동 출장마사지 | 상계동 공릉동 중심 지역구성과 주변정보 | 한국미인테라피","서울 노원구 중계2,동 출장마사지 지역은 상계동과 공릉동 생활권 사이에서 주변 지역과 자연스럽게 연결됩니다. 지역 및 공원 시장 관공서 등 생활시설 인근의 생활 흐름을 지역 중심으로 정리했습니다."
"노원구\중계동\index.html","서울 노원구 중계동 출장마사지 | 중계2,동 하계동 인근 지역 흐름과 생활권 | 한국미인테라피","서울 노원구 중계동 출장마사지 지역을 살펴보면 중계2,동과 하계동 방향으로 생활권이 이어집니다. 지역 주변과 공원 시장 관공서 등 생활시설 인근까지 포함해 지역의 연결 관계를 담았습니다."
"노원구\중계본동\index.html","서울 노원구 중계본동 출장마사지 | 중계2,동 중계동 인접지역과 주요 생활권 | 한국미인테라피","서울 노원구 중계본동 출장마사지 지역은 중계2,동과 중계동 방향의 생활권이 서로 이어지는 특징이 있습니다. 지역과 공원 시장 관공서 등 생활시설 주변 지역까지 함께 살펴보기 쉽게 구성했습니다."
"노원구\하계동\index.html","서울 노원구 하계동 출장마사지 | 월계동 주변지역 중계동 중심 생활권과 주변지역 | 한국미인테라피","서울 노원구 하계동 출장마사지 지역정보를 월계동과 중계동 주변 생활권을 중심으로 정리했습니다. 주변지역과 공원 시장 관공서 등 생활시설까지 이어지는 위치 흐름을 함께 살펴볼 수 있습니다."
"도봉구\index.html","서울 도봉구 출장마사지 | 도봉동 이용지역 방학동 중심 생활권과 주변지역 | 한국미인테라피","서울 도봉구 출장마사지 지역정보를 도봉동과 방학동 주변 생활권을 중심으로 정리했습니다. 이용지역과 공원 시장 관공서 등 생활시설까지 이어지는 위치 흐름을 함께 살펴볼 수 있습니다."
"도봉구\도봉동\index.html","서울 도봉구 도봉동 출장마사지 | 창동 방학동 주요 생활지역과 위치정보 | 한국미인테라피","서울 도봉구 도봉동 출장마사지 지역정보는 창동과 방학동 사이의 위치 관계를 중심으로 구성했습니다. 생활지역과 공원 시장 관공서 등 생활시설 등 가까운 생활지역의 흐름도 함께 확인할 수 있습니다."
"도봉구\방학동\index.html","서울 도봉구 방학동 출장마사지 | 창동 쌍문동 중심 지역구성과 주변정보 | 한국미인테라피","서울 도봉구 방학동 출장마사지 지역은 창동과 쌍문동 생활권 사이에서 주변 지역과 자연스럽게 연결됩니다. 지역 및 공원 시장 관공서 등 생활시설 인근의 생활 흐름을 지역 중심으로 정리했습니다."
"도봉구\쌍문동\index.html","서울 도봉구 쌍문동 출장마사지 | 도봉동 가능지역 방학동 주변 지역정보와 생활범위 | 한국미인테라피","서울 도봉구 쌍문동 출장마사지 지역정보를 도봉동과 방학동 주변부터 차례로 정리했습니다. 가능지역과 공원 시장 관공서 등 생활시설 같은 생활거점을 기준으로 인접 지역의 구성을 함께 살펴볼 수 있습니다."
"도봉구\창동\index.html","서울 도봉구 창동 출장마사지 | 도봉동 가능지역 방학동 주변 지역정보와 생활범위 | 한국미인테라피","서울 도봉구 창동 출장마사지 지역정보를 도봉동과 방학동 주변부터 차례로 정리했습니다. 가능지역과 공원 시장 관공서 등 생활시설 같은 생활거점을 기준으로 인접 지역의 구성을 함께 살펴볼 수 있습니다."
"동대문구\index.html","서울 동대문구 출장마사지 | 답십리동 휘경동 가까운 지역과 생활권 정보 | 한국미인테라피","서울 동대문구 출장마사지 지역정보는 답십리동과 휘경동 등 가까운 지역을 함께 볼 수 있도록 구성했습니다. 지역과 공원 시장 관공서 등 생활시설 주변의 생활권도 지역 흐름에 맞춰 정리했습니다."
"동대문구\답십리동\index.html","서울 동대문구 답십리동 출장마사지 | 신설동 지역 휘경동 주변 생활권 한눈에 보기 | 한국미인테라피","서울 동대문구 답십리동 출장마사지 지역의 위치 특성을 신설동과 휘경동 생활권을 기준으로 살펴볼 수 있습니다. 지역에서 공원 시장 관공서 등 생활시설 주변으로 이어지는 인접 지역도 함께 담았습니다."
"동대문구\신설동\index.html","서울 동대문구 신설동 출장마사지 | 청량리동 지역 장안동 지역 연결성과 주변 생활권 | 한국미인테라피","서울 동대문구 신설동 출장마사지 지역을 청량리동과 장안동 인근 생활권으로 나누어 살펴봅니다. 지역에서 공원 시장 관공서 등 생활시설 주변까지 이어지는 주요 지역을 함께 정리했습니다."
"동대문구\용두동\index.html","서울 동대문구 용두동 출장마사지 | 전농동 회기동 주변지역과 생활권 흐름 | 한국미인테라피","서울 동대문구 용두동 출장마사지 지역정보를 전농동과 회기동 인근의 생활지역 중심으로 정리했습니다. 주변지역과 공원 시장 관공서 등 생활시설 주변을 포함해 가까운 지역의 위치 흐름을 확인할 수 있습니다."
"동대문구\이문동\index.html","서울 동대문구 이문동 출장마사지 | 전농동 신설동 인근 지역 흐름과 생활권 | 한국미인테라피","서울 동대문구 이문동 출장마사지 지역을 살펴보면 전농동과 신설동 방향으로 생활권이 이어집니다. 지역 주변과 공원 시장 관공서 등 생활시설 인근까지 포함해 지역의 연결 관계를 담았습니다."
"동대문구\장안동\index.html","서울 동대문구 장안동 출장마사지 | 신설동 휘경동 주변지역과 생활권 흐름 | 한국미인테라피","서울 동대문구 장안동 출장마사지 지역정보를 신설동과 휘경동 인근의 생활지역 중심으로 정리했습니다. 주변지역과 공원 시장 관공서 등 생활시설 주변을 포함해 가까운 지역의 위치 흐름을 확인할 수 있습니다."
"동대문구\전농동\index.html","서울 동대문구 전농동 출장마사지 | 장안동 회기동 주변지역과 생활권 흐름 | 한국미인테라피","서울 동대문구 전농동 출장마사지 지역정보를 장안동과 회기동 인근의 생활지역 중심으로 정리했습니다. 주변지역과 공원 시장 관공서 등 생활시설 주변을 포함해 가까운 지역의 위치 흐름을 확인할 수 있습니다."
"동대문구\제기동\index.html","서울 동대문구 제기동 출장마사지 | 장안동 신설동 인근 지역 흐름과 생활권 | 한국미인테라피","서울 동대문구 제기동 출장마사지 지역을 살펴보면 장안동과 신설동 방향으로 생활권이 이어집니다. 지역 주변과 공원 시장 관공서 등 생활시설 인근까지 포함해 지역의 연결 관계를 담았습니다."
"동대문구\청량리동\index.html","서울 동대문구 청량리동 출장마사지 | 제기동 지역 신설동 주변 생활권 한눈에 보기 | 한국미인테라피","서울 동대문구 청량리동 출장마사지 지역의 위치 특성을 제기동과 신설동 생활권을 기준으로 살펴볼 수 있습니다. 지역에서 공원 시장 관공서 등 생활시설 주변으로 이어지는 인접 지역도 함께 담았습니다."
"동대문구\회기동\index.html","서울 동대문구 회기동 출장마사지 | 신설동 청량리동 인근 지역 흐름과 생활권 | 한국미인테라피","서울 동대문구 회기동 출장마사지 지역을 살펴보면 신설동과 청량리동 방향으로 생활권이 이어집니다. 지역 주변과 공원 시장 관공서 등 생활시설 인근까지 포함해 지역의 연결 관계를 담았습니다."
"동대문구\휘경동\index.html","서울 동대문구 휘경동 출장마사지 | 장안동 용두동 주변지역과 생활권 흐름 | 한국미인테라피","서울 동대문구 휘경동 출장마사지 지역정보를 장안동과 용두동 인근의 생활지역 중심으로 정리했습니다. 주변지역과 공원 시장 관공서 등 생활시설 주변을 포함해 가까운 지역의 위치 흐름을 확인할 수 있습니다."
"동두천시\index.html","동두천 출장마사지 | 생연동 이용지역 소요동 중심 생활권과 주변지역 | 한국미인테라피","동두천 출장마사지 지역정보를 생연동과 소요동 주변 생활권을 중심으로 정리했습니다. 이용지역과 공원 시장 관공서 등 생활시설까지 이어지는 위치 흐름을 함께 살펴볼 수 있습니다."
"동두천시\보산동\index.html","동두천 보산동 출장마사지 | 상패동 불현동 인근 지역 흐름과 생활권 | 한국미인테라피","동두천 보산동 출장마사지 지역을 살펴보면 상패동과 불현동 방향으로 생활권이 이어집니다. 지역 주변과 공원 시장 관공서 등 생활시설 인근까지 포함해 지역의 연결 관계를 담았습니다."
"동두천시\불현동\index.html","동두천 불현동 출장마사지 | 중앙동 생연동 인접지역과 주요 생활권 | 한국미인테라피","동두천 불현동 출장마사지 지역은 중앙동과 생연동 방향의 생활권이 서로 이어지는 특징이 있습니다. 지역과 공원 시장 관공서 등 생활시설 주변 지역까지 함께 살펴보기 쉽게 구성했습니다."
"동두천시\상패동\index.html","동두천 상패동 출장마사지 | 생연동 소요동 주요 생활지역과 위치정보 | 한국미인테라피","동두천 상패동 출장마사지 지역정보는 생연동과 소요동 사이의 위치 관계를 중심으로 구성했습니다. 생활지역과 공원 시장 관공서 등 생활시설 등 가까운 생활지역의 흐름도 함께 확인할 수 있습니다."
"동두천시\생연동\index.html","동두천 생연동 출장마사지 | 보산동 가능지역 중앙동 주변 지역정보와 생활범위 | 한국미인테라피","동두천 생연동 출장마사지 지역정보를 보산동과 중앙동 주변부터 차례로 정리했습니다. 가능지역과 공원 시장 관공서 등 생활시설 같은 생활거점을 기준으로 인접 지역의 구성을 함께 살펴볼 수 있습니다."
"동두천시\소요동\index.html","동두천 소요동 출장마사지 | 생연동 지역 불현동 지역 연결성과 주변 생활권 | 한국미인테라피","동두천 소요동 출장마사지 지역을 생연동과 불현동 인근 생활권으로 나누어 살펴봅니다. 지역에서 공원 시장 관공서 등 생활시설 주변까지 이어지는 주요 지역을 함께 정리했습니다."
"동두천시\송내동\index.html","동두천 송내동 출장마사지 | 소요동 생연동 주변지역과 생활권 흐름 | 한국미인테라피","동두천 송내동 출장마사지 지역정보를 소요동과 생연동 인근의 생활지역 중심으로 정리했습니다. 주변지역과 공원 시장 관공서 등 생활시설 주변을 포함해 가까운 지역의 위치 흐름을 확인할 수 있습니다."
"동두천시\중앙동\index.html","동두천 중앙동 출장마사지 | 송내동 생연동 중심 지역구성과 주변정보 | 한국미인테라피","동두천 중앙동 출장마사지 지역은 송내동과 생연동 생활권 사이에서 주변 지역과 자연스럽게 연결됩니다. 지역 및 공원 시장 관공서 등 생활시설 인근의 생활 흐름을 지역 중심으로 정리했습니다."
"동작구\index.html","서울 동작구 출장마사지 | 흑석동 사당동 인접지역과 주요 생활권 | 한국미인테라피","서울 동작구 출장마사지 지역은 흑석동과 사당동 방향의 생활권이 서로 이어지는 특징이 있습니다. 지역과 공원 시장 관공서 등 생활시설 주변 지역까지 함께 살펴보기 쉽게 구성했습니다."
"동작구\노량진동\index.html","서울 동작구 노량진동 출장마사지 | 신대방동 상도동 중심 지역구성과 주변정보 | 한국미인테라피","서울 동작구 노량진동 출장마사지 지역은 신대방동과 상도동 생활권 사이에서 주변 지역과 자연스럽게 연결됩니다. 지역 및 공원 시장 관공서 등 생활시설 인근의 생활 흐름을 지역 중심으로 정리했습니다."
"동작구\대방동\index.html","서울 동작구 대방동 출장마사지 | 신대방동 상도동 생활권 중심 지역정보 | 한국미인테라피","서울 동작구 대방동 출장마사지 지역은 신대방동에서 상도동 방향으로 이어지는 생활권과 맞닿아 있습니다. 지역을 비롯해 공원 시장 관공서 등 생활시설 주변의 지역 특성을 함께 담았습니다."
"동작구\사당동\index.html","서울 동작구 사당동 출장마사지 | 대방동 지역 노량진동 주변 생활권 한눈에 보기 | 한국미인테라피","서울 동작구 사당동 출장마사지 지역의 위치 특성을 대방동과 노량진동 생활권을 기준으로 살펴볼 수 있습니다. 지역에서 공원 시장 관공서 등 생활시설 주변으로 이어지는 인접 지역도 함께 담았습니다."
"동작구\상도동\index.html","서울 동작구 상도동 출장마사지 | 노량진동 흑석동 중심 지역구성과 주변정보 | 한국미인테라피","서울 동작구 상도동 출장마사지 지역은 노량진동과 흑석동 생활권 사이에서 주변 지역과 자연스럽게 연결됩니다. 지역 및 공원 시장 관공서 등 생활시설 인근의 생활 흐름을 지역 중심으로 정리했습니다."
"동작구\신대방동\index.html","서울 동작구 신대방동 출장마사지 | 대방동 노량진동 중심 지역구성과 주변정보 | 한국미인테라피","서울 동작구 신대방동 출장마사지 지역은 대방동과 노량진동 생활권 사이에서 주변 지역과 자연스럽게 연결됩니다. 지역 및 공원 시장 관공서 등 생활시설 인근의 생활 흐름을 지역 중심으로 정리했습니다."
"동작구\흑석동\index.html","서울 동작구 흑석동 출장마사지 | 상도동 이용지역 신대방동 중심 생활권과 주변지역 | 한국미인테라피","서울 동작구 흑석동 출장마사지 지역정보를 상도동과 신대방동 주변 생활권을 중심으로 정리했습니다. 이용지역과 공원 시장 관공서 등 생활시설까지 이어지는 위치 흐름을 함께 살펴볼 수 있습니다."
"마포구\index.html","서울 마포구 출장마사지 | 염리동 대흥동 생활권 중심 지역정보 | 한국미인테라피","서울 마포구 출장마사지 지역은 염리동에서 대흥동 방향으로 이어지는 생활권과 맞닿아 있습니다. 지역을 비롯해 공원 시장 관공서 등 생활시설 주변의 지역 특성을 함께 담았습니다."
"마포구\공덕동\index.html","서울 마포구 공덕동 출장마사지 | 서강동 지역 용강동 주변 지역정보와 생활범위 | 한국미인테라피","서울 마포구 공덕동 출장마사지 지역정보를 서강동과 용강동 주변부터 차례로 정리했습니다. 지역과 공원 시장 관공서 등 생활시설 같은 생활거점을 기준으로 인접 지역의 구성을 함께 살펴볼 수 있습니다."
"마포구\대흥동\index.html","서울 마포구 대흥동 출장마사지 | 성산동 지역 상암동 지역 연결성과 주변 생활권 | 한국미인테라피","서울 마포구 대흥동 출장마사지 지역을 성산동과 상암동 인근 생활권으로 나누어 살펴봅니다. 지역에서 공원 시장 관공서 등 생활시설 주변까지 이어지는 주요 지역을 함께 정리했습니다."
"마포구\도화동\index.html","서울 마포구 도화동 출장마사지 | 신수동 합정동 이어지는 지역과 생활권 안내 | 한국미인테라피","서울 마포구 도화동 출장마사지 지역정보를 기준으로 신수동과 합정동 방향의 주변 생활권을 담았습니다. 지역과 공원 시장 관공서 등 생활시설를 포함한 인근 지역의 위치 관계를 살펴볼 수 있습니다."
"마포구\망원동\index.html","서울 마포구 망원동 출장마사지 | 대흥동 신수동 인접지역과 주요 생활권 | 한국미인테라피","서울 마포구 망원동 출장마사지 지역은 대흥동과 신수동 방향의 생활권이 서로 이어지는 특징이 있습니다. 지역과 공원 시장 관공서 등 생활시설 주변 지역까지 함께 살펴보기 쉽게 구성했습니다."
"마포구\상암동\index.html","서울 마포구 상암동 출장마사지 | 신수동 지역 서강동 지역 연결성과 주변 생활권 | 한국미인테라피","서울 마포구 상암동 출장마사지 지역을 신수동과 서강동 인근 생활권으로 나누어 살펴봅니다. 지역에서 공원 시장 관공서 등 생활시설 주변까지 이어지는 주요 지역을 함께 정리했습니다."
"마포구\서강동\index.html","서울 마포구 서강동 출장마사지 | 서교동 지역 도화동 지역 연결성과 주변 생활권 | 한국미인테라피","서울 마포구 서강동 출장마사지 지역을 서교동과 도화동 인근 생활권으로 나누어 살펴봅니다. 지역에서 공원 시장 관공서 등 생활시설 주변까지 이어지는 주요 지역을 함께 정리했습니다."
"마포구\서교동\index.html","서울 마포구 서교동 출장마사지 | 아현동 이용지역 연남동 중심 생활권과 주변지역 | 한국미인테라피","서울 마포구 서교동 출장마사지 지역정보를 아현동과 연남동 주변 생활권을 중심으로 정리했습니다. 이용지역과 공원 시장 관공서 등 생활시설까지 이어지는 위치 흐름을 함께 살펴볼 수 있습니다."
"마포구\성산동\index.html","서울 마포구 성산동 출장마사지 | 염리동 합정동 인근 지역 흐름과 생활권 | 한국미인테라피","서울 마포구 성산동 출장마사지 지역을 살펴보면 염리동과 합정동 방향으로 생활권이 이어집니다. 지역 주변과 공원 시장 관공서 등 생활시설 인근까지 포함해 지역의 연결 관계를 담았습니다."
"마포구\신수동\index.html","서울 마포구 신수동 출장마사지 | 아현동 주변지역 연남동 중심 생활권과 주변지역 | 한국미인테라피","서울 마포구 신수동 출장마사지 지역정보를 아현동과 연남동 주변 생활권을 중심으로 정리했습니다. 주변지역과 공원 시장 관공서 등 생활시설까지 이어지는 위치 흐름을 함께 살펴볼 수 있습니다."
"마포구\아현동\index.html","서울 마포구 아현동 출장마사지 | 공덕동 주변지역 대흥동 중심 생활권과 주변지역 | 한국미인테라피","서울 마포구 아현동 출장마사지 지역정보를 공덕동과 대흥동 주변 생활권을 중심으로 정리했습니다. 주변지역과 공원 시장 관공서 등 생활시설까지 이어지는 위치 흐름을 함께 살펴볼 수 있습니다."
"마포구\연남동\index.html","서울 마포구 연남동 출장마사지 | 성산동 합정동 이어지는 지역과 생활권 안내 | 한국미인테라피","서울 마포구 연남동 출장마사지 지역정보를 기준으로 성산동과 합정동 방향의 주변 생활권을 담았습니다. 지역과 공원 시장 관공서 등 생활시설를 포함한 인근 지역의 위치 관계를 살펴볼 수 있습니다."
"마포구\염리동\index.html","서울 마포구 염리동 출장마사지 | 공덕동 아현동 가까운 지역과 생활권 정보 | 한국미인테라피","서울 마포구 염리동 출장마사지 지역정보는 공덕동과 아현동 등 가까운 지역을 함께 볼 수 있도록 구성했습니다. 지역과 공원 시장 관공서 등 생활시설 주변의 생활권도 지역 흐름에 맞춰 정리했습니다."
"마포구\용강동\index.html","서울 마포구 용강동 출장마사지 | 아현동 합정동 주요 생활지역과 위치정보 | 한국미인테라피","서울 마포구 용강동 출장마사지 지역정보는 아현동과 합정동 사이의 위치 관계를 중심으로 구성했습니다. 생활지역과 공원 시장 관공서 등 생활시설 등 가까운 생활지역의 흐름도 함께 확인할 수 있습니다."
"마포구\합정동\index.html","서울 마포구 합정동 출장마사지 | 성산동 연남동 주요 생활지역과 위치정보 | 한국미인테라피","서울 마포구 합정동 출장마사지 지역정보는 성산동과 연남동 사이의 위치 관계를 중심으로 구성했습니다. 생활지역과 공원 시장 관공서 등 생활시설 등 가까운 생활지역의 흐름도 함께 확인할 수 있습니다."
"미추홀구\index.html","인천 미추홀구 출장마사지 | 관교동 문학동 생활권 중심 지역정보 | 한국미인테라피","인천 미추홀구 출장마사지 지역은 관교동에서 문학동 방향으로 이어지는 생활권과 맞닿아 있습니다. 지역을 비롯해 공원 시장 관공서 등 생활시설 주변의 지역 특성을 함께 담았습니다."
"미추홀구\관교동\index.html","인천 미추홀구 관교동 출장마사지 | 도화동 주변지역 용현동 중심 생활권과 주변지역 | 한국미인테라피","인천 미추홀구 관교동 출장마사지 지역정보를 도화동과 용현동 주변 생활권을 중심으로 정리했습니다. 주변지역과 공원 시장 관공서 등 생활시설까지 이어지는 위치 흐름을 함께 살펴볼 수 있습니다."
"미추홀구\도화동\index.html","인천 미추홀구 도화동 출장마사지 | 주안동 용현동 이어지는 지역과 생활권 안내 | 한국미인테라피","인천 미추홀구 도화동 출장마사지 지역정보를 기준으로 주안동과 용현동 방향의 주변 생활권을 담았습니다. 지역과 공원 시장 관공서 등 생활시설를 포함한 인근 지역의 위치 관계를 살펴볼 수 있습니다."
"미추홀구\문학동\index.html","인천 미추홀구 문학동 출장마사지 | 학익동 도화동 인접지역과 주요 생활권 | 한국미인테라피","인천 미추홀구 문학동 출장마사지 지역은 학익동과 도화동 방향의 생활권이 서로 이어지는 특징이 있습니다. 지역과 공원 시장 관공서 등 생활시설 주변 지역까지 함께 살펴보기 쉽게 구성했습니다."
"미추홀구\숭의동\index.html","인천 미추홀구 숭의동 출장마사지 | 도화동 주안동 인근 지역 흐름과 생활권 | 한국미인테라피","인천 미추홀구 숭의동 출장마사지 지역을 살펴보면 도화동과 주안동 방향으로 생활권이 이어집니다. 지역 주변과 공원 시장 관공서 등 생활시설 인근까지 포함해 지역의 연결 관계를 담았습니다."
"미추홀구\용현동\index.html","인천 미추홀구 용현동 출장마사지 | 숭의동 지역 학익동 지역 연결성과 주변 생활권 | 한국미인테라피","인천 미추홀구 용현동 출장마사지 지역을 숭의동과 학익동 인근 생활권으로 나누어 살펴봅니다. 지역에서 공원 시장 관공서 등 생활시설 주변까지 이어지는 주요 지역을 함께 정리했습니다."
"미추홀구\주안동\index.html","인천 미추홀구 주안동 출장마사지 | 용현동 도화동 이어지는 지역과 생활권 안내 | 한국미인테라피","인천 미추홀구 주안동 출장마사지 지역정보를 기준으로 용현동과 도화동 방향의 주변 생활권을 담았습니다. 지역과 공원 시장 관공서 등 생활시설를 포함한 인근 지역의 위치 관계를 살펴볼 수 있습니다."
"미추홀구\학익동\index.html","인천 미추홀구 학익동 출장마사지 | 관교동 가능지역 주안동 주변 지역정보와 생활범위 | 한국미인테라피","인천 미추홀구 학익동 출장마사지 지역정보를 관교동과 주안동 주변부터 차례로 정리했습니다. 가능지역과 공원 시장 관공서 등 생활시설 같은 생활거점을 기준으로 인접 지역의 구성을 함께 살펴볼 수 있습니다."
"부천소사구\index.html","부천 소사구 출장마사지 | 역곡동 지역 소사본동 주변 생활권 한눈에 보기 | 한국미인테라피","부천 소사구 출장마사지 지역의 위치 특성을 역곡동과 소사본동 생활권을 기준으로 살펴볼 수 있습니다. 지역에서 공원 시장 관공서 등 생활시설 주변으로 이어지는 인접 지역도 함께 담았습니다."
"부천소사구\괴안동\index.html","부천 소사구 괴안동 출장마사지 | 역곡동 송내동 이어지는 지역과 생활권 안내 | 한국미인테라피","부천 소사구 괴안동 출장마사지 지역정보를 기준으로 역곡동과 송내동 방향의 주변 생활권을 담았습니다. 지역과 공원 시장 관공서 등 생활시설를 포함한 인근 지역의 위치 관계를 살펴볼 수 있습니다."
"부천소사구\범박동\index.html","부천 소사구 범박동 출장마사지 | 소사본동 괴안동 인근 지역 흐름과 생활권 | 한국미인테라피","부천 소사구 범박동 출장마사지 지역을 살펴보면 소사본동과 괴안동 방향으로 생활권이 이어집니다. 지역 주변과 공원 시장 관공서 등 생활시설 인근까지 포함해 지역의 연결 관계를 담았습니다."
"부천소사구\소사본동\index.html","부천 소사구 소사본동 출장마사지 | 역곡동 범박동 이어지는 지역과 생활권 안내 | 한국미인테라피","부천 소사구 소사본동 출장마사지 지역정보를 기준으로 역곡동과 범박동 방향의 주변 생활권을 담았습니다. 지역과 공원 시장 관공서 등 생활시설를 포함한 인근 지역의 위치 관계를 살펴볼 수 있습니다."
"부천소사구\송내동\index.html","부천 소사구 송내동 출장마사지 | 범박동 괴안동 인근 지역 흐름과 생활권 | 한국미인테라피","부천 소사구 송내동 출장마사지 지역을 살펴보면 범박동과 괴안동 방향으로 생활권이 이어집니다. 지역 주변과 공원 시장 관공서 등 생활시설 인근까지 포함해 지역의 연결 관계를 담았습니다."
"부천소사구\심곡본동\index.html","부천 소사구 심곡본동 출장마사지 | 옥길동 소사본동 인접지역과 주요 생활권 | 한국미인테라피","부천 소사구 심곡본동 출장마사지 지역은 옥길동과 소사본동 방향의 생활권이 서로 이어지는 특징이 있습니다. 지역과 공원 시장 관공서 등 생활시설 주변 지역까지 함께 살펴보기 쉽게 구성했습니다."
"부천소사구\역곡동\index.html","부천 소사구 역곡동 출장마사지 | 소사본동 송내동 주요 생활지역과 위치정보 | 한국미인테라피","부천 소사구 역곡동 출장마사지 지역정보는 소사본동과 송내동 사이의 위치 관계를 중심으로 구성했습니다. 생활지역과 공원 시장 관공서 등 생활시설 등 가까운 생활지역의 흐름도 함께 확인할 수 있습니다."
"부천소사구\옥길동\index.html","부천 소사구 옥길동 출장마사지 | 역곡동 심곡본동 인접지역과 주요 생활권 | 한국미인테라피","부천 소사구 옥길동 출장마사지 지역은 역곡동과 심곡본동 방향의 생활권이 서로 이어지는 특징이 있습니다. 지역과 공원 시장 관공서 등 생활시설 주변 지역까지 함께 살펴보기 쉽게 구성했습니다."
"부천시\index.html","부천 출장마사지 | 부천시 지역 인접지역 주변 생활권 한눈에 보기 | 한국미인테라피","부천 출장마사지 지역의 위치 특성을 부천시과 인접지역 생활권을 기준으로 살펴볼 수 있습니다. 지역에서 공원 시장 관공서 등 생활시설 주변으로 이어지는 인접 지역도 함께 담았습니다."
"부천오정구\index.html","부천 오정구 출장마사지 | 오정동 신흥동 이어지는 지역과 생활권 안내 | 한국미인테라피","부천 오정구 출장마사지 지역정보를 기준으로 오정동과 신흥동 방향의 주변 생활권을 담았습니다. 지역과 공원 시장 관공서 등 생활시설를 포함한 인근 지역의 위치 관계를 살펴볼 수 있습니다."
"부천오정구\고강동\index.html","부천 오정구 고강동 출장마사지 | 성곡동 원종동 주변지역과 생활권 흐름 | 한국미인테라피","부천 오정구 고강동 출장마사지 지역정보를 성곡동과 원종동 인근의 생활지역 중심으로 정리했습니다. 주변지역과 공원 시장 관공서 등 생활시설 주변을 포함해 가까운 지역의 위치 흐름을 확인할 수 있습니다."
"부천오정구\고강본동\index.html","부천 오정구 고강본동 출장마사지 | 신흥동 고강동 주요 생활지역과 위치정보 | 한국미인테라피","부천 오정구 고강본동 출장마사지 지역정보는 신흥동과 고강동 사이의 위치 관계를 중심으로 구성했습니다. 생활지역과 공원 시장 관공서 등 생활시설 등 가까운 생활지역의 흐름도 함께 확인할 수 있습니다."
"부천오정구\성곡동\index.html","부천 오정구 성곡동 출장마사지 | 고강본동 지역 고강동 주변 생활권 한눈에 보기 | 한국미인테라피","부천 오정구 성곡동 출장마사지 지역의 위치 특성을 고강본동과 고강동 생활권을 기준으로 살펴볼 수 있습니다. 지역에서 공원 시장 관공서 등 생활시설 주변으로 이어지는 인접 지역도 함께 담았습니다."
"부천오정구\신흥동\index.html","부천 오정구 신흥동 출장마사지 | 고강본동 원종동 주요 생활지역과 위치정보 | 한국미인테라피","부천 오정구 신흥동 출장마사지 지역정보는 고강본동과 원종동 사이의 위치 관계를 중심으로 구성했습니다. 생활지역과 공원 시장 관공서 등 생활시설 등 가까운 생활지역의 흐름도 함께 확인할 수 있습니다."
"부천오정구\오정동\index.html","부천 오정구 오정동 출장마사지 | 성곡동 고강동 주요 생활지역과 위치정보 | 한국미인테라피","부천 오정구 오정동 출장마사지 지역정보는 성곡동과 고강동 사이의 위치 관계를 중심으로 구성했습니다. 생활지역과 공원 시장 관공서 등 생활시설 등 가까운 생활지역의 흐름도 함께 확인할 수 있습니다."
"부천오정구\원종동\index.html","부천 오정구 원종동 출장마사지 | 고강본동 오정동 주변지역과 생활권 흐름 | 한국미인테라피","부천 오정구 원종동 출장마사지 지역정보를 고강본동과 오정동 인근의 생활지역 중심으로 정리했습니다. 주변지역과 공원 시장 관공서 등 생활시설 주변을 포함해 가까운 지역의 위치 흐름을 확인할 수 있습니다."
"부천원미구\index.html","부천 원미구 출장마사지 | 심곡동 지역 소사동 주변 생활권 한눈에 보기 | 한국미인테라피","부천 원미구 출장마사지 지역의 위치 특성을 심곡동과 소사동 생활권을 기준으로 살펴볼 수 있습니다. 지역에서 공원 시장 관공서 등 생활시설 주변으로 이어지는 인접 지역도 함께 담았습니다."
"부천원미구\도당동\index.html","부천 원미구 도당동 출장마사지 | 소사동 지역 역곡동 지역 연결성과 주변 생활권 | 한국미인테라피","부천 원미구 도당동 출장마사지 지역을 소사동과 역곡동 인근 생활권으로 나누어 살펴봅니다. 지역에서 공원 시장 관공서 등 생활시설 주변까지 이어지는 주요 지역을 함께 정리했습니다."
"부천원미구\상동\index.html","부천 원미구 상동 출장마사지 | 원미동 지역 중동 지역 연결성과 주변 생활권 | 한국미인테라피","부천 원미구 상동 출장마사지 지역을 원미동과 중동 인근 생활권으로 나누어 살펴봅니다. 지역에서 공원 시장 관공서 등 생활시설 주변까지 이어지는 주요 지역을 함께 정리했습니다."
"부천원미구\소사동\index.html","부천 원미구 소사동 출장마사지 | 역곡동 주변지역 춘의동 중심 생활권과 주변지역 | 한국미인테라피","부천 원미구 소사동 출장마사지 지역정보를 역곡동과 춘의동 주변 생활권을 중심으로 정리했습니다. 주변지역과 공원 시장 관공서 등 생활시설까지 이어지는 위치 흐름을 함께 살펴볼 수 있습니다."
"부천원미구\심곡동\index.html","부천 원미구 심곡동 출장마사지 | 상동 춘의동 인근 지역 흐름과 생활권 | 한국미인테라피","부천 원미구 심곡동 출장마사지 지역을 살펴보면 상동과 춘의동 방향으로 생활권이 이어집니다. 지역 주변과 공원 시장 관공서 등 생활시설 인근까지 포함해 지역의 연결 관계를 담았습니다."
"부천원미구\약대동\index.html","부천 원미구 약대동 출장마사지 | 상동 원미동 인접지역과 주요 생활권 | 한국미인테라피","부천 원미구 약대동 출장마사지 지역은 상동과 원미동 방향의 생활권이 서로 이어지는 특징이 있습니다. 지역과 공원 시장 관공서 등 생활시설 주변 지역까지 함께 살펴보기 쉽게 구성했습니다."
"부천원미구\역곡동\index.html","부천 원미구 역곡동 출장마사지 | 소사동 춘의동 주요 생활지역과 위치정보 | 한국미인테라피","부천 원미구 역곡동 출장마사지 지역정보는 소사동과 춘의동 사이의 위치 관계를 중심으로 구성했습니다. 생활지역과 공원 시장 관공서 등 생활시설 등 가까운 생활지역의 흐름도 함께 확인할 수 있습니다."
"부천원미구\원미동\index.html","부천 원미구 원미동 출장마사지 | 약대동 주변지역 심곡동 중심 생활권과 주변지역 | 한국미인테라피","부천 원미구 원미동 출장마사지 지역정보를 약대동과 심곡동 주변 생활권을 중심으로 정리했습니다. 주변지역과 공원 시장 관공서 등 생활시설까지 이어지는 위치 흐름을 함께 살펴볼 수 있습니다."
"부천원미구\중동\index.html","부천 원미구 중동 출장마사지 | 역곡동 원미동 인근 지역 흐름과 생활권 | 한국미인테라피","부천 원미구 중동 출장마사지 지역을 살펴보면 역곡동과 원미동 방향으로 생활권이 이어집니다. 지역 주변과 공원 시장 관공서 등 생활시설 인근까지 포함해 지역의 연결 관계를 담았습니다."
"부천원미구\춘의동\index.html","부천 원미구 춘의동 출장마사지 | 약대동 심곡동 이어지는 지역과 생활권 안내 | 한국미인테라피","부천 원미구 춘의동 출장마사지 지역정보를 기준으로 약대동과 심곡동 방향의 주변 생활권을 담았습니다. 지역과 공원 시장 관공서 등 생활시설를 포함한 인근 지역의 위치 관계를 살펴볼 수 있습니다."
"부평구\index.html","인천 부평구 출장마사지 | 삼산동 주변지역 부개동 중심 생활권과 주변지역 | 한국미인테라피","인천 부평구 출장마사지 지역정보를 삼산동과 부개동 주변 생활권을 중심으로 정리했습니다. 주변지역과 공원 시장 관공서 등 생활시설까지 이어지는 위치 흐름을 함께 살펴볼 수 있습니다."
"부평구\갈산동\index.html","인천 부평구 갈산동 출장마사지 | 산곡동 십정동 인근 지역 흐름과 생활권 | 한국미인테라피","인천 부평구 갈산동 출장마사지 지역을 살펴보면 산곡동과 십정동 방향으로 생활권이 이어집니다. 지역 주변과 공원 시장 관공서 등 생활시설 인근까지 포함해 지역의 연결 관계를 담았습니다."
"부평구\부개동\index.html","인천 부평구 부개동 출장마사지 | 십정동 지역 부평동 지역 연결성과 주변 생활권 | 한국미인테라피","인천 부평구 부개동 출장마사지 지역을 십정동과 부평동 인근 생활권으로 나누어 살펴봅니다. 지역에서 공원 시장 관공서 등 생활시설 주변까지 이어지는 주요 지역을 함께 정리했습니다."
"부평구\부평동\index.html","인천 부평구 부평동 출장마사지 | 십정동 갈산동 주요 생활지역과 위치정보 | 한국미인테라피","인천 부평구 부평동 출장마사지 지역정보는 십정동과 갈산동 사이의 위치 관계를 중심으로 구성했습니다. 생활지역과 공원 시장 관공서 등 생활시설 등 가까운 생활지역의 흐름도 함께 확인할 수 있습니다."
"부평구\산곡동\index.html","인천 부평구 산곡동 출장마사지 | 부평동 일신동 주요 생활지역과 위치정보 | 한국미인테라피","인천 부평구 산곡동 출장마사지 지역정보는 부평동과 일신동 사이의 위치 관계를 중심으로 구성했습니다. 생활지역과 공원 시장 관공서 등 생활시설 등 가까운 생활지역의 흐름도 함께 확인할 수 있습니다."
"부평구\삼산동\index.html","인천 부평구 삼산동 출장마사지 | 산곡동 지역 갈산동 지역 연결성과 주변 생활권 | 한국미인테라피","인천 부평구 삼산동 출장마사지 지역을 산곡동과 갈산동 인근 생활권으로 나누어 살펴봅니다. 지역에서 공원 시장 관공서 등 생활시설 주변까지 이어지는 주요 지역을 함께 정리했습니다."
"부평구\십정동\index.html","인천 부평구 십정동 출장마사지 | 갈산동 지역 삼산동 주변 생활권 한눈에 보기 | 한국미인테라피","인천 부평구 십정동 출장마사지 지역의 위치 특성을 갈산동과 삼산동 생활권을 기준으로 살펴볼 수 있습니다. 지역에서 공원 시장 관공서 등 생활시설 주변으로 이어지는 인접 지역도 함께 담았습니다."
"부평구\일신동\index.html","인천 부평구 일신동 출장마사지 | 부평동 부개동 인접지역과 주요 생활권 | 한국미인테라피","인천 부평구 일신동 출장마사지 지역은 부평동과 부개동 방향의 생활권이 서로 이어지는 특징이 있습니다. 지역과 공원 시장 관공서 등 생활시설 주변 지역까지 함께 살펴보기 쉽게 구성했습니다."
"부평구\청천동\index.html","인천 부평구 청천동 출장마사지 | 부개동 일신동 주변지역과 생활권 흐름 | 한국미인테라피","인천 부평구 청천동 출장마사지 지역정보를 부개동과 일신동 인근의 생활지역 중심으로 정리했습니다. 주변지역과 공원 시장 관공서 등 생활시설 주변을 포함해 가까운 지역의 위치 흐름을 확인할 수 있습니다."
"서구\index.html","인천 서구 출장마사지 | 검암동 가좌동 중심 지역구성과 주변정보 | 한국미인테라피","인천 서구 출장마사지 지역은 검암동과 가좌동 생활권 사이에서 주변 지역과 자연스럽게 연결됩니다. 지역 및 공원 시장 관공서 등 생활시설 인근의 생활 흐름을 지역 중심으로 정리했습니다."
"서구\가정동\index.html","인천 서구 가정동 출장마사지 | 검암동 신현동 인근 지역 흐름과 생활권 | 한국미인테라피","인천 서구 가정동 출장마사지 지역을 살펴보면 검암동과 신현동 방향으로 생활권이 이어집니다. 지역 주변과 공원 시장 관공서 등 생활시설 인근까지 포함해 지역의 연결 관계를 담았습니다."
"서구\가좌동\index.html","인천 서구 가좌동 출장마사지 | 가정동 이용지역 석남동 중심 생활권과 주변지역 | 한국미인테라피","인천 서구 가좌동 출장마사지 지역정보를 가정동과 석남동 주변 생활권을 중심으로 정리했습니다. 이용지역과 공원 시장 관공서 등 생활시설까지 이어지는 위치 흐름을 함께 살펴볼 수 있습니다."
"서구\검암동\index.html","인천 서구 검암동 출장마사지 | 가정동 이용지역 청라동 중심 생활권과 주변지역 | 한국미인테라피","인천 서구 검암동 출장마사지 지역정보를 가정동과 청라동 주변 생활권을 중심으로 정리했습니다. 이용지역과 공원 시장 관공서 등 생활시설까지 이어지는 위치 흐름을 함께 살펴볼 수 있습니다."
"서구\경서동\index.html","인천 서구 경서동 출장마사지 | 연희동 가정동 인근 지역 흐름과 생활권 | 한국미인테라피","인천 서구 경서동 출장마사지 지역을 살펴보면 연희동과 가정동 방향으로 생활권이 이어집니다. 지역 주변과 공원 시장 관공서 등 생활시설 인근까지 포함해 지역의 연결 관계를 담았습니다."
"서구\석남동\index.html","인천 서구 석남동 출장마사지 | 가좌동 지역 청라동 지역 연결성과 주변 생활권 | 한국미인테라피","인천 서구 석남동 출장마사지 지역을 가좌동과 청라동 인근 생활권으로 나누어 살펴봅니다. 지역에서 공원 시장 관공서 등 생활시설 주변까지 이어지는 주요 지역을 함께 정리했습니다."
"서구\신현동\index.html","인천 서구 신현동 출장마사지 | 가정동 석남동 이어지는 지역과 생활권 안내 | 한국미인테라피","인천 서구 신현동 출장마사지 지역정보를 기준으로 가정동과 석남동 방향의 주변 생활권을 담았습니다. 지역과 공원 시장 관공서 등 생활시설를 포함한 인근 지역의 위치 관계를 살펴볼 수 있습니다."
"서구\연희동\index.html","인천 서구 연희동 출장마사지 | 가정동 청라동 가까운 지역과 생활권 정보 | 한국미인테라피","인천 서구 연희동 출장마사지 지역정보는 가정동과 청라동 등 가까운 지역을 함께 볼 수 있도록 구성했습니다. 지역과 공원 시장 관공서 등 생활시설 주변의 생활권도 지역 흐름에 맞춰 정리했습니다."
"서구\원창동\index.html","인천 서구 원창동 출장마사지 | 가좌동 지역 가정동 지역 연결성과 주변 생활권 | 한국미인테라피","인천 서구 원창동 출장마사지 지역을 가좌동과 가정동 인근 생활권으로 나누어 살펴봅니다. 지역에서 공원 시장 관공서 등 생활시설 주변까지 이어지는 주요 지역을 함께 정리했습니다."
"서구\청라동\index.html","인천 서구 청라동 출장마사지 | 신현동 가정동 인근 지역 흐름과 생활권 | 한국미인테라피","인천 서구 청라동 출장마사지 지역을 살펴보면 신현동과 가정동 방향으로 생활권이 이어집니다. 지역 주변과 공원 시장 관공서 등 생활시설 인근까지 포함해 지역의 연결 관계를 담았습니다."
"서대문구\index.html","서울 서대문구 출장마사지 | 북가좌동 남가좌동 생활권 중심 지역정보 | 한국미인테라피","서울 서대문구 출장마사지 지역은 북가좌동에서 남가좌동 방향으로 이어지는 생활권과 맞닿아 있습니다. 지역을 비롯해 공원 시장 관공서 등 생활시설 주변의 지역 특성을 함께 담았습니다."
"서대문구\남가좌동\index.html","서울 서대문구 남가좌동 출장마사지 | 북가좌동 북아현동 이어지는 지역과 생활권 안내 | 한국미인테라피","서울 서대문구 남가좌동 출장마사지 지역정보를 기준으로 북가좌동과 북아현동 방향의 주변 생활권을 담았습니다. 지역과 공원 시장 관공서 등 생활시설를 포함한 인근 지역의 위치 관계를 살펴볼 수 있습니다."
"서대문구\북가좌동\index.html","서울 서대문구 북가좌동 출장마사지 | 북아현동 남가좌동 인접지역과 주요 생활권 | 한국미인테라피","서울 서대문구 북가좌동 출장마사지 지역은 북아현동과 남가좌동 방향의 생활권이 서로 이어지는 특징이 있습니다. 지역과 공원 시장 관공서 등 생활시설 주변 지역까지 함께 살펴보기 쉽게 구성했습니다."
"서대문구\북아현동\index.html","서울 서대문구 북아현동 출장마사지 | 충현동 지역 북가좌동 지역 연결성과 주변 생활권 | 한국미인테라피","서울 서대문구 북아현동 출장마사지 지역을 충현동과 북가좌동 인근 생활권으로 나누어 살펴봅니다. 지역에서 공원 시장 관공서 등 생활시설 주변까지 이어지는 주요 지역을 함께 정리했습니다."
"서대문구\신촌동\index.html","서울 서대문구 신촌동 출장마사지 | 남가좌동 충현동 가까운 지역과 생활권 정보 | 한국미인테라피","서울 서대문구 신촌동 출장마사지 지역정보는 남가좌동과 충현동 등 가까운 지역을 함께 볼 수 있도록 구성했습니다. 지역과 공원 시장 관공서 등 생활시설 주변의 생활권도 지역 흐름에 맞춰 정리했습니다."
"서대문구\연희동\index.html","서울 서대문구 연희동 출장마사지 | 남가좌동 북가좌동 이어지는 지역과 생활권 안내 | 한국미인테라피","서울 서대문구 연희동 출장마사지 지역정보를 기준으로 남가좌동과 북가좌동 방향의 주변 생활권을 담았습니다. 지역과 공원 시장 관공서 등 생활시설를 포함한 인근 지역의 위치 관계를 살펴볼 수 있습니다."
"서대문구\천연동\index.html","서울 서대문구 천연동 출장마사지 | 남가좌동 충현동 가까운 지역과 생활권 정보 | 한국미인테라피","서울 서대문구 천연동 출장마사지 지역정보는 남가좌동과 충현동 등 가까운 지역을 함께 볼 수 있도록 구성했습니다. 지역과 공원 시장 관공서 등 생활시설 주변의 생활권도 지역 흐름에 맞춰 정리했습니다."
"서대문구\충현동\index.html","서울 서대문구 충현동 출장마사지 | 북가좌동 북아현동 인근 지역 흐름과 생활권 | 한국미인테라피","서울 서대문구 충현동 출장마사지 지역을 살펴보면 북가좌동과 북아현동 방향으로 생활권이 이어집니다. 지역 주변과 공원 시장 관공서 등 생활시설 인근까지 포함해 지역의 연결 관계를 담았습니다."
"서대문구\홍은동\index.html","서울 서대문구 홍은동 출장마사지 | 북가좌동 북아현동 인접지역과 주요 생활권 | 한국미인테라피","서울 서대문구 홍은동 출장마사지 지역은 북가좌동과 북아현동 방향의 생활권이 서로 이어지는 특징이 있습니다. 지역과 공원 시장 관공서 등 생활시설 주변 지역까지 함께 살펴보기 쉽게 구성했습니다."
"서대문구\홍제동\index.html","서울 서대문구 홍제동 출장마사지 | 천연동 지역 북가좌동 지역 연결성과 주변 생활권 | 한국미인테라피","서울 서대문구 홍제동 출장마사지 지역을 천연동과 북가좌동 인근 생활권으로 나누어 살펴봅니다. 지역에서 공원 시장 관공서 등 생활시설 주변까지 이어지는 주요 지역을 함께 정리했습니다."
"서울\index.html","서울 출장마사지 | 서울 인접지역 생활권 중심 지역정보 | 한국미인테라피","서울 출장마사지 지역은 서울에서 인접지역 방향으로 이어지는 생활권과 맞닿아 있습니다. 지역을 비롯해 공원 시장 관공서 등 생활시설 주변의 지역 특성을 함께 담았습니다."
"서초구\index.html","서울 서초구 출장마사지 | 잠원동 방배본동 중심 지역구성과 주변정보 | 한국미인테라피","서울 서초구 출장마사지 지역은 잠원동과 방배본동 생활권 사이에서 주변 지역과 자연스럽게 연결됩니다. 지역 및 공원 시장 관공서 등 생활시설 인근의 생활 흐름을 지역 중심으로 정리했습니다."
"서초구\내곡동\index.html","서울 서초구 내곡동 출장마사지 | 양재동 반포동 인근 지역 흐름과 생활권 | 한국미인테라피","서울 서초구 내곡동 출장마사지 지역을 살펴보면 양재동과 반포동 방향으로 생활권이 이어집니다. 지역 주변과 공원 시장 관공서 등 생활시설 인근까지 포함해 지역의 연결 관계를 담았습니다."
"서초구\반포동\index.html","서울 서초구 반포동 출장마사지 | 반포본동 이용지역 방배동 중심 생활권과 주변지역 | 한국미인테라피","서울 서초구 반포동 출장마사지 지역정보를 반포본동과 방배동 주변 생활권을 중심으로 정리했습니다. 이용지역과 공원 시장 관공서 등 생활시설까지 이어지는 위치 흐름을 함께 살펴볼 수 있습니다."
"서초구\반포본동\index.html","서울 서초구 반포본동 출장마사지 | 내곡동 양재동 이어지는 지역과 생활권 안내 | 한국미인테라피","서울 서초구 반포본동 출장마사지 지역정보를 기준으로 내곡동과 양재동 방향의 주변 생활권을 담았습니다. 지역과 공원 시장 관공서 등 생활시설를 포함한 인근 지역의 위치 관계를 살펴볼 수 있습니다."
"서초구\방배동\index.html","서울 서초구 방배동 출장마사지 | 서초동 잠원동 인근 지역 흐름과 생활권 | 한국미인테라피","서울 서초구 방배동 출장마사지 지역을 살펴보면 서초동과 잠원동 방향으로 생활권이 이어집니다. 지역 주변과 공원 시장 관공서 등 생활시설 인근까지 포함해 지역의 연결 관계를 담았습니다."
"서초구\방배본동\index.html","서울 서초구 방배본동 출장마사지 | 방배동 반포본동 인접지역과 주요 생활권 | 한국미인테라피","서울 서초구 방배본동 출장마사지 지역은 방배동과 반포본동 방향의 생활권이 서로 이어지는 특징이 있습니다. 지역과 공원 시장 관공서 등 생활시설 주변 지역까지 함께 살펴보기 쉽게 구성했습니다."
"서초구\서초동\index.html","서울 서초구 서초동 출장마사지 | 방배본동 이용지역 양재동 중심 생활권과 주변지역 | 한국미인테라피","서울 서초구 서초동 출장마사지 지역정보를 방배본동과 양재동 주변 생활권을 중심으로 정리했습니다. 이용지역과 공원 시장 관공서 등 생활시설까지 이어지는 위치 흐름을 함께 살펴볼 수 있습니다."
"서초구\양재동\index.html","서울 서초구 양재동 출장마사지 | 방배본동 지역 반포동 지역 연결성과 주변 생활권 | 한국미인테라피","서울 서초구 양재동 출장마사지 지역을 방배본동과 반포동 인근 생활권으로 나누어 살펴봅니다. 지역에서 공원 시장 관공서 등 생활시설 주변까지 이어지는 주요 지역을 함께 정리했습니다."
"서초구\잠원동\index.html","서울 서초구 잠원동 출장마사지 | 방배동 반포동 이어지는 지역과 생활권 안내 | 한국미인테라피","서울 서초구 잠원동 출장마사지 지역정보를 기준으로 방배동과 반포동 방향의 주변 생활권을 담았습니다. 지역과 공원 시장 관공서 등 생활시설를 포함한 인근 지역의 위치 관계를 살펴볼 수 있습니다."
"성남분당구\index.html","성남 분당구 출장마사지 | 서현동 야탑동 인접지역과 주요 생활권 | 한국미인테라피","성남 분당구 출장마사지 지역은 서현동과 야탑동 방향의 생활권이 서로 이어지는 특징이 있습니다. 지역과 공원 시장 관공서 등 생활시설 주변 지역까지 함께 살펴보기 쉽게 구성했습니다."
"성남분당구\구미동\index.html","성남 분당구 구미동 출장마사지 | 야탑동 가능지역 운중동 주변 지역정보와 생활범위 | 한국미인테라피","성남 분당구 구미동 출장마사지 지역정보를 야탑동과 운중동 주변부터 차례로 정리했습니다. 가능지역과 공원 시장 관공서 등 생활시설 같은 생활거점을 기준으로 인접 지역의 구성을 함께 살펴볼 수 있습니다."
"성남분당구\금곡동\index.html","성남 분당구 금곡동 출장마사지 | 야탑동 판교동 생활권 중심 지역정보 | 한국미인테라피","성남 분당구 금곡동 출장마사지 지역은 야탑동에서 판교동 방향으로 이어지는 생활권과 맞닿아 있습니다. 지역을 비롯해 공원 시장 관공서 등 생활시설 주변의 지역 특성을 함께 담았습니다."
"성남분당구\백현동\index.html","성남 분당구 백현동 출장마사지 | 수내동 지역 서현동 주변 생활권 한눈에 보기 | 한국미인테라피","성남 분당구 백현동 출장마사지 지역의 위치 특성을 수내동과 서현동 생활권을 기준으로 살펴볼 수 있습니다. 지역에서 공원 시장 관공서 등 생활시설 주변으로 이어지는 인접 지역도 함께 담았습니다."
"성남분당구\분당동\index.html","성남 분당구 분당동 출장마사지 | 이매동 수내동 중심 지역구성과 주변정보 | 한국미인테라피","성남 분당구 분당동 출장마사지 지역은 이매동과 수내동 생활권 사이에서 주변 지역과 자연스럽게 연결됩니다. 지역 및 공원 시장 관공서 등 생활시설 인근의 생활 흐름을 지역 중심으로 정리했습니다."
"성남분당구\삼평동\index.html","성남 분당구 삼평동 출장마사지 | 분당동 수내동 생활권 중심 지역정보 | 한국미인테라피","성남 분당구 삼평동 출장마사지 지역은 분당동에서 수내동 방향으로 이어지는 생활권과 맞닿아 있습니다. 지역을 비롯해 공원 시장 관공서 등 생활시설 주변의 지역 특성을 함께 담았습니다."
"성남분당구\서현동\index.html","성남 분당구 서현동 출장마사지 | 판교동 이매동 주요 생활지역과 위치정보 | 한국미인테라피","성남 분당구 서현동 출장마사지 지역정보는 판교동과 이매동 사이의 위치 관계를 중심으로 구성했습니다. 생활지역과 공원 시장 관공서 등 생활시설 등 가까운 생활지역의 흐름도 함께 확인할 수 있습니다."
"성남분당구\수내동\index.html","성남 분당구 수내동 출장마사지 | 서현동 분당동 주요 생활지역과 위치정보 | 한국미인테라피","성남 분당구 수내동 출장마사지 지역정보는 서현동과 분당동 사이의 위치 관계를 중심으로 구성했습니다. 생활지역과 공원 시장 관공서 등 생활시설 등 가까운 생활지역의 흐름도 함께 확인할 수 있습니다."
"성남분당구\야탑동\index.html","성남 분당구 야탑동 출장마사지 | 이매동 서현동 생활권 중심 지역정보 | 한국미인테라피","성남 분당구 야탑동 출장마사지 지역은 이매동에서 서현동 방향으로 이어지는 생활권과 맞닿아 있습니다. 지역을 비롯해 공원 시장 관공서 등 생활시설 주변의 지역 특성을 함께 담았습니다."
"성남분당구\운중동\index.html","성남 분당구 운중동 출장마사지 | 이매동 지역 분당동 주변 생활권 한눈에 보기 | 한국미인테라피","성남 분당구 운중동 출장마사지 지역의 위치 특성을 이매동과 분당동 생활권을 기준으로 살펴볼 수 있습니다. 지역에서 공원 시장 관공서 등 생활시설 주변으로 이어지는 인접 지역도 함께 담았습니다."
"성남분당구\이매동\index.html","성남 분당구 이매동 출장마사지 | 구미동 지역 분당동 주변 지역정보와 생활범위 | 한국미인테라피","성남 분당구 이매동 출장마사지 지역정보를 구미동과 분당동 주변부터 차례로 정리했습니다. 지역과 공원 시장 관공서 등 생활시설 같은 생활거점을 기준으로 인접 지역의 구성을 함께 살펴볼 수 있습니다."
"성남분당구\정자동\index.html","성남 분당구 정자동 출장마사지 | 이매동 백현동 생활권 중심 지역정보 | 한국미인테라피","성남 분당구 정자동 출장마사지 지역은 이매동에서 백현동 방향으로 이어지는 생활권과 맞닿아 있습니다. 지역을 비롯해 공원 시장 관공서 등 생활시설 주변의 지역 특성을 함께 담았습니다."
"성남분당구\판교동\index.html","성남 분당구 판교동 출장마사지 | 서현동 정자동 주변지역과 생활권 흐름 | 한국미인테라피","성남 분당구 판교동 출장마사지 지역정보를 서현동과 정자동 인근의 생활지역 중심으로 정리했습니다. 주변지역과 공원 시장 관공서 등 생활시설 주변을 포함해 가까운 지역의 위치 흐름을 확인할 수 있습니다."
"성남수정구\index.html","성남 수정구 출장마사지 | 태평동 신흥동 인접지역과 주요 생활권 | 한국미인테라피","성남 수정구 출장마사지 지역은 태평동과 신흥동 방향의 생활권이 서로 이어지는 특징이 있습니다. 지역과 공원 시장 관공서 등 생활시설 주변 지역까지 함께 살펴보기 쉽게 구성했습니다."
"성남수정구\고등동\index.html","성남 수정구 고등동 출장마사지 | 양지동 수진동 중심 지역구성과 주변정보 | 한국미인테라피","성남 수정구 고등동 출장마사지 지역은 양지동과 수진동 생활권 사이에서 주변 지역과 자연스럽게 연결됩니다. 지역 및 공원 시장 관공서 등 생활시설 인근의 생활 흐름을 지역 중심으로 정리했습니다."
"성남수정구\단대동\index.html","성남 수정구 단대동 출장마사지 | 시흥동 수진동 주요 생활지역과 위치정보 | 한국미인테라피","성남 수정구 단대동 출장마사지 지역정보는 시흥동과 수진동 사이의 위치 관계를 중심으로 구성했습니다. 생활지역과 공원 시장 관공서 등 생활시설 등 가까운 생활지역의 흐름도 함께 확인할 수 있습니다."
"성남수정구\복정동\index.html","성남 수정구 복정동 출장마사지 | 시흥동 태평동 이어지는 지역과 생활권 안내 | 한국미인테라피","성남 수정구 복정동 출장마사지 지역정보를 기준으로 시흥동과 태평동 방향의 주변 생활권을 담았습니다. 지역과 공원 시장 관공서 등 생활시설를 포함한 인근 지역의 위치 관계를 살펴볼 수 있습니다."
"성남수정구\산성동\index.html","성남 수정구 산성동 출장마사지 | 신촌동 단대동 중심 지역구성과 주변정보 | 한국미인테라피","성남 수정구 산성동 출장마사지 지역은 신촌동과 단대동 생활권 사이에서 주변 지역과 자연스럽게 연결됩니다. 지역 및 공원 시장 관공서 등 생활시설 인근의 생활 흐름을 지역 중심으로 정리했습니다."
"성남수정구\수진동\index.html","성남 수정구 수진동 출장마사지 | 고등동 신촌동 주변지역과 생활권 흐름 | 한국미인테라피","성남 수정구 수진동 출장마사지 지역정보를 고등동과 신촌동 인근의 생활지역 중심으로 정리했습니다. 주변지역과 공원 시장 관공서 등 생활시설 주변을 포함해 가까운 지역의 위치 흐름을 확인할 수 있습니다."
"성남수정구\시흥동\index.html","성남 수정구 시흥동 출장마사지 | 신촌동 수진동 중심 지역구성과 주변정보 | 한국미인테라피","성남 수정구 시흥동 출장마사지 지역은 신촌동과 수진동 생활권 사이에서 주변 지역과 자연스럽게 연결됩니다. 지역 및 공원 시장 관공서 등 생활시설 인근의 생활 흐름을 지역 중심으로 정리했습니다."
"성남수정구\신촌동\index.html","성남 수정구 신촌동 출장마사지 | 고등동 가능지역 단대동 주변 지역정보와 생활범위 | 한국미인테라피","성남 수정구 신촌동 출장마사지 지역정보를 고등동과 단대동 주변부터 차례로 정리했습니다. 가능지역과 공원 시장 관공서 등 생활시설 같은 생활거점을 기준으로 인접 지역의 구성을 함께 살펴볼 수 있습니다."
"성남수정구\신흥동\index.html","성남 수정구 신흥동 출장마사지 | 태평동 지역 산성동 주변 생활권 한눈에 보기 | 한국미인테라피","성남 수정구 신흥동 출장마사지 지역의 위치 특성을 태평동과 산성동 생활권을 기준으로 살펴볼 수 있습니다. 지역에서 공원 시장 관공서 등 생활시설 주변으로 이어지는 인접 지역도 함께 담았습니다."
"성남수정구\양지동\index.html","성남 수정구 양지동 출장마사지 | 시흥동 산성동 생활권 중심 지역정보 | 한국미인테라피","성남 수정구 양지동 출장마사지 지역은 시흥동에서 산성동 방향으로 이어지는 생활권과 맞닿아 있습니다. 지역을 비롯해 공원 시장 관공서 등 생활시설 주변의 지역 특성을 함께 담았습니다."
"성남수정구\위례동\index.html","성남 수정구 위례동 출장마사지 | 신촌동 태평동 주요 생활지역과 위치정보 | 한국미인테라피","성남 수정구 위례동 출장마사지 지역정보는 신촌동과 태평동 사이의 위치 관계를 중심으로 구성했습니다. 생활지역과 공원 시장 관공서 등 생활시설 등 가까운 생활지역의 흐름도 함께 확인할 수 있습니다."
"성남수정구\태평동\index.html","성남 수정구 태평동 출장마사지 | 시흥동 고등동 생활권 중심 지역정보 | 한국미인테라피","성남 수정구 태평동 출장마사지 지역은 시흥동에서 고등동 방향으로 이어지는 생활권과 맞닿아 있습니다. 지역을 비롯해 공원 시장 관공서 등 생활시설 주변의 지역 특성을 함께 담았습니다."
"성남시\index.html","성남 출장마사지 | 성남시 인접지역 가까운 지역과 생활권 정보 | 한국미인테라피","성남 출장마사지 지역정보는 성남시과 인접지역 등 가까운 지역을 함께 볼 수 있도록 구성했습니다. 인접지역과 공원 시장 관공서 등 생활시설 주변의 생활권도 지역 흐름에 맞춰 정리했습니다."
"성남중원구\index.html","성남 중원구 출장마사지 | 금광동 상대원동 인근 지역 흐름과 생활권 | 한국미인테라피","성남 중원구 출장마사지 지역을 살펴보면 금광동과 상대원동 방향으로 생활권이 이어집니다. 지역 주변과 공원 시장 관공서 등 생활시설 인근까지 포함해 지역의 연결 관계를 담았습니다."
"성남중원구\금광동\index.html","성남 중원구 금광동 출장마사지 | 은행동 지역 도촌동 주변 생활권 한눈에 보기 | 한국미인테라피","성남 중원구 금광동 출장마사지 지역의 위치 특성을 은행동과 도촌동 생활권을 기준으로 살펴볼 수 있습니다. 지역에서 공원 시장 관공서 등 생활시설 주변으로 이어지는 인접 지역도 함께 담았습니다."
"성남중원구\도촌동\index.html","성남 중원구 도촌동 출장마사지 | 중앙동 상대원동 주변지역과 생활권 흐름 | 한국미인테라피","성남 중원구 도촌동 출장마사지 지역정보를 중앙동과 상대원동 인근의 생활지역 중심으로 정리했습니다. 주변지역과 공원 시장 관공서 등 생활시설 주변을 포함해 가까운 지역의 위치 흐름을 확인할 수 있습니다."
"성남중원구\상대원동\index.html","성남 중원구 상대원동 출장마사지 | 도촌동 성남동 생활권 중심 지역정보 | 한국미인테라피","성남 중원구 상대원동 출장마사지 지역은 도촌동에서 성남동 방향으로 이어지는 생활권과 맞닿아 있습니다. 지역을 비롯해 공원 시장 관공서 등 생활시설 주변의 지역 특성을 함께 담았습니다."
"성남중원구\성남동\index.html","성남 중원구 성남동 출장마사지 | 도촌동 은행동 생활권 중심 지역정보 | 한국미인테라피","성남 중원구 성남동 출장마사지 지역은 도촌동에서 은행동 방향으로 이어지는 생활권과 맞닿아 있습니다. 지역을 비롯해 공원 시장 관공서 등 생활시설 주변의 지역 특성을 함께 담았습니다."
"성남중원구\은행동\index.html","성남 중원구 은행동 출장마사지 | 도촌동 하대원동 생활권 중심 지역정보 | 한국미인테라피","성남 중원구 은행동 출장마사지 지역은 도촌동에서 하대원동 방향으로 이어지는 생활권과 맞닿아 있습니다. 지역을 비롯해 공원 시장 관공서 등 생활시설 주변의 지역 특성을 함께 담았습니다."
"성남중원구\중앙동\index.html","성남 중원구 중앙동 출장마사지 | 금광동 주변지역 하대원동 중심 생활권과 주변지역 | 한국미인테라피","성남 중원구 중앙동 출장마사지 지역정보를 금광동과 하대원동 주변 생활권을 중심으로 정리했습니다. 주변지역과 공원 시장 관공서 등 생활시설까지 이어지는 위치 흐름을 함께 살펴볼 수 있습니다."
"성남중원구\하대원동\index.html","성남 중원구 하대원동 출장마사지 | 은행동 금광동 주변지역과 생활권 흐름 | 한국미인테라피","성남 중원구 하대원동 출장마사지 지역정보를 은행동과 금광동 인근의 생활지역 중심으로 정리했습니다. 주변지역과 공원 시장 관공서 등 생활시설 주변을 포함해 가까운 지역의 위치 흐름을 확인할 수 있습니다."
"성동구\index.html","서울 성동구 출장마사지 | 용답동 성수1가동 인접지역과 주요 생활권 | 한국미인테라피","서울 성동구 출장마사지 지역은 용답동과 성수1가동 방향의 생활권이 서로 이어지는 특징이 있습니다. 지역과 공원 시장 관공서 등 생활시설 주변 지역까지 함께 살펴보기 쉽게 구성했습니다."
"성동구\금호1가동\index.html","서울 성동구 금호1가동 출장마사지 | 왕십리도선동 옥수동 중심 지역구성과 주변정보 | 한국미인테라피","서울 성동구 금호1가동 출장마사지 지역은 왕십리도선동과 옥수동 생활권 사이에서 주변 지역과 자연스럽게 연결됩니다. 지역 및 공원 시장 관공서 등 생활시설 인근의 생활 흐름을 지역 중심으로 정리했습니다."
"성동구\금호2,3가동\index.html","서울 성동구 금호2,3가동 출장마사지 | 금호1가동 행당동 중심 지역구성과 주변정보 | 한국미인테라피","서울 성동구 금호2,3가동 출장마사지 지역은 금호1가동과 행당동 생활권 사이에서 주변 지역과 자연스럽게 연결됩니다. 지역 및 공원 시장 관공서 등 생활시설 인근의 생활 흐름을 지역 중심으로 정리했습니다."
"성동구\금호4가동\index.html","서울 성동구 금호4가동 출장마사지 | 응봉동 금호2,3가동 주요 생활지역과 위치정보 | 한국미인테라피","서울 성동구 금호4가동 출장마사지 지역정보는 응봉동과 금호2,3가동 사이의 위치 관계를 중심으로 구성했습니다. 생활지역과 공원 시장 관공서 등 생활시설 등 가까운 생활지역의 흐름도 함께 확인할 수 있습니다."
"성동구\마장동\index.html","서울 성동구 마장동 출장마사지 | 금호4가동 지역 송정동 주변 생활권 한눈에 보기 | 한국미인테라피","서울 성동구 마장동 출장마사지 지역의 위치 특성을 금호4가동과 송정동 생활권을 기준으로 살펴볼 수 있습니다. 지역에서 공원 시장 관공서 등 생활시설 주변으로 이어지는 인접 지역도 함께 담았습니다."
"성동구\사근동\index.html","서울 성동구 사근동 출장마사지 | 옥수동 성수2가동 주변지역과 생활권 흐름 | 한국미인테라피","서울 성동구 사근동 출장마사지 지역정보를 옥수동과 성수2가동 인근의 생활지역 중심으로 정리했습니다. 주변지역과 공원 시장 관공서 등 생활시설 주변을 포함해 가까운 지역의 위치 흐름을 확인할 수 있습니다."
"성동구\성수1가동\index.html","서울 성동구 성수1가동 출장마사지 | 왕십리도선동 금호1가동 이어지는 지역과 생활권 안내 | 한국미인테라피","서울 성동구 성수1가동 출장마사지 지역정보를 기준으로 왕십리도선동과 금호1가동 방향의 주변 생활권을 담았습니다. 지역과 공원 시장 관공서 등 생활시설를 포함한 인근 지역의 위치 관계를 살펴볼 수 있습니다."
"성동구\성수2가동\index.html","서울 성동구 성수2가동 출장마사지 | 왕십리동 금호4가동 인접지역과 주요 생활권 | 한국미인테라피","서울 성동구 성수2가동 출장마사지 지역은 왕십리동과 금호4가동 방향의 생활권이 서로 이어지는 특징이 있습니다. 지역과 공원 시장 관공서 등 생활시설 주변 지역까지 함께 살펴보기 쉽게 구성했습니다."
"성동구\송정동\index.html","서울 성동구 송정동 출장마사지 | 사근동 이용지역 성수1가동 중심 생활권과 주변지역 | 한국미인테라피","서울 성동구 송정동 출장마사지 지역정보를 사근동과 성수1가동 주변 생활권을 중심으로 정리했습니다. 이용지역과 공원 시장 관공서 등 생활시설까지 이어지는 위치 흐름을 함께 살펴볼 수 있습니다."
"성동구\옥수동\index.html","서울 성동구 옥수동 출장마사지 | 사근동 행당동 생활권 중심 지역정보 | 한국미인테라피","서울 성동구 옥수동 출장마사지 지역은 사근동에서 행당동 방향으로 이어지는 생활권과 맞닿아 있습니다. 지역을 비롯해 공원 시장 관공서 등 생활시설 주변의 지역 특성을 함께 담았습니다."
"성동구\왕십리도선동\index.html","서울 성동구 왕십리도선동 출장마사지 | 용답동 금호4가동 이어지는 지역과 생활권 안내 | 한국미인테라피","서울 성동구 왕십리도선동 출장마사지 지역정보를 기준으로 용답동과 금호4가동 방향의 주변 생활권을 담았습니다. 지역과 공원 시장 관공서 등 생활시설를 포함한 인근 지역의 위치 관계를 살펴볼 수 있습니다."
"성동구\왕십리동\index.html","서울 성동구 왕십리동 출장마사지 | 왕십리도선동 금호2,3가동 이어지는 지역과 생활권 안내 | 한국미인테라피","서울 성동구 왕십리동 출장마사지 지역정보를 기준으로 왕십리도선동과 금호2,3가동 방향의 주변 생활권을 담았습니다. 지역과 공원 시장 관공서 등 생활시설를 포함한 인근 지역의 위치 관계를 살펴볼 수 있습니다."
"성동구\용답동\index.html","서울 성동구 용답동 출장마사지 | 성수1가동 금호2,3가동 가까운 지역과 생활권 정보 | 한국미인테라피","서울 성동구 용답동 출장마사지 지역정보는 성수1가동과 금호2,3가동 등 가까운 지역을 함께 볼 수 있도록 구성했습니다. 지역과 공원 시장 관공서 등 생활시설 주변의 생활권도 지역 흐름에 맞춰 정리했습니다."
"성동구\응봉동\index.html","서울 성동구 응봉동 출장마사지 | 왕십리동 성수2가동 가까운 지역과 생활권 정보 | 한국미인테라피","서울 성동구 응봉동 출장마사지 지역정보는 왕십리동과 성수2가동 등 가까운 지역을 함께 볼 수 있도록 구성했습니다. 지역과 공원 시장 관공서 등 생활시설 주변의 생활권도 지역 흐름에 맞춰 정리했습니다."
"성동구\행당동\index.html","서울 성동구 행당동 출장마사지 | 옥수동 금호1가동 이어지는 지역과 생활권 안내 | 한국미인테라피","서울 성동구 행당동 출장마사지 지역정보를 기준으로 옥수동과 금호1가동 방향의 주변 생활권을 담았습니다. 지역과 공원 시장 관공서 등 생활시설를 포함한 인근 지역의 위치 관계를 살펴볼 수 있습니다."
"성북구\index.html","서울 성북구 출장마사지 | 석관동 정릉동 인접지역과 주요 생활권 | 한국미인테라피","서울 성북구 출장마사지 지역은 석관동과 정릉동 방향의 생활권이 서로 이어지는 특징이 있습니다. 지역과 공원 시장 관공서 등 생활시설 주변 지역까지 함께 살펴보기 쉽게 구성했습니다."
"성북구\길음동\index.html","서울 성북구 길음동 출장마사지 | 돈암동 동선동 주요 생활지역과 위치정보 | 한국미인테라피","서울 성북구 길음동 출장마사지 지역정보는 돈암동과 동선동 사이의 위치 관계를 중심으로 구성했습니다. 생활지역과 공원 시장 관공서 등 생활시설 등 가까운 생활지역의 흐름도 함께 확인할 수 있습니다."
"성북구\돈암동\index.html","서울 성북구 돈암동 출장마사지 | 월곡동 장위동 주변지역과 생활권 흐름 | 한국미인테라피","서울 성북구 돈암동 출장마사지 지역정보를 월곡동과 장위동 인근의 생활지역 중심으로 정리했습니다. 주변지역과 공원 시장 관공서 등 생활시설 주변을 포함해 가까운 지역의 위치 흐름을 확인할 수 있습니다."
"성북구\동선동\index.html","서울 성북구 동선동 출장마사지 | 석관동 안암동 생활권 중심 지역정보 | 한국미인테라피","서울 성북구 동선동 출장마사지 지역은 석관동에서 안암동 방향으로 이어지는 생활권과 맞닿아 있습니다. 지역을 비롯해 공원 시장 관공서 등 생활시설 주변의 지역 특성을 함께 담았습니다."
"성북구\보문동\index.html","서울 성북구 보문동 출장마사지 | 정릉동 종암동 주변지역과 생활권 흐름 | 한국미인테라피","서울 성북구 보문동 출장마사지 지역정보를 정릉동과 종암동 인근의 생활지역 중심으로 정리했습니다. 주변지역과 공원 시장 관공서 등 생활시설 주변을 포함해 가까운 지역의 위치 흐름을 확인할 수 있습니다."
"성북구\삼선동\index.html","서울 성북구 삼선동 출장마사지 | 보문동 지역 석관동 주변 지역정보와 생활범위 | 한국미인테라피","서울 성북구 삼선동 출장마사지 지역정보를 보문동과 석관동 주변부터 차례로 정리했습니다. 지역과 공원 시장 관공서 등 생활시설 같은 생활거점을 기준으로 인접 지역의 구성을 함께 살펴볼 수 있습니다."
"성북구\석관동\index.html","서울 성북구 석관동 출장마사지 | 장위동 지역 보문동 주변 생활권 한눈에 보기 | 한국미인테라피","서울 성북구 석관동 출장마사지 지역의 위치 특성을 장위동과 보문동 생활권을 기준으로 살펴볼 수 있습니다. 지역에서 공원 시장 관공서 등 생활시설 주변으로 이어지는 인접 지역도 함께 담았습니다."
"성북구\성북동\index.html","서울 성북구 성북동 출장마사지 | 월곡동 주변지역 장위동 중심 생활권과 주변지역 | 한국미인테라피","서울 성북구 성북동 출장마사지 지역정보를 월곡동과 장위동 주변 생활권을 중심으로 정리했습니다. 주변지역과 공원 시장 관공서 등 생활시설까지 이어지는 위치 흐름을 함께 살펴볼 수 있습니다."
"성북구\안암동\index.html","서울 성북구 안암동 출장마사지 | 종암동 길음동 주요 생활지역과 위치정보 | 한국미인테라피","서울 성북구 안암동 출장마사지 지역정보는 종암동과 길음동 사이의 위치 관계를 중심으로 구성했습니다. 생활지역과 공원 시장 관공서 등 생활시설 등 가까운 생활지역의 흐름도 함께 확인할 수 있습니다."
"성북구\월곡동\index.html","서울 성북구 월곡동 출장마사지 | 종암동 안암동 생활권 중심 지역정보 | 한국미인테라피","서울 성북구 월곡동 출장마사지 지역은 종암동에서 안암동 방향으로 이어지는 생활권과 맞닿아 있습니다. 지역을 비롯해 공원 시장 관공서 등 생활시설 주변의 지역 특성을 함께 담았습니다."
"성북구\장위동\index.html","서울 성북구 장위동 출장마사지 | 동선동 종암동 생활권 중심 지역정보 | 한국미인테라피","서울 성북구 장위동 출장마사지 지역은 동선동에서 종암동 방향으로 이어지는 생활권과 맞닿아 있습니다. 지역을 비롯해 공원 시장 관공서 등 생활시설 주변의 지역 특성을 함께 담았습니다."
"성북구\정릉동\index.html","서울 성북구 정릉동 출장마사지 | 안암동 석관동 이어지는 지역과 생활권 안내 | 한국미인테라피","서울 성북구 정릉동 출장마사지 지역정보를 기준으로 안암동과 석관동 방향의 주변 생활권을 담았습니다. 지역과 공원 시장 관공서 등 생활시설를 포함한 인근 지역의 위치 관계를 살펴볼 수 있습니다."
"성북구\종암동\index.html","서울 성북구 종암동 출장마사지 | 보문동 지역 동선동 주변 생활권 한눈에 보기 | 한국미인테라피","서울 성북구 종암동 출장마사지 지역의 위치 특성을 보문동과 동선동 생활권을 기준으로 살펴볼 수 있습니다. 지역에서 공원 시장 관공서 등 생활시설 주변으로 이어지는 인접 지역도 함께 담았습니다."
"송파구\index.html","서울 송파구 출장마사지 | 잠실동 문정동 잠실역 석촌호수 주요지역 | 한국미인테라피","서울 송파구 출장마사지 지역정보를 잠실동과 문정동을 중심으로 살펴봅니다. 잠실역과 석촌호수, 롯데월드 일대부터 남부 주거지역까지 이어지는 송파구의 넓은 생활권을 정리했습니다."
"송파구\가락동\index.html","서울 송파구 가락동 출장마사지 | 가락시장역 경찰병원역 문정동 주변지역 | 한국미인테라피","가락동 출장마사지 지역을 가락시장역과 경찰병원역 주변으로 나누어 살펴볼 수 있습니다. 문정동과 송파동으로 연결되는 생활권에 가락시장 일대의 상업지역까지 함께 정리했습니다."
"송파구\가락본동\index.html","서울 송파구 가락본동 출장마사지 | 가락시장역 경찰병원역 가락시장 생활권 | 한국미인테라피","가락본동 출장마사지 지역정보를 가락시장역과 경찰병원역 주변으로 나누어 정리했습니다. 가락시장과 송파대로 일대, 문정동과 오금동으로 이어지는 생활지역의 위치 관계도 함께 담았습니다."
"송파구\거여동\index.html","서울 송파구 거여동 출장마사지 | 거여역 마천역 위례동 주변 주거지역 | 한국미인테라피","거여동 출장마사지 지역은 거여역을 중심으로 마천동과 위례동 방향까지 연결됩니다. 송파 남동부의 주거지역과 거여공원 주변을 포함해 인접 생활권을 살펴보기 쉽게 구성했습니다."
"송파구\마천동\index.html","서울 송파구 마천동 출장마사지 | 마천역 거여동 천마근린공원 인근지역 | 한국미인테라피","마천동 출장마사지 지역정보는 마천역과 거여동 경계를 중심으로 살펴볼 수 있습니다. 천마근린공원 주변 주거지역과 위례 방향으로 연결되는 송파구 동남권의 지역 흐름을 함께 정리했습니다."
"송파구\문정동\index.html","서울 송파구 문정동 출장마사지 | 문정역 장지역 법조단지 가든파이브 주변 | 한국미인테라피","문정동 출장마사지 지역정보는 문정역과 장지역을 기준으로 법조단지와 가든파이브 주변까지 이어집니다. 장지동과 가락동 방향의 주거지역을 포함해 문정동 생활권을 폭넓게 정리했습니다."
"송파구\방이동\index.html","서울 송파구 방이동 출장마사지 | 방이역 몽촌토성역 올림픽공원 생활권 | 한국미인테라피","방이동 출장마사지 지역은 방이역과 몽촌토성역 사이에 다양한 생활권이 형성돼 있습니다. 올림픽공원과 방이동 먹자골목, 잠실 방향으로 이어지는 주요 지역을 한데 정리했습니다."
"송파구\삼전동\index.html","서울 송파구 삼전동 출장마사지 | 삼전역 석촌고분역 잠실동 주변정보 | 한국미인테라피","삼전동 출장마사지 지역을 삼전역과 석촌고분역을 기준으로 살펴봅니다. 석촌고분 일대와 잠실동, 석촌동 사이에 자리한 주거 생활권의 위치와 주변 지역을 함께 담았습니다."
"송파구\석촌동\index.html","서울 송파구 석촌동 출장마사지 | 석촌역 송파역 석촌호수 잠실동 인근 | 한국미인테라피","석촌동 출장마사지 지역은 석촌역과 송파역을 중심으로 잠실동과 송파동에 연결됩니다. 석촌호수 남측 생활권과 주변 주거지역을 함께 담아 지역의 위치 관계를 확인하기 쉽게 구성했습니다."
"송파구\송파동\index.html","서울 송파구 송파동 출장마사지 | 송파역 석촌역 석촌호수 송리단길 인근 | 한국미인테라피","송파동 출장마사지 지역정보는 송파역과 석촌역 주변에서 석촌호수 방향으로 이어집니다. 송리단길과 방이동, 가락동으로 연결되는 상업지역과 주거 생활권을 함께 살펴볼 수 있습니다."
"송파구\오금동\index.html","서울 송파구 오금동 출장마사지 | 오금역 개롱역 오금공원 가락동 주변 | 한국미인테라피","오금동 출장마사지 지역은 오금역과 개롱역을 중심으로 가락동과 방이동 사이에 형성되어 있습니다. 오금공원과 주변 주거지역까지 포함해 동서로 이어지는 생활권을 정리했습니다."
"송파구\오륜동\index.html","서울 송파구 오륜동 출장마사지 | 올림픽공원역 둔촌오륜역 올림픽공원 일대 | 한국미인테라피","오륜동 출장마사지 지역정보를 올림픽공원역과 둔촌오륜역 주변을 중심으로 담았습니다. 올림픽공원과 체육시설 일대를 비롯해 방이동과 강동구 방향으로 이어지는 지역 흐름을 살펴볼 수 있습니다."
"송파구\위례동\index.html","서울 송파구 위례동 출장마사지 | 장지역 장지동 위례중앙광장 주변생활권 | 한국미인테라피","위례동 출장마사지 지역은 장지동과 맞닿은 송파 남부권에서 위례신도시 생활권으로 이어집니다. 장지역 접근권과 위례중앙광장, 장지천 주변의 주거지역을 중심으로 정리했습니다."
"송파구\잠실동\index.html","서울 송파구 잠실동 출장마사지 | 잠실역 종합운동장역 롯데월드 석촌호수 | 한국미인테라피","잠실동 출장마사지 지역은 잠실역과 종합운동장역 사이를 중심으로 형성되어 있습니다. 롯데월드와 석촌호수, 잠실종합운동장 주변까지 이어지는 상업 주거 생활권을 함께 담았습니다."
"송파구\잠실본동\index.html","서울 송파구 잠실본동 출장마사지 | 잠실새내역 종합운동장역 새마을시장 일대 | 한국미인테라피","잠실본동 출장마사지 지역정보는 잠실새내역과 종합운동장역 사이의 생활권을 중심으로 구성했습니다. 새마을시장과 잠실종합운동장 주변, 삼전동으로 이어지는 지역까지 함께 담았습니다."
"송파구\장지동\index.html","서울 송파구 장지동 출장마사지 | 장지역 문정동 위례동 가든파이브 주변 | 한국미인테라피","장지동 출장마사지 지역정보를 장지역을 중심으로 문정동과 위례동 방향까지 넓혀 정리했습니다. 가든파이브와 장지근린공원, 송파대로 주변의 주거지역과 상업 생활권을 함께 살펴볼 수 있습니다."
"송파구\풍납동\index.html","서울 송파구 풍납동 출장마사지 | 천호역 강동구청역 풍납토성 서울아산병원 인근 | 한국미인테라피","풍납동 출장마사지 지역은 천호역과 강동구청역 사이에서 한강 방향으로 이어집니다. 풍납토성과 서울아산병원 주변, 잠실 북부와 천호동에 맞닿은 생활지역까지 폭넓게 담았습니다."
"수원권선구\index.html","수원 권선구 출장마사지 | 권선동 세류동 수원버스터미널 서수원 생활권 | 한국미인테라피","수원 권선구 출장마사지 지역정보를 권선동과 세류동, 호매실동을 중심으로 정리했습니다. 수원버스터미널 주변 도심권부터 서수원 주거지역까지 이어지는 권선구의 넓은 생활권을 함께 살펴볼 수 있습니다."
"수원권선구\곡선동\index.html","수원 권선구 곡선동 출장마사지 | 곡반정동 권선동 매탄권선역 주변지역 | 한국미인테라피","곡선동 출장마사지 지역을 곡반정동과 권선동 사이의 생활권을 중심으로 살펴봅니다. 매탄권선역 접근지역과 곡반정동 주거지, 동수원 방향으로 이어지는 주변 지역을 함께 정리했습니다."
"수원권선구\구운동\index.html","수원 권선구 구운동 출장마사지 | 서수원버스터미널 서둔동 일월공원 생활권 | 한국미인테라피","구운동 출장마사지 지역정보는 서수원버스터미널 주변과 서둔동 방향의 생활지역을 중심으로 담았습니다. 일월공원 인근과 서수원 주거권역까지 연결되는 구운동의 위치 특성을 확인할 수 있습니다."
"수원권선구\권선동\index.html","수원 권선구 권선동 출장마사지 | 수원버스터미널 세류역 곡선동 권선시장 인근 | 한국미인테라피","권선동 출장마사지 지역은 수원버스터미널을 중심으로 세류역과 곡선동 방향으로 이어지는 생활권이 넓게 형성되어 있습니다. 권선시장과 주요 상업지역, 주변 주거지역의 흐름을 함께 정리했습니다."
"수원권선구\금곡동\index.html","수원 권선구 금곡동 출장마사지 | 호매실동 칠보산 금곡천 서수원 주거지역 | 한국미인테라피","금곡동 출장마사지 지역정보를 호매실동과 맞닿은 서수원 생활권을 기준으로 구성했습니다. 칠보산과 금곡천 주변, 대규모 주거단지가 이어지는 금곡동의 지역 특징을 함께 살펴볼 수 있습니다."
"수원권선구\서둔동\index.html","수원 권선구 서둔동 출장마사지 | 수원역 서호공원 경기상상캠퍼스 주변 | 한국미인테라피","서둔동 출장마사지 지역은 수원역 서쪽 생활권에서 구운동과 평동 방향으로 연결됩니다. 서호공원과 경기상상캠퍼스 주변을 포함해 주거지역과 녹지 공간이 어우러진 지역 흐름을 정리했습니다."
"수원권선구\세류동\index.html","수원 권선구 세류동 출장마사지 | 세류역 권선동 수원버스터미널 주변 생활권 | 한국미인테라피","세류동 출장마사지 지역정보는 세류역 주변에서 권선동과 수원역 남부 방향으로 이어집니다. 수원버스터미널 접근권과 세류동 주거지역을 함께 담아 주요 위치 관계를 알아보기 쉽게 구성했습니다."
"수원권선구\입북동\index.html","수원 권선구 입북동 출장마사지 | 당수동 성균관대역 왕송호수 인접지역 | 한국미인테라피","입북동 출장마사지 지역은 당수동과 함께 수원 북서부 생활권을 이루며 성균관대역 방향과도 연결됩니다. 의왕 왕송호수 인접 지역과 서수원 주거권역까지 이어지는 위치 특성을 중심으로 정리했습니다."
"수원권선구\평동\index.html","수원 권선구 평동 출장마사지 | 세류동 권선동 인근 지역 흐름과 생활권 | 한국미인테라피","수원 권선구 평동 출장마사지 지역을 살펴보면 세류동과 권선동 방향으로 생활권이 이어집니다. 지역 주변과 공원 시장 관공서 등 생활시설 인근까지 포함해 지역의 연결 관계를 담았습니다."
"수원권선구\호매실동\index.html","수원 권선구 호매실동 출장마사지 | 서둔동 평동 이어지는 지역과 생활권 안내 | 한국미인테라피","수원 권선구 호매실동 출장마사지 지역정보를 기준으로 서둔동과 평동 방향의 주변 생활권을 담았습니다. 지역과 공원 시장 관공서 등 생활시설를 포함한 인근 지역의 위치 관계를 살펴볼 수 있습니다."
"수원시\index.html","수원 출장마사지 | 수원시 인접지역 생활권 중심 지역정보 | 한국미인테라피","수원 출장마사지 지역은 수원시에서 인접지역 방향으로 이어지는 생활권과 맞닿아 있습니다. 지역을 비롯해 공원 시장 관공서 등 생활시설 주변의 지역 특성을 함께 담았습니다."
"수원영통구\index.html","수원 영통구 출장마사지 | 광교동 매탄동 인근 지역 흐름과 생활권 | 한국미인테라피","수원 영통구 출장마사지 지역을 살펴보면 광교동과 매탄동 방향으로 생활권이 이어집니다. 지역 주변과 공원 시장 관공서 등 생활시설 인근까지 포함해 지역의 연결 관계를 담았습니다."
"수원영통구\광교동\index.html","수원 영통구 광교동 출장마사지 | 원천동 영통동 중심 지역구성과 주변정보 | 한국미인테라피","수원 영통구 광교동 출장마사지 지역은 원천동과 영통동 생활권 사이에서 주변 지역과 자연스럽게 연결됩니다. 지역 및 공원 시장 관공서 등 생활시설 인근의 생활 흐름을 지역 중심으로 정리했습니다."
"수원영통구\망포동\index.html","수원 영통구 망포동 출장마사지 | 원천동 매탄동 생활권 중심 지역정보 | 한국미인테라피","수원 영통구 망포동 출장마사지 지역은 원천동에서 매탄동 방향으로 이어지는 생활권과 맞닿아 있습니다. 지역을 비롯해 공원 시장 관공서 등 생활시설 주변의 지역 특성을 함께 담았습니다."
"수원영통구\매탄동\index.html","수원 영통구 매탄동 출장마사지 | 영통동 광교동 주변지역과 생활권 흐름 | 한국미인테라피","수원 영통구 매탄동 출장마사지 지역정보를 영통동과 광교동 인근의 생활지역 중심으로 정리했습니다. 주변지역과 공원 시장 관공서 등 생활시설 주변을 포함해 가까운 지역의 위치 흐름을 확인할 수 있습니다."
"수원영통구\영통동\index.html","수원 영통구 영통동 출장마사지 | 광교동 매탄동 이어지는 지역과 생활권 안내 | 한국미인테라피","수원 영통구 영통동 출장마사지 지역정보를 기준으로 광교동과 매탄동 방향의 주변 생활권을 담았습니다. 지역과 공원 시장 관공서 등 생활시설를 포함한 인근 지역의 위치 관계를 살펴볼 수 있습니다."
"수원영통구\원천동\index.html","수원 영통구 원천동 출장마사지 | 매탄동 광교동 주변지역과 생활권 흐름 | 한국미인테라피","수원 영통구 원천동 출장마사지 지역정보를 매탄동과 광교동 인근의 생활지역 중심으로 정리했습니다. 주변지역과 공원 시장 관공서 등 생활시설 주변을 포함해 가까운 지역의 위치 흐름을 확인할 수 있습니다."
"수원장안구\index.html","수원 장안구 출장마사지 | 영화동 이용지역 율천동 중심 생활권과 주변지역 | 한국미인테라피","수원 장안구 출장마사지 지역정보를 영화동과 율천동 주변 생활권을 중심으로 정리했습니다. 이용지역과 공원 시장 관공서 등 생활시설까지 이어지는 위치 흐름을 함께 살펴볼 수 있습니다."
"수원장안구\송죽동\index.html","수원 장안구 송죽동 출장마사지 | 파장동 조원동 중심 지역구성과 주변정보 | 한국미인테라피","수원 장안구 송죽동 출장마사지 지역은 파장동과 조원동 생활권 사이에서 주변 지역과 자연스럽게 연결됩니다. 지역 및 공원 시장 관공서 등 생활시설 인근의 생활 흐름을 지역 중심으로 정리했습니다."
"수원장안구\연무동\index.html","수원 장안구 연무동 출장마사지 | 정자동 지역 영화동 지역 연결성과 주변 생활권 | 한국미인테라피","수원 장안구 연무동 출장마사지 지역을 정자동과 영화동 인근 생활권으로 나누어 살펴봅니다. 지역에서 공원 시장 관공서 등 생활시설 주변까지 이어지는 주요 지역을 함께 정리했습니다."
"수원장안구\영화동\index.html","수원 장안구 영화동 출장마사지 | 조원동 정자동 주변지역과 생활권 흐름 | 한국미인테라피","수원 장안구 영화동 출장마사지 지역정보를 조원동과 정자동 인근의 생활지역 중심으로 정리했습니다. 주변지역과 공원 시장 관공서 등 생활시설 주변을 포함해 가까운 지역의 위치 흐름을 확인할 수 있습니다."
"수원장안구\율천동\index.html","수원 장안구 율천동 출장마사지 | 연무동 정자동 인근 지역 흐름과 생활권 | 한국미인테라피","수원 장안구 율천동 출장마사지 지역을 살펴보면 연무동과 정자동 방향으로 생활권이 이어집니다. 지역 주변과 공원 시장 관공서 등 생활시설 인근까지 포함해 지역의 연결 관계를 담았습니다."
"수원장안구\정자동\index.html","수원 장안구 정자동 출장마사지 | 영화동 조원동 주요 생활지역과 위치정보 | 한국미인테라피","수원 장안구 정자동 출장마사지 지역정보는 영화동과 조원동 사이의 위치 관계를 중심으로 구성했습니다. 생활지역과 공원 시장 관공서 등 생활시설 등 가까운 생활지역의 흐름도 함께 확인할 수 있습니다."
"수원장안구\조원동\index.html","수원 장안구 조원동 출장마사지 | 율천동 지역 정자동 지역 연결성과 주변 생활권 | 한국미인테라피","수원 장안구 조원동 출장마사지 지역을 율천동과 정자동 인근 생활권으로 나누어 살펴봅니다. 지역에서 공원 시장 관공서 등 생활시설 주변까지 이어지는 주요 지역을 함께 정리했습니다."
"수원장안구\파장동\index.html","수원 장안구 파장동 출장마사지 | 정자동 율천동 주변지역과 생활권 흐름 | 한국미인테라피","수원 장안구 파장동 출장마사지 지역정보를 정자동과 율천동 인근의 생활지역 중심으로 정리했습니다. 주변지역과 공원 시장 관공서 등 생활시설 주변을 포함해 가까운 지역의 위치 흐름을 확인할 수 있습니다."
"수원팔달구\index.html","수원 팔달구 출장마사지 | 우만동 지역 인계동 주변 생활권 한눈에 보기 | 한국미인테라피","수원 팔달구 출장마사지 지역의 위치 특성을 우만동과 인계동 생활권을 기준으로 살펴볼 수 있습니다. 지역에서 공원 시장 관공서 등 생활시설 주변으로 이어지는 인접 지역도 함께 담았습니다."
"수원팔달구\고등동\index.html","수원 팔달구 고등동 출장마사지 | 매교동 지역 지동 지역 연결성과 주변 생활권 | 한국미인테라피","수원 팔달구 고등동 출장마사지 지역을 매교동과 지동 인근 생활권으로 나누어 살펴봅니다. 지역에서 공원 시장 관공서 등 생활시설 주변까지 이어지는 주요 지역을 함께 정리했습니다."
"수원팔달구\매교동\index.html","수원 팔달구 매교동 출장마사지 | 고등동 인계동 가까운 지역과 생활권 정보 | 한국미인테라피","수원 팔달구 매교동 출장마사지 지역정보는 고등동과 인계동 등 가까운 지역을 함께 볼 수 있도록 구성했습니다. 지역과 공원 시장 관공서 등 생활시설 주변의 생활권도 지역 흐름에 맞춰 정리했습니다."
"수원팔달구\매산동\index.html","수원 팔달구 매산동 출장마사지 | 지동 주변지역 행궁동 중심 생활권과 주변지역 | 한국미인테라피","수원 팔달구 매산동 출장마사지 지역정보를 지동과 행궁동 주변 생활권을 중심으로 정리했습니다. 주변지역과 공원 시장 관공서 등 생활시설까지 이어지는 위치 흐름을 함께 살펴볼 수 있습니다."
"수원팔달구\우만동\index.html","수원 팔달구 우만동 출장마사지 | 지동 주변지역 행궁동 중심 생활권과 주변지역 | 한국미인테라피","수원 팔달구 우만동 출장마사지 지역정보를 지동과 행궁동 주변 생활권을 중심으로 정리했습니다. 주변지역과 공원 시장 관공서 등 생활시설까지 이어지는 위치 흐름을 함께 살펴볼 수 있습니다."
"수원팔달구\인계동\index.html","수원 팔달구 인계동 출장마사지 | 지동 고등동 가까운 지역과 생활권 정보 | 한국미인테라피","수원 팔달구 인계동 출장마사지 지역정보는 지동과 고등동 등 가까운 지역을 함께 볼 수 있도록 구성했습니다. 지역과 공원 시장 관공서 등 생활시설 주변의 생활권도 지역 흐름에 맞춰 정리했습니다."
"수원팔달구\지동\index.html","수원 팔달구 지동 출장마사지 | 행궁동 매교동 가까운 지역과 생활권 정보 | 한국미인테라피","수원 팔달구 지동 출장마사지 지역정보는 행궁동과 매교동 등 가까운 지역을 함께 볼 수 있도록 구성했습니다. 지역과 공원 시장 관공서 등 생활시설 주변의 생활권도 지역 흐름에 맞춰 정리했습니다."
"수원팔달구\행궁동\index.html","수원 팔달구 행궁동 출장마사지 | 고등동 가능지역 매교동 주변 지역정보와 생활범위 | 한국미인테라피","수원 팔달구 행궁동 출장마사지 지역정보를 고등동과 매교동 주변부터 차례로 정리했습니다. 가능지역과 공원 시장 관공서 등 생활시설 같은 생활거점을 기준으로 인접 지역의 구성을 함께 살펴볼 수 있습니다."
"수원팔달구\화서동\index.html","수원 팔달구 화서동 출장마사지 | 고등동 우만동 가까운 지역과 생활권 정보 | 한국미인테라피","수원 팔달구 화서동 출장마사지 지역정보는 고등동과 우만동 등 가까운 지역을 함께 볼 수 있도록 구성했습니다. 지역과 공원 시장 관공서 등 생활시설 주변의 생활권도 지역 흐름에 맞춰 정리했습니다."
"시흥시\index.html","시흥 출장마사지 | 대야동 연성동 가까운 지역과 생활권 정보 | 한국미인테라피","시흥 출장마사지 지역정보는 대야동과 연성동 등 가까운 지역을 함께 볼 수 있도록 구성했습니다. 지역과 공원 시장 관공서 등 생활시설 주변의 생활권도 지역 흐름에 맞춰 정리했습니다."
"시흥시\거북섬동\index.html","시흥 거북섬동 출장마사지 | 장곡동 지역 과림동 주변 지역정보와 생활범위 | 한국미인테라피","시흥 거북섬동 출장마사지 지역정보를 장곡동과 과림동 주변부터 차례로 정리했습니다. 지역과 공원 시장 관공서 등 생활시설 같은 생활거점을 기준으로 인접 지역의 구성을 함께 살펴볼 수 있습니다."
"시흥시\과림동\index.html","시흥 과림동 출장마사지 | 거북섬동 지역 정왕본동 지역 연결성과 주변 생활권 | 한국미인테라피","시흥 과림동 출장마사지 지역을 거북섬동과 정왕본동 인근 생활권으로 나누어 살펴봅니다. 지역에서 공원 시장 관공서 등 생활시설 주변까지 이어지는 주요 지역을 함께 정리했습니다."
"시흥시\군자동\index.html","시흥 군자동 출장마사지 | 은행동 정왕동 인접지역과 주요 생활권 | 한국미인테라피","시흥 군자동 출장마사지 지역은 은행동과 정왕동 방향의 생활권이 서로 이어지는 특징이 있습니다. 지역과 공원 시장 관공서 등 생활시설 주변 지역까지 함께 살펴보기 쉽게 구성했습니다."
"시흥시\능곡동\index.html","시흥 능곡동 출장마사지 | 대야동 지역 연성동 주변 생활권 한눈에 보기 | 한국미인테라피","시흥 능곡동 출장마사지 지역의 위치 특성을 대야동과 연성동 생활권을 기준으로 살펴볼 수 있습니다. 지역에서 공원 시장 관공서 등 생활시설 주변으로 이어지는 인접 지역도 함께 담았습니다."
"시흥시\대야동\index.html","시흥 대야동 출장마사지 | 능곡동 지역 거북섬동 지역 연결성과 주변 생활권 | 한국미인테라피","시흥 대야동 출장마사지 지역을 능곡동과 거북섬동 인근 생활권으로 나누어 살펴봅니다. 지역에서 공원 시장 관공서 등 생활시설 주변까지 이어지는 주요 지역을 함께 정리했습니다."
"시흥시\매화동\index.html","시흥 매화동 출장마사지 | 대야동 과림동 인근 지역 흐름과 생활권 | 한국미인테라피","시흥 매화동 출장마사지 지역을 살펴보면 대야동과 과림동 방향으로 생활권이 이어집니다. 지역 주변과 공원 시장 관공서 등 생활시설 인근까지 포함해 지역의 연결 관계를 담았습니다."
"시흥시\목감동\index.html","시흥 목감동 출장마사지 | 과림동 군자동 주변지역과 생활권 흐름 | 한국미인테라피","시흥 목감동 출장마사지 지역정보를 과림동과 군자동 인근의 생활지역 중심으로 정리했습니다. 주변지역과 공원 시장 관공서 등 생활시설 주변을 포함해 가까운 지역의 위치 흐름을 확인할 수 있습니다."
"시흥시\배곧동\index.html","시흥 배곧동 출장마사지 | 신천동 장곡동 이어지는 지역과 생활권 안내 | 한국미인테라피","시흥 배곧동 출장마사지 지역정보를 기준으로 신천동과 장곡동 방향의 주변 생활권을 담았습니다. 지역과 공원 시장 관공서 등 생활시설를 포함한 인근 지역의 위치 관계를 살펴볼 수 있습니다."
"시흥시\신천동\index.html","시흥 신천동 출장마사지 | 은행동 군자동 인접지역과 주요 생활권 | 한국미인테라피","시흥 신천동 출장마사지 지역은 은행동과 군자동 방향의 생활권이 서로 이어지는 특징이 있습니다. 지역과 공원 시장 관공서 등 생활시설 주변 지역까지 함께 살펴보기 쉽게 구성했습니다."
"시흥시\신현동\index.html","시흥 신현동 출장마사지 | 대야동 월곶동 인근 지역 흐름과 생활권 | 한국미인테라피","시흥 신현동 출장마사지 지역을 살펴보면 대야동과 월곶동 방향으로 생활권이 이어집니다. 지역 주변과 공원 시장 관공서 등 생활시설 인근까지 포함해 지역의 연결 관계를 담았습니다."
"시흥시\연성동\index.html","시흥 연성동 출장마사지 | 군자동 은행동 주요 생활지역과 위치정보 | 한국미인테라피","시흥 연성동 출장마사지 지역정보는 군자동과 은행동 사이의 위치 관계를 중심으로 구성했습니다. 생활지역과 공원 시장 관공서 등 생활시설 등 가까운 생활지역의 흐름도 함께 확인할 수 있습니다."
"시흥시\월곶동\index.html","시흥 월곶동 출장마사지 | 과림동 거북섬동 생활권 중심 지역정보 | 한국미인테라피","시흥 월곶동 출장마사지 지역은 과림동에서 거북섬동 방향으로 이어지는 생활권과 맞닿아 있습니다. 지역을 비롯해 공원 시장 관공서 등 생활시설 주변의 지역 특성을 함께 담았습니다."
"시흥시\은행동\index.html","시흥 은행동 출장마사지 | 월곶동 매화동 주요 생활지역과 위치정보 | 한국미인테라피","시흥 은행동 출장마사지 지역정보는 월곶동과 매화동 사이의 위치 관계를 중심으로 구성했습니다. 생활지역과 공원 시장 관공서 등 생활시설 등 가까운 생활지역의 흐름도 함께 확인할 수 있습니다."
"시흥시\장곡동\index.html","시흥 장곡동 출장마사지 | 신현동 지역 거북섬동 주변 생활권 한눈에 보기 | 한국미인테라피","시흥 장곡동 출장마사지 지역의 위치 특성을 신현동과 거북섬동 생활권을 기준으로 살펴볼 수 있습니다. 지역에서 공원 시장 관공서 등 생활시설 주변으로 이어지는 인접 지역도 함께 담았습니다."
"시흥시\정왕동\index.html","시흥 정왕동 출장마사지 | 배곧동 대야동 생활권 중심 지역정보 | 한국미인테라피","시흥 정왕동 출장마사지 지역은 배곧동에서 대야동 방향으로 이어지는 생활권과 맞닿아 있습니다. 지역을 비롯해 공원 시장 관공서 등 생활시설 주변의 지역 특성을 함께 담았습니다."
"시흥시\정왕본동\index.html","시흥 정왕본동 출장마사지 | 신천동 은행동 중심 지역구성과 주변정보 | 한국미인테라피","시흥 정왕본동 출장마사지 지역은 신천동과 은행동 생활권 사이에서 주변 지역과 자연스럽게 연결됩니다. 지역 및 공원 시장 관공서 등 생활시설 인근의 생활 흐름을 지역 중심으로 정리했습니다."
"아산\index.html","아산 출장마사지 | 온양3동 신창면 생활권 중심 지역정보 | 한국미인테라피","아산 출장마사지 지역은 온양3동에서 신창면 방향으로 이어지는 생활권과 맞닿아 있습니다. 지역을 비롯해 공원 시장 관공서 등 생활시설 주변의 지역 특성을 함께 담았습니다."
"아산\도고면\index.html","아산 도고면 출장마사지 | 탕정면 인주면 중심 지역구성과 주변정보 | 한국미인테라피","아산 도고면 출장마사지 지역은 탕정면과 인주면 생활권 사이에서 주변 지역과 자연스럽게 연결됩니다. 지역 및 공원 시장 관공서 등 생활시설 인근의 생활 흐름을 지역 중심으로 정리했습니다."
"아산\둔포면\index.html","아산 둔포면 출장마사지 | 온양5동 온양4동 중심 지역구성과 주변정보 | 한국미인테라피","아산 둔포면 출장마사지 지역은 온양5동과 온양4동 생활권 사이에서 주변 지역과 자연스럽게 연결됩니다. 지역 및 공원 시장 관공서 등 생활시설 인근의 생활 흐름을 지역 중심으로 정리했습니다."
"아산\배방읍\index.html","아산 배방읍 출장마사지 | 음봉면 지역 온양4동 지역 연결성과 주변 생활권 | 한국미인테라피","아산 배방읍 출장마사지 지역을 음봉면과 온양4동 인근 생활권으로 나누어 살펴봅니다. 지역에서 공원 시장 관공서 등 생활시설 주변까지 이어지는 주요 지역을 함께 정리했습니다."
"아산\선장면\index.html","아산 선장면 출장마사지 | 도고면 이용지역 음봉면 중심 생활권과 주변지역 | 한국미인테라피","아산 선장면 출장마사지 지역정보를 도고면과 음봉면 주변 생활권을 중심으로 정리했습니다. 이용지역과 공원 시장 관공서 등 생활시설까지 이어지는 위치 흐름을 함께 살펴볼 수 있습니다."
"아산\송악면\index.html","아산 송악면 출장마사지 | 둔포면 탕정면 인근 지역 흐름과 생활권 | 한국미인테라피","아산 송악면 출장마사지 지역을 살펴보면 둔포면과 탕정면 방향으로 생활권이 이어집니다. 지역 주변과 공원 시장 관공서 등 생활시설 인근까지 포함해 지역의 연결 관계를 담았습니다."
"아산\신창면\index.html","아산 신창면 출장마사지 | 온양2동 온양4동 이어지는 지역과 생활권 안내 | 한국미인테라피","아산 신창면 출장마사지 지역정보를 기준으로 온양2동과 온양4동 방향의 주변 생활권을 담았습니다. 지역과 공원 시장 관공서 등 생활시설를 포함한 인근 지역의 위치 관계를 살펴볼 수 있습니다."
"아산\염치읍\index.html","아산 염치읍 출장마사지 | 온양2동 인주면 가까운 지역과 생활권 정보 | 한국미인테라피","아산 염치읍 출장마사지 지역정보는 온양2동과 인주면 등 가까운 지역을 함께 볼 수 있도록 구성했습니다. 지역과 공원 시장 관공서 등 생활시설 주변의 생활권도 지역 흐름에 맞춰 정리했습니다."
"아산\영인면\index.html","아산 영인면 출장마사지 | 송악면 염치읍 이어지는 지역과 생활권 안내 | 한국미인테라피","아산 영인면 출장마사지 지역정보를 기준으로 송악면과 염치읍 방향의 주변 생활권을 담았습니다. 지역과 공원 시장 관공서 등 생활시설를 포함한 인근 지역의 위치 관계를 살펴볼 수 있습니다."
"아산\온양1동\index.html","아산 온양1동 출장마사지 | 온양4동 염치읍 주요 생활지역과 위치정보 | 한국미인테라피","아산 온양1동 출장마사지 지역정보는 온양4동과 염치읍 사이의 위치 관계를 중심으로 구성했습니다. 생활지역과 공원 시장 관공서 등 생활시설 등 가까운 생활지역의 흐름도 함께 확인할 수 있습니다."
"아산\온양2동\index.html","아산 온양2동 출장마사지 | 온양5동 지역 온양1동 주변 생활권 한눈에 보기 | 한국미인테라피","아산 온양2동 출장마사지 지역의 위치 특성을 온양5동과 온양1동 생활권을 기준으로 살펴볼 수 있습니다. 지역에서 공원 시장 관공서 등 생활시설 주변으로 이어지는 인접 지역도 함께 담았습니다."
"아산\온양3동\index.html","아산 온양3동 출장마사지 | 온양6동 온양4동 이어지는 지역과 생활권 안내 | 한국미인테라피","아산 온양3동 출장마사지 지역정보를 기준으로 온양6동과 온양4동 방향의 주변 생활권을 담았습니다. 지역과 공원 시장 관공서 등 생활시설를 포함한 인근 지역의 위치 관계를 살펴볼 수 있습니다."
"아산\온양4동\index.html","아산 온양4동 출장마사지 | 음봉면 온양6동 인접지역과 주요 생활권 | 한국미인테라피","아산 온양4동 출장마사지 지역은 음봉면과 온양6동 방향의 생활권이 서로 이어지는 특징이 있습니다. 지역과 공원 시장 관공서 등 생활시설 주변 지역까지 함께 살펴보기 쉽게 구성했습니다."
"아산\온양5동\index.html","아산 온양5동 출장마사지 | 인주면 지역 탕정면 주변 지역정보와 생활범위 | 한국미인테라피","아산 온양5동 출장마사지 지역정보를 인주면과 탕정면 주변부터 차례로 정리했습니다. 지역과 공원 시장 관공서 등 생활시설 같은 생활거점을 기준으로 인접 지역의 구성을 함께 살펴볼 수 있습니다."
"아산\온양6동\index.html","아산 온양6동 출장마사지 | 탕정면 둔포면 생활권 중심 지역정보 | 한국미인테라피","아산 온양6동 출장마사지 지역은 탕정면에서 둔포면 방향으로 이어지는 생활권과 맞닿아 있습니다. 지역을 비롯해 공원 시장 관공서 등 생활시설 주변의 지역 특성을 함께 담았습니다."
"아산\음봉면\index.html","아산 음봉면 출장마사지 | 도고면 배방읍 이어지는 지역과 생활권 안내 | 한국미인테라피","아산 음봉면 출장마사지 지역정보를 기준으로 도고면과 배방읍 방향의 주변 생활권을 담았습니다. 지역과 공원 시장 관공서 등 생활시설를 포함한 인근 지역의 위치 관계를 살펴볼 수 있습니다."
"아산\인주면\index.html","아산 인주면 출장마사지 | 탕정면 음봉면 중심 지역구성과 주변정보 | 한국미인테라피","아산 인주면 출장마사지 지역은 탕정면과 음봉면 생활권 사이에서 주변 지역과 자연스럽게 연결됩니다. 지역 및 공원 시장 관공서 등 생활시설 인근의 생활 흐름을 지역 중심으로 정리했습니다."
"아산\탕정면\index.html","아산 탕정면 출장마사지 | 신창면 온양4동 인접지역과 주요 생활권 | 한국미인테라피","아산 탕정면 출장마사지 지역은 신창면과 온양4동 방향의 생활권이 서로 이어지는 특징이 있습니다. 지역과 공원 시장 관공서 등 생활시설 주변 지역까지 함께 살펴보기 쉽게 구성했습니다."
"안산단원구\index.html","안산 단원구 출장마사지 | 와동 선부동 생활권 중심 지역정보 | 한국미인테라피","안산 단원구 출장마사지 지역은 와동에서 선부동 방향으로 이어지는 생활권과 맞닿아 있습니다. 지역을 비롯해 공원 시장 관공서 등 생활시설 주변의 지역 특성을 함께 담았습니다."
"안산단원구\고잔동\index.html","안산 단원구 고잔동 출장마사지 | 호수동 와동 가까운 지역과 생활권 정보 | 한국미인테라피","안산 단원구 고잔동 출장마사지 지역정보는 호수동과 와동 등 가까운 지역을 함께 볼 수 있도록 구성했습니다. 지역과 공원 시장 관공서 등 생활시설 주변의 생활권도 지역 흐름에 맞춰 정리했습니다."
"안산단원구\대부동\index.html","안산 단원구 대부동 출장마사지 | 와동 원곡동 이어지는 지역과 생활권 안내 | 한국미인테라피","안산 단원구 대부동 출장마사지 지역정보를 기준으로 와동과 원곡동 방향의 주변 생활권을 담았습니다. 지역과 공원 시장 관공서 등 생활시설를 포함한 인근 지역의 위치 관계를 살펴볼 수 있습니다."
"안산단원구\백운동\index.html","안산 단원구 백운동 출장마사지 | 중앙동 지역 신길동 지역 연결성과 주변 생활권 | 한국미인테라피","안산 단원구 백운동 출장마사지 지역을 중앙동과 신길동 인근 생활권으로 나누어 살펴봅니다. 지역에서 공원 시장 관공서 등 생활시설 주변까지 이어지는 주요 지역을 함께 정리했습니다."
"안산단원구\선부동\index.html","안산 단원구 선부동 출장마사지 | 백운동 신길동 가까운 지역과 생활권 정보 | 한국미인테라피","안산 단원구 선부동 출장마사지 지역정보는 백운동과 신길동 등 가까운 지역을 함께 볼 수 있도록 구성했습니다. 지역과 공원 시장 관공서 등 생활시설 주변의 생활권도 지역 흐름에 맞춰 정리했습니다."
"안산단원구\신길동\index.html","안산 단원구 신길동 출장마사지 | 선부동 이용지역 와동 중심 생활권과 주변지역 | 한국미인테라피","안산 단원구 신길동 출장마사지 지역정보를 선부동과 와동 주변 생활권을 중심으로 정리했습니다. 이용지역과 공원 시장 관공서 등 생활시설까지 이어지는 위치 흐름을 함께 살펴볼 수 있습니다."
"안산단원구\와동\index.html","안산 단원구 와동 출장마사지 | 초지동 호수동 이어지는 지역과 생활권 안내 | 한국미인테라피","안산 단원구 와동 출장마사지 지역정보를 기준으로 초지동과 호수동 방향의 주변 생활권을 담았습니다. 지역과 공원 시장 관공서 등 생활시설를 포함한 인근 지역의 위치 관계를 살펴볼 수 있습니다."
"안산단원구\원곡동\index.html","안산 단원구 원곡동 출장마사지 | 백운동 신길동 인접지역과 주요 생활권 | 한국미인테라피","안산 단원구 원곡동 출장마사지 지역은 백운동과 신길동 방향의 생활권이 서로 이어지는 특징이 있습니다. 지역과 공원 시장 관공서 등 생활시설 주변 지역까지 함께 살펴보기 쉽게 구성했습니다."
"안산단원구\중앙동\index.html","안산 단원구 중앙동 출장마사지 | 선부동 가능지역 원곡동 주변 지역정보와 생활범위 | 한국미인테라피","안산 단원구 중앙동 출장마사지 지역정보를 선부동과 원곡동 주변부터 차례로 정리했습니다. 가능지역과 공원 시장 관공서 등 생활시설 같은 생활거점을 기준으로 인접 지역의 구성을 함께 살펴볼 수 있습니다."
"안산단원구\초지동\index.html","안산 단원구 초지동 출장마사지 | 선부동 이용지역 신길동 중심 생활권과 주변지역 | 한국미인테라피","안산 단원구 초지동 출장마사지 지역정보를 선부동과 신길동 주변 생활권을 중심으로 정리했습니다. 이용지역과 공원 시장 관공서 등 생활시설까지 이어지는 위치 흐름을 함께 살펴볼 수 있습니다."
"안산단원구\호수동\index.html","안산 단원구 호수동 출장마사지 | 초지동 고잔동 가까운 지역과 생활권 정보 | 한국미인테라피","안산 단원구 호수동 출장마사지 지역정보는 초지동과 고잔동 등 가까운 지역을 함께 볼 수 있도록 구성했습니다. 지역과 공원 시장 관공서 등 생활시설 주변의 생활권도 지역 흐름에 맞춰 정리했습니다."
"안산상록구\index.html","안산 상록구 출장마사지 | 부곡동 지역 사이동 지역 연결성과 주변 생활권 | 한국미인테라피","안산 상록구 출장마사지 지역을 부곡동과 사이동 인근 생활권으로 나누어 살펴봅니다. 지역에서 공원 시장 관공서 등 생활시설 주변까지 이어지는 주요 지역을 함께 정리했습니다."
"안산상록구\반월동\index.html","안산 상록구 반월동 출장마사지 | 월피동 가능지역 본오동 주변 지역정보와 생활범위 | 한국미인테라피","안산 상록구 반월동 출장마사지 지역정보를 월피동과 본오동 주변부터 차례로 정리했습니다. 가능지역과 공원 시장 관공서 등 생활시설 같은 생활거점을 기준으로 인접 지역의 구성을 함께 살펴볼 수 있습니다."
"안산상록구\본오동\index.html","안산 상록구 본오동 출장마사지 | 성포동 가능지역 부곡동 주변 지역정보와 생활범위 | 한국미인테라피","안산 상록구 본오동 출장마사지 지역정보를 성포동과 부곡동 주변부터 차례로 정리했습니다. 가능지역과 공원 시장 관공서 등 생활시설 같은 생활거점을 기준으로 인접 지역의 구성을 함께 살펴볼 수 있습니다."
"안산상록구\부곡동\index.html","안산 상록구 부곡동 출장마사지 | 사이동 월피동 중심 지역구성과 주변정보 | 한국미인테라피","안산 상록구 부곡동 출장마사지 지역은 사이동과 월피동 생활권 사이에서 주변 지역과 자연스럽게 연결됩니다. 지역 및 공원 시장 관공서 등 생활시설 인근의 생활 흐름을 지역 중심으로 정리했습니다."
"안산상록구\사동\index.html","안산 상록구 사동 출장마사지 | 일동 가능지역 해양동 주변 지역정보와 생활범위 | 한국미인테라피","안산 상록구 사동 출장마사지 지역정보를 일동과 해양동 주변부터 차례로 정리했습니다. 가능지역과 공원 시장 관공서 등 생활시설 같은 생활거점을 기준으로 인접 지역의 구성을 함께 살펴볼 수 있습니다."
"안산상록구\사이동\index.html","안산 상록구 사이동 출장마사지 | 일동 지역 부곡동 주변 지역정보와 생활범위 | 한국미인테라피","안산 상록구 사이동 출장마사지 지역정보를 일동과 부곡동 주변부터 차례로 정리했습니다. 지역과 공원 시장 관공서 등 생활시설 같은 생활거점을 기준으로 인접 지역의 구성을 함께 살펴볼 수 있습니다."
"안산상록구\성포동\index.html","안산 상록구 성포동 출장마사지 | 사동 본오동 생활권 중심 지역정보 | 한국미인테라피","안산 상록구 성포동 출장마사지 지역은 사동에서 본오동 방향으로 이어지는 생활권과 맞닿아 있습니다. 지역을 비롯해 공원 시장 관공서 등 생활시설 주변의 지역 특성을 함께 담았습니다."
"안산상록구\안산동\index.html","안산 상록구 안산동 출장마사지 | 월피동 지역 이동 주변 지역정보와 생활범위 | 한국미인테라피","안산 상록구 안산동 출장마사지 지역정보를 월피동과 이동 주변부터 차례로 정리했습니다. 지역과 공원 시장 관공서 등 생활시설 같은 생활거점을 기준으로 인접 지역의 구성을 함께 살펴볼 수 있습니다."
"안산상록구\월피동\index.html","안산 상록구 월피동 출장마사지 | 부곡동 이동 주변지역과 생활권 흐름 | 한국미인테라피","안산 상록구 월피동 출장마사지 지역정보를 부곡동과 이동 인근의 생활지역 중심으로 정리했습니다. 주변지역과 공원 시장 관공서 등 생활시설 주변을 포함해 가까운 지역의 위치 흐름을 확인할 수 있습니다."
"안산상록구\이동\index.html","안산 상록구 이동 출장마사지 | 사이동 사동 주요 생활지역과 위치정보 | 한국미인테라피","안산 상록구 이동 출장마사지 지역정보는 사이동과 사동 사이의 위치 관계를 중심으로 구성했습니다. 생활지역과 공원 시장 관공서 등 생활시설 등 가까운 생활지역의 흐름도 함께 확인할 수 있습니다."
"안산상록구\일동\index.html","안산 상록구 일동 출장마사지 | 부곡동 반월동 주변지역과 생활권 흐름 | 한국미인테라피","안산 상록구 일동 출장마사지 지역정보를 부곡동과 반월동 인근의 생활지역 중심으로 정리했습니다. 주변지역과 공원 시장 관공서 등 생활시설 주변을 포함해 가까운 지역의 위치 흐름을 확인할 수 있습니다."
"안산상록구\해양동\index.html","안산 상록구 해양동 출장마사지 | 성포동 사동 생활권 중심 지역정보 | 한국미인테라피","안산 상록구 해양동 출장마사지 지역은 성포동에서 사동 방향으로 이어지는 생활권과 맞닿아 있습니다. 지역을 비롯해 공원 시장 관공서 등 생활시설 주변의 지역 특성을 함께 담았습니다."
"안산시\index.html","안산 출장마사지 | 안산시 인접지역 중심 지역구성과 주변정보 | 한국미인테라피","안산 출장마사지 지역은 안산시과 인접지역 생활권 사이에서 주변 지역과 자연스럽게 연결됩니다. 지역 및 공원 시장 관공서 등 생활시설 인근의 생활 흐름을 지역 중심으로 정리했습니다."
"안성시\index.html","안성 출장마사지 | 고삼면 양성면 가까운 지역과 생활권 정보 | 한국미인테라피","안성 출장마사지 지역정보는 고삼면과 양성면 등 가까운 지역을 함께 볼 수 있도록 구성했습니다. 지역과 공원 시장 관공서 등 생활시설 주변의 생활권도 지역 흐름에 맞춰 정리했습니다."
"안성시\고삼면\index.html","안성 고삼면 출장마사지 | 양성면 보개면 가까운 지역과 생활권 정보 | 한국미인테라피","안성 고삼면 출장마사지 지역정보는 양성면과 보개면 등 가까운 지역을 함께 볼 수 있도록 구성했습니다. 지역과 공원 시장 관공서 등 생활시설 주변의 생활권도 지역 흐름에 맞춰 정리했습니다."
"안성시\공도읍\index.html","안성 공도읍 출장마사지 | 일죽면 안성동 주변지역과 생활권 흐름 | 한국미인테라피","안성 공도읍 출장마사지 지역정보를 일죽면과 안성동 인근의 생활지역 중심으로 정리했습니다. 주변지역과 공원 시장 관공서 등 생활시설 주변을 포함해 가까운 지역의 위치 흐름을 확인할 수 있습니다."
"안성시\금광면\index.html","안성 금광면 출장마사지 | 원곡면 지역 안성동 지역 연결성과 주변 생활권 | 한국미인테라피","안성 금광면 출장마사지 지역을 원곡면과 안성동 인근 생활권으로 나누어 살펴봅니다. 지역에서 공원 시장 관공서 등 생활시설 주변까지 이어지는 주요 지역을 함께 정리했습니다."
"안성시\대덕면\index.html","안성 대덕면 출장마사지 | 삼죽면 원곡면 인접지역과 주요 생활권 | 한국미인테라피","안성 대덕면 출장마사지 지역은 삼죽면과 원곡면 방향의 생활권이 서로 이어지는 특징이 있습니다. 지역과 공원 시장 관공서 등 생활시설 주변 지역까지 함께 살펴보기 쉽게 구성했습니다."
"안성시\미양면\index.html","안성 미양면 출장마사지 | 원곡면 지역 금광면 지역 연결성과 주변 생활권 | 한국미인테라피","안성 미양면 출장마사지 지역을 원곡면과 금광면 인근 생활권으로 나누어 살펴봅니다. 지역에서 공원 시장 관공서 등 생활시설 주변까지 이어지는 주요 지역을 함께 정리했습니다."
"안성시\보개면\index.html","안성 보개면 출장마사지 | 양성면 서운면 가까운 지역과 생활권 정보 | 한국미인테라피","안성 보개면 출장마사지 지역정보는 양성면과 서운면 등 가까운 지역을 함께 볼 수 있도록 구성했습니다. 지역과 공원 시장 관공서 등 생활시설 주변의 생활권도 지역 흐름에 맞춰 정리했습니다."
"안성시\삼죽면\index.html","안성 삼죽면 출장마사지 | 보개면 미양면 인접지역과 주요 생활권 | 한국미인테라피","안성 삼죽면 출장마사지 지역은 보개면과 미양면 방향의 생활권이 서로 이어지는 특징이 있습니다. 지역과 공원 시장 관공서 등 생활시설 주변 지역까지 함께 살펴보기 쉽게 구성했습니다."
"안성시\서운면\index.html","안성 서운면 출장마사지 | 양성면 금광면 가까운 지역과 생활권 정보 | 한국미인테라피","안성 서운면 출장마사지 지역정보는 양성면과 금광면 등 가까운 지역을 함께 볼 수 있도록 구성했습니다. 지역과 공원 시장 관공서 등 생활시설 주변의 생활권도 지역 흐름에 맞춰 정리했습니다."
"안성시\안성동\index.html","안성 안성동 출장마사지 | 금광면 원곡면 주요 생활지역과 위치정보 | 한국미인테라피","안성 안성동 출장마사지 지역정보는 금광면과 원곡면 사이의 위치 관계를 중심으로 구성했습니다. 생활지역과 공원 시장 관공서 등 생활시설 등 가까운 생활지역의 흐름도 함께 확인할 수 있습니다."
"안성시\양성면\index.html","안성 양성면 출장마사지 | 금광면 공도읍 주요 생활지역과 위치정보 | 한국미인테라피","안성 양성면 출장마사지 지역정보는 금광면과 공도읍 사이의 위치 관계를 중심으로 구성했습니다. 생활지역과 공원 시장 관공서 등 생활시설 등 가까운 생활지역의 흐름도 함께 확인할 수 있습니다."
"안성시\원곡면\index.html","안성 원곡면 출장마사지 | 보개면 안성동 인접지역과 주요 생활권 | 한국미인테라피","안성 원곡면 출장마사지 지역은 보개면과 안성동 방향의 생활권이 서로 이어지는 특징이 있습니다. 지역과 공원 시장 관공서 등 생활시설 주변 지역까지 함께 살펴보기 쉽게 구성했습니다."
"안성시\일죽면\index.html","안성 일죽면 출장마사지 | 보개면 삼죽면 인접지역과 주요 생활권 | 한국미인테라피","안성 일죽면 출장마사지 지역은 보개면과 삼죽면 방향의 생활권이 서로 이어지는 특징이 있습니다. 지역과 공원 시장 관공서 등 생활시설 주변 지역까지 함께 살펴보기 쉽게 구성했습니다."
"안성시\죽산면\index.html","안성 죽산면 출장마사지 | 보개면 대덕면 인접지역과 주요 생활권 | 한국미인테라피","안성 죽산면 출장마사지 지역은 보개면과 대덕면 방향의 생활권이 서로 이어지는 특징이 있습니다. 지역과 공원 시장 관공서 등 생활시설 주변 지역까지 함께 살펴보기 쉽게 구성했습니다."
"안양동안구\index.html","안양 동안구 출장마사지 | 비산동 인덕원동 인근 지역 흐름과 생활권 | 한국미인테라피","안양 동안구 출장마사지 지역을 살펴보면 비산동과 인덕원동 방향으로 생활권이 이어집니다. 지역 주변과 공원 시장 관공서 등 생활시설 인근까지 포함해 지역의 연결 관계를 담았습니다."
"안양동안구\갈산동\index.html","안양 동안구 갈산동 출장마사지 | 달안동 귀인동 주요 생활지역과 위치정보 | 한국미인테라피","안양 동안구 갈산동 출장마사지 지역정보는 달안동과 귀인동 사이의 위치 관계를 중심으로 구성했습니다. 생활지역과 공원 시장 관공서 등 생활시설 등 가까운 생활지역의 흐름도 함께 확인할 수 있습니다."
"안양동안구\관양동\index.html","안양 동안구 관양동 출장마사지 | 호계동 갈산동 중심 지역구성과 주변정보 | 한국미인테라피","안양 동안구 관양동 출장마사지 지역은 호계동과 갈산동 생활권 사이에서 주변 지역과 자연스럽게 연결됩니다. 지역 및 공원 시장 관공서 등 생활시설 인근의 생활 흐름을 지역 중심으로 정리했습니다."
"안양동안구\귀인동\index.html","안양 동안구 귀인동 출장마사지 | 비산동 가능지역 범계동 주변 지역정보와 생활범위 | 한국미인테라피","안양 동안구 귀인동 출장마사지 지역정보를 비산동과 범계동 주변부터 차례로 정리했습니다. 가능지역과 공원 시장 관공서 등 생활시설 같은 생활거점을 기준으로 인접 지역의 구성을 함께 살펴볼 수 있습니다."
"안양동안구\달안동\index.html","안양 동안구 달안동 출장마사지 | 귀인동 부흥동 주요 생활지역과 위치정보 | 한국미인테라피","안양 동안구 달안동 출장마사지 지역정보는 귀인동과 부흥동 사이의 위치 관계를 중심으로 구성했습니다. 생활지역과 공원 시장 관공서 등 생활시설 등 가까운 생활지역의 흐름도 함께 확인할 수 있습니다."
"안양동안구\범계동\index.html","안양 동안구 범계동 출장마사지 | 귀인동 신촌동 주요 생활지역과 위치정보 | 한국미인테라피","안양 동안구 범계동 출장마사지 지역정보는 귀인동과 신촌동 사이의 위치 관계를 중심으로 구성했습니다. 생활지역과 공원 시장 관공서 등 생활시설 등 가까운 생활지역의 흐름도 함께 확인할 수 있습니다."
"안양동안구\부림동\index.html","안양 동안구 부림동 출장마사지 | 비산동 지역 귀인동 주변 지역정보와 생활범위 | 한국미인테라피","안양 동안구 부림동 출장마사지 지역정보를 비산동과 귀인동 주변부터 차례로 정리했습니다. 지역과 공원 시장 관공서 등 생활시설 같은 생활거점을 기준으로 인접 지역의 구성을 함께 살펴볼 수 있습니다."
"안양동안구\부흥동\index.html","안양 동안구 부흥동 출장마사지 | 달안동 지역 귀인동 주변 생활권 한눈에 보기 | 한국미인테라피","안양 동안구 부흥동 출장마사지 지역의 위치 특성을 달안동과 귀인동 생활권을 기준으로 살펴볼 수 있습니다. 지역에서 공원 시장 관공서 등 생활시설 주변으로 이어지는 인접 지역도 함께 담았습니다."
"안양동안구\비산동\index.html","안양 동안구 비산동 출장마사지 | 귀인동 부흥동 주요 생활지역과 위치정보 | 한국미인테라피","안양 동안구 비산동 출장마사지 지역정보는 귀인동과 부흥동 사이의 위치 관계를 중심으로 구성했습니다. 생활지역과 공원 시장 관공서 등 생활시설 등 가까운 생활지역의 흐름도 함께 확인할 수 있습니다."
"안양동안구\신촌동\index.html","안양 동안구 신촌동 출장마사지 | 귀인동 부림동 주요 생활지역과 위치정보 | 한국미인테라피","안양 동안구 신촌동 출장마사지 지역정보는 귀인동과 부림동 사이의 위치 관계를 중심으로 구성했습니다. 생활지역과 공원 시장 관공서 등 생활시설 등 가까운 생활지역의 흐름도 함께 확인할 수 있습니다."
"안양동안구\인덕원동\index.html","안양 동안구 인덕원동 출장마사지 | 호계동 부흥동 중심 지역구성과 주변정보 | 한국미인테라피","안양 동안구 인덕원동 출장마사지 지역은 호계동과 부흥동 생활권 사이에서 주변 지역과 자연스럽게 연결됩니다. 지역 및 공원 시장 관공서 등 생활시설 인근의 생활 흐름을 지역 중심으로 정리했습니다."
"안양동안구\평안동\index.html","안양 동안구 평안동 출장마사지 | 달안동 지역 범계동 주변 생활권 한눈에 보기 | 한국미인테라피","안양 동안구 평안동 출장마사지 지역의 위치 특성을 달안동과 범계동 생활권을 기준으로 살펴볼 수 있습니다. 지역에서 공원 시장 관공서 등 생활시설 주변으로 이어지는 인접 지역도 함께 담았습니다."
"안양동안구\평촌동\index.html","안양 동안구 평촌동 출장마사지 | 호계동 신촌동 중심 지역구성과 주변정보 | 한국미인테라피","안양 동안구 평촌동 출장마사지 지역은 호계동과 신촌동 생활권 사이에서 주변 지역과 자연스럽게 연결됩니다. 지역 및 공원 시장 관공서 등 생활시설 인근의 생활 흐름을 지역 중심으로 정리했습니다."
"안양동안구\호계동\index.html","안양 동안구 호계동 출장마사지 | 귀인동 범계동 주요 생활지역과 위치정보 | 한국미인테라피","안양 동안구 호계동 출장마사지 지역정보는 귀인동과 범계동 사이의 위치 관계를 중심으로 구성했습니다. 생활지역과 공원 시장 관공서 등 생활시설 등 가까운 생활지역의 흐름도 함께 확인할 수 있습니다."
"안양만안구\index.html","안양 만안구 출장마사지 | 호현동 이용지역 명학동 중심 생활권과 주변지역 | 한국미인테라피","안양 만안구 출장마사지 지역정보를 호현동과 명학동 주변 생활권을 중심으로 정리했습니다. 이용지역과 공원 시장 관공서 등 생활시설까지 이어지는 위치 흐름을 함께 살펴볼 수 있습니다."
"안양만안구\명학동\index.html","안양 만안구 명학동 출장마사지 | 호현동 박달동 중심 지역구성과 주변정보 | 한국미인테라피","안양 만안구 명학동 출장마사지 지역은 호현동과 박달동 생활권 사이에서 주변 지역과 자연스럽게 연결됩니다. 지역 및 공원 시장 관공서 등 생활시설 인근의 생활 흐름을 지역 중심으로 정리했습니다."
"안양만안구\박달동\index.html","안양 만안구 박달동 출장마사지 | 충훈동 병목안동 주변지역과 생활권 흐름 | 한국미인테라피","안양 만안구 박달동 출장마사지 지역정보를 충훈동과 병목안동 인근의 생활지역 중심으로 정리했습니다. 주변지역과 공원 시장 관공서 등 생활시설 주변을 포함해 가까운 지역의 위치 흐름을 확인할 수 있습니다."
"안양만안구\병목안동\index.html","안양 만안구 병목안동 출장마사지 | 안양동 지역 충훈동 주변 생활권 한눈에 보기 | 한국미인테라피","안양 만안구 병목안동 출장마사지 지역의 위치 특성을 안양동과 충훈동 생활권을 기준으로 살펴볼 수 있습니다. 지역에서 공원 시장 관공서 등 생활시설 주변으로 이어지는 인접 지역도 함께 담았습니다."
"안양만안구\석수동\index.html","안양 만안구 석수동 출장마사지 | 충훈동 안양동 주변지역과 생활권 흐름 | 한국미인테라피","안양 만안구 석수동 출장마사지 지역정보를 충훈동과 안양동 인근의 생활지역 중심으로 정리했습니다. 주변지역과 공원 시장 관공서 등 생활시설 주변을 포함해 가까운 지역의 위치 흐름을 확인할 수 있습니다."
"안양만안구\안양동\index.html","안양 만안구 안양동 출장마사지 | 충훈동 호현동 주변지역과 생활권 흐름 | 한국미인테라피","안양 만안구 안양동 출장마사지 지역정보를 충훈동과 호현동 인근의 생활지역 중심으로 정리했습니다. 주변지역과 공원 시장 관공서 등 생활시설 주변을 포함해 가까운 지역의 위치 흐름을 확인할 수 있습니다."
"안양만안구\충훈동\index.html","안양 만안구 충훈동 출장마사지 | 안양동 박달동 주변지역과 생활권 흐름 | 한국미인테라피","안양 만안구 충훈동 출장마사지 지역정보를 안양동과 박달동 인근의 생활지역 중심으로 정리했습니다. 주변지역과 공원 시장 관공서 등 생활시설 주변을 포함해 가까운 지역의 위치 흐름을 확인할 수 있습니다."
"안양만안구\호현동\index.html","안양 만안구 호현동 출장마사지 | 박달동 안양동 인근 지역 흐름과 생활권 | 한국미인테라피","안양 만안구 호현동 출장마사지 지역을 살펴보면 박달동과 안양동 방향으로 생활권이 이어집니다. 지역 주변과 공원 시장 관공서 등 생활시설 인근까지 포함해 지역의 연결 관계를 담았습니다."
"안양시\index.html","안양 출장마사지 | 안양시 인접지역 인접지역 중심 생활권과 주변지역 | 한국미인테라피","안양 출장마사지 지역정보를 안양시과 인접지역 주변 생활권을 중심으로 정리했습니다. 인접지역과 공원 시장 관공서 등 생활시설까지 이어지는 위치 흐름을 함께 살펴볼 수 있습니다."
"양주시\index.html","양주 출장마사지 | 광적면 이용지역 은현면 중심 생활권과 주변지역 | 한국미인테라피","양주 출장마사지 지역정보를 광적면과 은현면 주변 생활권을 중심으로 정리했습니다. 이용지역과 공원 시장 관공서 등 생활시설까지 이어지는 위치 흐름을 함께 살펴볼 수 있습니다."
"양주시\광적면\index.html","양주 광적면 출장마사지 | 양주동 장흥면 주요 생활지역과 위치정보 | 한국미인테라피","양주 광적면 출장마사지 지역정보는 양주동과 장흥면 사이의 위치 관계를 중심으로 구성했습니다. 생활지역과 공원 시장 관공서 등 생활시설 등 가까운 생활지역의 흐름도 함께 확인할 수 있습니다."
"양주시\남면\index.html","양주 남면 출장마사지 | 백석읍 이용지역 양주동 중심 생활권과 주변지역 | 한국미인테라피","양주 남면 출장마사지 지역정보를 백석읍과 양주동 주변 생활권을 중심으로 정리했습니다. 이용지역과 공원 시장 관공서 등 생활시설까지 이어지는 위치 흐름을 함께 살펴볼 수 있습니다."
"양주시\백석읍\index.html","양주 백석읍 출장마사지 | 양주동 남면 중심 지역구성과 주변정보 | 한국미인테라피","양주 백석읍 출장마사지 지역은 양주동과 남면 생활권 사이에서 주변 지역과 자연스럽게 연결됩니다. 지역 및 공원 시장 관공서 등 생활시설 인근의 생활 흐름을 지역 중심으로 정리했습니다."
"양주시\양주동\index.html","양주 양주동 출장마사지 | 은현면 백석읍 주변지역과 생활권 흐름 | 한국미인테라피","양주 양주동 출장마사지 지역정보를 은현면과 백석읍 인근의 생활지역 중심으로 정리했습니다. 주변지역과 공원 시장 관공서 등 생활시설 주변을 포함해 가까운 지역의 위치 흐름을 확인할 수 있습니다."
"양주시\옥정동\index.html","양주 옥정동 출장마사지 | 장흥면 은현면 중심 지역구성과 주변정보 | 한국미인테라피","양주 옥정동 출장마사지 지역은 장흥면과 은현면 생활권 사이에서 주변 지역과 자연스럽게 연결됩니다. 지역 및 공원 시장 관공서 등 생활시설 인근의 생활 흐름을 지역 중심으로 정리했습니다."
"양주시\은현면\index.html","양주 은현면 출장마사지 | 백석읍 장흥면 가까운 지역과 생활권 정보 | 한국미인테라피","양주 은현면 출장마사지 지역정보는 백석읍과 장흥면 등 가까운 지역을 함께 볼 수 있도록 구성했습니다. 지역과 공원 시장 관공서 등 생활시설 주변의 생활권도 지역 흐름에 맞춰 정리했습니다."
"양주시\장흥면\index.html","양주 장흥면 출장마사지 | 남면 가능지역 백석읍 주변 지역정보와 생활범위 | 한국미인테라피","양주 장흥면 출장마사지 지역정보를 남면과 백석읍 주변부터 차례로 정리했습니다. 가능지역과 공원 시장 관공서 등 생활시설 같은 생활거점을 기준으로 인접 지역의 구성을 함께 살펴볼 수 있습니다."
"양주시\회천동\index.html","양주 회천동 출장마사지 | 남면 광적면 인접지역과 주요 생활권 | 한국미인테라피","양주 회천동 출장마사지 지역은 남면과 광적면 방향의 생활권이 서로 이어지는 특징이 있습니다. 지역과 공원 시장 관공서 등 생활시설 주변 지역까지 함께 살펴보기 쉽게 구성했습니다."
"양천구\index.html","서울 양천구 출장마사지 | 목동 이용지역 신월동 중심 생활권과 주변지역 | 한국미인테라피","서울 양천구 출장마사지 지역정보를 목동과 신월동 주변 생활권을 중심으로 정리했습니다. 이용지역과 공원 시장 관공서 등 생활시설까지 이어지는 위치 흐름을 함께 살펴볼 수 있습니다."
"양천구\목동\index.html","서울 양천구 목동 출장마사지 | 신월동 지역 신정동 주변 지역정보와 생활범위 | 한국미인테라피","서울 양천구 목동 출장마사지 지역정보를 신월동과 신정동 주변부터 차례로 정리했습니다. 지역과 공원 시장 관공서 등 생활시설 같은 생활거점을 기준으로 인접 지역의 구성을 함께 살펴볼 수 있습니다."
"양천구\신월동\index.html","서울 양천구 신월동 출장마사지 | 신정동 목동 인접지역과 주요 생활권 | 한국미인테라피","서울 양천구 신월동 출장마사지 지역은 신정동과 목동 방향의 생활권이 서로 이어지는 특징이 있습니다. 지역과 공원 시장 관공서 등 생활시설 주변 지역까지 함께 살펴보기 쉽게 구성했습니다."
"양천구\신정동\index.html","서울 양천구 신정동 출장마사지 | 목동 신월동 주요 생활지역과 위치정보 | 한국미인테라피","서울 양천구 신정동 출장마사지 지역정보는 목동과 신월동 사이의 위치 관계를 중심으로 구성했습니다. 생활지역과 공원 시장 관공서 등 생활시설 등 가까운 생활지역의 흐름도 함께 확인할 수 있습니다."
"양평군\index.html","양평군 출장마사지 | 양동면 양평읍 인접지역과 주요 생활권 | 한국미인테라피","양평군 출장마사지 지역은 양동면과 양평읍 방향의 생활권이 서로 이어지는 특징이 있습니다. 지역과 공원 시장 관공서 등 생활시설 주변 지역까지 함께 살펴보기 쉽게 구성했습니다."
"양평군\강상면\index.html","양평군 강상면 출장마사지 | 양서면 단월면 중심 지역구성과 주변정보 | 한국미인테라피","양평군 강상면 출장마사지 지역은 양서면과 단월면 생활권 사이에서 주변 지역과 자연스럽게 연결됩니다. 지역 및 공원 시장 관공서 등 생활시설 인근의 생활 흐름을 지역 중심으로 정리했습니다."
"양평군\강하면\index.html","양평군 강하면 출장마사지 | 옥천면 양서면 주요 생활지역과 위치정보 | 한국미인테라피","양평군 강하면 출장마사지 지역정보는 옥천면과 양서면 사이의 위치 관계를 중심으로 구성했습니다. 생활지역과 공원 시장 관공서 등 생활시설 등 가까운 생활지역의 흐름도 함께 확인할 수 있습니다."
"양평군\개군면\index.html","양평군 개군면 출장마사지 | 양평읍 양서면 인접지역과 주요 생활권 | 한국미인테라피","양평군 개군면 출장마사지 지역은 양평읍과 양서면 방향의 생활권이 서로 이어지는 특징이 있습니다. 지역과 공원 시장 관공서 등 생활시설 주변 지역까지 함께 살펴보기 쉽게 구성했습니다."
"양평군\단월면\index.html","양평군 단월면 출장마사지 | 옥천면 양평읍 인근 지역 흐름과 생활권 | 한국미인테라피","양평군 단월면 출장마사지 지역을 살펴보면 옥천면과 양평읍 방향으로 생활권이 이어집니다. 지역 주변과 공원 시장 관공서 등 생활시설 인근까지 포함해 지역의 연결 관계를 담았습니다."
"양평군\서종면\index.html","양평군 서종면 출장마사지 | 양평읍 양동면 주요 생활지역과 위치정보 | 한국미인테라피","양평군 서종면 출장마사지 지역정보는 양평읍과 양동면 사이의 위치 관계를 중심으로 구성했습니다. 생활지역과 공원 시장 관공서 등 생활시설 등 가까운 생활지역의 흐름도 함께 확인할 수 있습니다."
"양평군\양동면\index.html","양평군 양동면 출장마사지 | 개군면 지역 청운면 주변 생활권 한눈에 보기 | 한국미인테라피","양평군 양동면 출장마사지 지역의 위치 특성을 개군면과 청운면 생활권을 기준으로 살펴볼 수 있습니다. 지역에서 공원 시장 관공서 등 생활시설 주변으로 이어지는 인접 지역도 함께 담았습니다."
"양평군\양서면\index.html","양평군 양서면 출장마사지 | 지평면 강하면 주요 생활지역과 위치정보 | 한국미인테라피","양평군 양서면 출장마사지 지역정보는 지평면과 강하면 사이의 위치 관계를 중심으로 구성했습니다. 생활지역과 공원 시장 관공서 등 생활시설 등 가까운 생활지역의 흐름도 함께 확인할 수 있습니다."
"양평군\양평읍\index.html","양평군 양평읍 출장마사지 | 양동면 용문면 가까운 지역과 생활권 정보 | 한국미인테라피","양평군 양평읍 출장마사지 지역정보는 양동면과 용문면 등 가까운 지역을 함께 볼 수 있도록 구성했습니다. 지역과 공원 시장 관공서 등 생활시설 주변의 생활권도 지역 흐름에 맞춰 정리했습니다."
"양평군\옥천면\index.html","양평군 옥천면 출장마사지 | 청운면 서종면 주변지역과 생활권 흐름 | 한국미인테라피","양평군 옥천면 출장마사지 지역정보를 청운면과 서종면 인근의 생활지역 중심으로 정리했습니다. 주변지역과 공원 시장 관공서 등 생활시설 주변을 포함해 가까운 지역의 위치 흐름을 확인할 수 있습니다."
"양평군\용문면\index.html","양평군 용문면 출장마사지 | 개군면 양평읍 주변지역과 생활권 흐름 | 한국미인테라피","양평군 용문면 출장마사지 지역정보를 개군면과 양평읍 인근의 생활지역 중심으로 정리했습니다. 주변지역과 공원 시장 관공서 등 생활시설 주변을 포함해 가까운 지역의 위치 흐름을 확인할 수 있습니다."
"양평군\지평면\index.html","양평군 지평면 출장마사지 | 용문면 단월면 주변지역과 생활권 흐름 | 한국미인테라피","양평군 지평면 출장마사지 지역정보를 용문면과 단월면 인근의 생활지역 중심으로 정리했습니다. 주변지역과 공원 시장 관공서 등 생활시설 주변을 포함해 가까운 지역의 위치 흐름을 확인할 수 있습니다."
"양평군\청운면\index.html","양평군 청운면 출장마사지 | 양동면 지평면 주요 생활지역과 위치정보 | 한국미인테라피","양평군 청운면 출장마사지 지역정보는 양동면과 지평면 사이의 위치 관계를 중심으로 구성했습니다. 생활지역과 공원 시장 관공서 등 생활시설 등 가까운 생활지역의 흐름도 함께 확인할 수 있습니다."
"여주시\index.html","여주 출장마사지 | 여흥동 금사면 생활권 중심 지역정보 | 한국미인테라피","여주 출장마사지 지역은 여흥동에서 금사면 방향으로 이어지는 생활권과 맞닿아 있습니다. 지역을 비롯해 공원 시장 관공서 등 생활시설 주변의 지역 특성을 함께 담았습니다."
"여주시\가남읍\index.html","여주 가남읍 출장마사지 | 산북면 주변지역 중앙동 중심 생활권과 주변지역 | 한국미인테라피","여주 가남읍 출장마사지 지역정보를 산북면과 중앙동 주변 생활권을 중심으로 정리했습니다. 주변지역과 공원 시장 관공서 등 생활시설까지 이어지는 위치 흐름을 함께 살펴볼 수 있습니다."
"여주시\강천면\index.html","여주 강천면 출장마사지 | 중앙동 주변지역 금사면 중심 생활권과 주변지역 | 한국미인테라피","여주 강천면 출장마사지 지역정보를 중앙동과 금사면 주변 생활권을 중심으로 정리했습니다. 주변지역과 공원 시장 관공서 등 생활시설까지 이어지는 위치 흐름을 함께 살펴볼 수 있습니다."
"여주시\금사면\index.html","여주 금사면 출장마사지 | 산북면 흥천면 중심 지역구성과 주변정보 | 한국미인테라피","여주 금사면 출장마사지 지역은 산북면과 흥천면 생활권 사이에서 주변 지역과 자연스럽게 연결됩니다. 지역 및 공원 시장 관공서 등 생활시설 인근의 생활 흐름을 지역 중심으로 정리했습니다."
"여주시\대신면\index.html","여주 대신면 출장마사지 | 북내면 세종대왕면 중심 지역구성과 주변정보 | 한국미인테라피","여주 대신면 출장마사지 지역은 북내면과 세종대왕면 생활권 사이에서 주변 지역과 자연스럽게 연결됩니다. 지역 및 공원 시장 관공서 등 생활시설 인근의 생활 흐름을 지역 중심으로 정리했습니다."
"여주시\북내면\index.html","여주 북내면 출장마사지 | 중앙동 오학동 이어지는 지역과 생활권 안내 | 한국미인테라피","여주 북내면 출장마사지 지역정보를 기준으로 중앙동과 오학동 방향의 주변 생활권을 담았습니다. 지역과 공원 시장 관공서 등 생활시설를 포함한 인근 지역의 위치 관계를 살펴볼 수 있습니다."
"여주시\산북면\index.html","여주 산북면 출장마사지 | 중앙동 흥천면 이어지는 지역과 생활권 안내 | 한국미인테라피","여주 산북면 출장마사지 지역정보를 기준으로 중앙동과 흥천면 방향의 주변 생활권을 담았습니다. 지역과 공원 시장 관공서 등 생활시설를 포함한 인근 지역의 위치 관계를 살펴볼 수 있습니다."
"여주시\세종대왕면\index.html","여주 세종대왕면 출장마사지 | 강천면 산북면 인접지역과 주요 생활권 | 한국미인테라피","여주 세종대왕면 출장마사지 지역은 강천면과 산북면 방향의 생활권이 서로 이어지는 특징이 있습니다. 지역과 공원 시장 관공서 등 생활시설 주변 지역까지 함께 살펴보기 쉽게 구성했습니다."
"여주시\여흥동\index.html","여주 여흥동 출장마사지 | 산북면 금사면 인접지역과 주요 생활권 | 한국미인테라피","여주 여흥동 출장마사지 지역은 산북면과 금사면 방향의 생활권이 서로 이어지는 특징이 있습니다. 지역과 공원 시장 관공서 등 생활시설 주변 지역까지 함께 살펴보기 쉽게 구성했습니다."
"여주시\오학동\index.html","여주 오학동 출장마사지 | 흥천면 중앙동 인접지역과 주요 생활권 | 한국미인테라피","여주 오학동 출장마사지 지역은 흥천면과 중앙동 방향의 생활권이 서로 이어지는 특징이 있습니다. 지역과 공원 시장 관공서 등 생활시설 주변 지역까지 함께 살펴보기 쉽게 구성했습니다."
"여주시\점동면\index.html","여주 점동면 출장마사지 | 오학동 북내면 가까운 지역과 생활권 정보 | 한국미인테라피","여주 점동면 출장마사지 지역정보는 오학동과 북내면 등 가까운 지역을 함께 볼 수 있도록 구성했습니다. 지역과 공원 시장 관공서 등 생활시설 주변의 생활권도 지역 흐름에 맞춰 정리했습니다."
"여주시\중앙동\index.html","여주 중앙동 출장마사지 | 여흥동 가능지역 흥천면 주변 지역정보와 생활범위 | 한국미인테라피","여주 중앙동 출장마사지 지역정보를 여흥동과 흥천면 주변부터 차례로 정리했습니다. 가능지역과 공원 시장 관공서 등 생활시설 같은 생활거점을 기준으로 인접 지역의 구성을 함께 살펴볼 수 있습니다."
"여주시\흥천면\index.html","여주 흥천면 출장마사지 | 점동면 주변지역 중앙동 중심 생활권과 주변지역 | 한국미인테라피","여주 흥천면 출장마사지 지역정보를 점동면과 중앙동 주변 생활권을 중심으로 정리했습니다. 주변지역과 공원 시장 관공서 등 생활시설까지 이어지는 위치 흐름을 함께 살펴볼 수 있습니다."
"연수구\index.html","인천 연수구 출장마사지 | 선학동 옥련동 생활권 중심 지역정보 | 한국미인테라피","인천 연수구 출장마사지 지역은 선학동에서 옥련동 방향으로 이어지는 생활권과 맞닿아 있습니다. 지역을 비롯해 공원 시장 관공서 등 생활시설 주변의 지역 특성을 함께 담았습니다."
"연수구\동춘동\index.html","인천 연수구 동춘동 출장마사지 | 옥련동 지역 선학동 지역 연결성과 주변 생활권 | 한국미인테라피","인천 연수구 동춘동 출장마사지 지역을 옥련동과 선학동 인근 생활권으로 나누어 살펴봅니다. 지역에서 공원 시장 관공서 등 생활시설 주변까지 이어지는 주요 지역을 함께 정리했습니다."
"연수구\선학동\index.html","인천 연수구 선학동 출장마사지 | 연수동 청학동 인접지역과 주요 생활권 | 한국미인테라피","인천 연수구 선학동 출장마사지 지역은 연수동과 청학동 방향의 생활권이 서로 이어지는 특징이 있습니다. 지역과 공원 시장 관공서 등 생활시설 주변 지역까지 함께 살펴보기 쉽게 구성했습니다."
"연수구\송도동\index.html","인천 연수구 송도동 출장마사지 | 청학동 지역 선학동 지역 연결성과 주변 생활권 | 한국미인테라피","인천 연수구 송도동 출장마사지 지역을 청학동과 선학동 인근 생활권으로 나누어 살펴봅니다. 지역에서 공원 시장 관공서 등 생활시설 주변까지 이어지는 주요 지역을 함께 정리했습니다."
"연수구\연수동\index.html","인천 연수구 연수동 출장마사지 | 동춘동 선학동 이어지는 지역과 생활권 안내 | 한국미인테라피","인천 연수구 연수동 출장마사지 지역정보를 기준으로 동춘동과 선학동 방향의 주변 생활권을 담았습니다. 지역과 공원 시장 관공서 등 생활시설를 포함한 인근 지역의 위치 관계를 살펴볼 수 있습니다."
"연수구\옥련동\index.html","인천 연수구 옥련동 출장마사지 | 청학동 지역 선학동 지역 연결성과 주변 생활권 | 한국미인테라피","인천 연수구 옥련동 출장마사지 지역을 청학동과 선학동 인근 생활권으로 나누어 살펴봅니다. 지역에서 공원 시장 관공서 등 생활시설 주변까지 이어지는 주요 지역을 함께 정리했습니다."
"연수구\청학동\index.html","인천 연수구 청학동 출장마사지 | 옥련동 송도동 주변지역과 생활권 흐름 | 한국미인테라피","인천 연수구 청학동 출장마사지 지역정보를 옥련동과 송도동 인근의 생활지역 중심으로 정리했습니다. 주변지역과 공원 시장 관공서 등 생활시설 주변을 포함해 가까운 지역의 위치 흐름을 확인할 수 있습니다."
"연천군\index.html","연천군 출장마사지 | 신서면 지역 연천읍 주변 생활권 한눈에 보기 | 한국미인테라피","연천군 출장마사지 지역의 위치 특성을 신서면과 연천읍 생활권을 기준으로 살펴볼 수 있습니다. 지역에서 공원 시장 관공서 등 생활시설 주변으로 이어지는 인접 지역도 함께 담았습니다."
"연천군\군남면\index.html","연천군 군남면 출장마사지 | 미산면 지역 왕징면 주변 생활권 한눈에 보기 | 한국미인테라피","연천군 군남면 출장마사지 지역의 위치 특성을 미산면과 왕징면 생활권을 기준으로 살펴볼 수 있습니다. 지역에서 공원 시장 관공서 등 생활시설 주변으로 이어지는 인접 지역도 함께 담았습니다."
"연천군\미산면\index.html","연천군 미산면 출장마사지 | 연천읍 지역 중면 주변 생활권 한눈에 보기 | 한국미인테라피","연천군 미산면 출장마사지 지역의 위치 특성을 연천읍과 중면 생활권을 기준으로 살펴볼 수 있습니다. 지역에서 공원 시장 관공서 등 생활시설 주변으로 이어지는 인접 지역도 함께 담았습니다."
"연천군\백학면\index.html","연천군 백학면 출장마사지 | 연천읍 지역 군남면 지역 연결성과 주변 생활권 | 한국미인테라피","연천군 백학면 출장마사지 지역을 연천읍과 군남면 인근 생활권으로 나누어 살펴봅니다. 지역에서 공원 시장 관공서 등 생활시설 주변까지 이어지는 주요 지역을 함께 정리했습니다."
"연천군\신서면\index.html","연천군 신서면 출장마사지 | 중면 전곡읍 생활권 중심 지역정보 | 한국미인테라피","연천군 신서면 출장마사지 지역은 중면에서 전곡읍 방향으로 이어지는 생활권과 맞닿아 있습니다. 지역을 비롯해 공원 시장 관공서 등 생활시설 주변의 지역 특성을 함께 담았습니다."
"연천군\연천읍\index.html","연천군 연천읍 출장마사지 | 왕징면 장남면 이어지는 지역과 생활권 안내 | 한국미인테라피","연천군 연천읍 출장마사지 지역정보를 기준으로 왕징면과 장남면 방향의 주변 생활권을 담았습니다. 지역과 공원 시장 관공서 등 생활시설를 포함한 인근 지역의 위치 관계를 살펴볼 수 있습니다."
"연천군\왕징면\index.html","연천군 왕징면 출장마사지 | 백학면 청산면 인접지역과 주요 생활권 | 한국미인테라피","연천군 왕징면 출장마사지 지역은 백학면과 청산면 방향의 생활권이 서로 이어지는 특징이 있습니다. 지역과 공원 시장 관공서 등 생활시설 주변 지역까지 함께 살펴보기 쉽게 구성했습니다."
"연천군\장남면\index.html","연천군 장남면 출장마사지 | 연천읍 왕징면 이어지는 지역과 생활권 안내 | 한국미인테라피","연천군 장남면 출장마사지 지역정보를 기준으로 연천읍과 왕징면 방향의 주변 생활권을 담았습니다. 지역과 공원 시장 관공서 등 생활시설를 포함한 인근 지역의 위치 관계를 살펴볼 수 있습니다."
"연천군\전곡읍\index.html","연천군 전곡읍 출장마사지 | 군남면 지역 백학면 지역 연결성과 주변 생활권 | 한국미인테라피","연천군 전곡읍 출장마사지 지역을 군남면과 백학면 인근 생활권으로 나누어 살펴봅니다. 지역에서 공원 시장 관공서 등 생활시설 주변까지 이어지는 주요 지역을 함께 정리했습니다."
"연천군\중면\index.html","연천군 중면 출장마사지 | 군남면 주변지역 왕징면 중심 생활권과 주변지역 | 한국미인테라피","연천군 중면 출장마사지 지역정보를 군남면과 왕징면 주변 생활권을 중심으로 정리했습니다. 주변지역과 공원 시장 관공서 등 생활시설까지 이어지는 위치 흐름을 함께 살펴볼 수 있습니다."
"연천군\청산면\index.html","연천군 청산면 출장마사지 | 왕징면 장남면 가까운 지역과 생활권 정보 | 한국미인테라피","연천군 청산면 출장마사지 지역정보는 왕징면과 장남면 등 가까운 지역을 함께 볼 수 있도록 구성했습니다. 지역과 공원 시장 관공서 등 생활시설 주변의 생활권도 지역 흐름에 맞춰 정리했습니다."
"영등포구\index.html","서울 영등포구 출장마사지 | 도림동 신길동 인접지역과 주요 생활권 | 한국미인테라피","서울 영등포구 출장마사지 지역은 도림동과 신길동 방향의 생활권이 서로 이어지는 특징이 있습니다. 지역과 공원 시장 관공서 등 생활시설 주변 지역까지 함께 살펴보기 쉽게 구성했습니다."
"영등포구\당산동\index.html","서울 영등포구 당산동 출장마사지 | 영등포본동 신길동 생활권 중심 지역정보 | 한국미인테라피","서울 영등포구 당산동 출장마사지 지역은 영등포본동에서 신길동 방향으로 이어지는 생활권과 맞닿아 있습니다. 지역을 비롯해 공원 시장 관공서 등 생활시설 주변의 지역 특성을 함께 담았습니다."
"영등포구\대림동\index.html","서울 영등포구 대림동 출장마사지 | 문래동 양평동 주변지역과 생활권 흐름 | 한국미인테라피","서울 영등포구 대림동 출장마사지 지역정보를 문래동과 양평동 인근의 생활지역 중심으로 정리했습니다. 주변지역과 공원 시장 관공서 등 생활시설 주변을 포함해 가까운 지역의 위치 흐름을 확인할 수 있습니다."
"영등포구\도림동\index.html","서울 영등포구 도림동 출장마사지 | 영등포동 당산동 주요 생활지역과 위치정보 | 한국미인테라피","서울 영등포구 도림동 출장마사지 지역정보는 영등포동과 당산동 사이의 위치 관계를 중심으로 구성했습니다. 생활지역과 공원 시장 관공서 등 생활시설 등 가까운 생활지역의 흐름도 함께 확인할 수 있습니다."
"영등포구\문래동\index.html","서울 영등포구 문래동 출장마사지 | 영등포동 지역 도림동 주변 지역정보와 생활범위 | 한국미인테라피","서울 영등포구 문래동 출장마사지 지역정보를 영등포동과 도림동 주변부터 차례로 정리했습니다. 지역과 공원 시장 관공서 등 생활시설 같은 생활거점을 기준으로 인접 지역의 구성을 함께 살펴볼 수 있습니다."
"영등포구\신길동\index.html","서울 영등포구 신길동 출장마사지 | 영등포동 문래동 주변지역과 생활권 흐름 | 한국미인테라피","서울 영등포구 신길동 출장마사지 지역정보를 영등포동과 문래동 인근의 생활지역 중심으로 정리했습니다. 주변지역과 공원 시장 관공서 등 생활시설 주변을 포함해 가까운 지역의 위치 흐름을 확인할 수 있습니다."
"영등포구\양평동\index.html","서울 영등포구 양평동 출장마사지 | 당산동 영등포본동 가까운 지역과 생활권 정보 | 한국미인테라피","서울 영등포구 양평동 출장마사지 지역정보는 당산동과 영등포본동 등 가까운 지역을 함께 볼 수 있도록 구성했습니다. 지역과 공원 시장 관공서 등 생활시설 주변의 생활권도 지역 흐름에 맞춰 정리했습니다."
"영등포구\여의동\index.html","서울 영등포구 여의동 출장마사지 | 도림동 대림동 주변지역과 생활권 흐름 | 한국미인테라피","서울 영등포구 여의동 출장마사지 지역정보를 도림동과 대림동 인근의 생활지역 중심으로 정리했습니다. 주변지역과 공원 시장 관공서 등 생활시설 주변을 포함해 가까운 지역의 위치 흐름을 확인할 수 있습니다."
"영등포구\영등포동\index.html","서울 영등포구 영등포동 출장마사지 | 신길동 주변지역 여의동 중심 생활권과 주변지역 | 한국미인테라피","서울 영등포구 영등포동 출장마사지 지역정보를 신길동과 여의동 주변 생활권을 중심으로 정리했습니다. 주변지역과 공원 시장 관공서 등 생활시설까지 이어지는 위치 흐름을 함께 살펴볼 수 있습니다."
"영등포구\영등포본동\index.html","서울 영등포구 영등포본동 출장마사지 | 신길동 양평동 이어지는 지역과 생활권 안내 | 한국미인테라피","서울 영등포구 영등포본동 출장마사지 지역정보를 기준으로 신길동과 양평동 방향의 주변 생활권을 담았습니다. 지역과 공원 시장 관공서 등 생활시설를 포함한 인근 지역의 위치 관계를 살펴볼 수 있습니다."
"영종구\index.html","인천 영종구 출장마사지 | 용유동 영종동 인근 지역 흐름과 생활권 | 한국미인테라피","인천 영종구 출장마사지 지역을 살펴보면 용유동과 영종동 방향으로 생활권이 이어집니다. 지역 주변과 공원 시장 관공서 등 생활시설 인근까지 포함해 지역의 연결 관계를 담았습니다."
"영종구\영종동\index.html","인천 영종구 영종동 출장마사지 | 용유동 운서동 이어지는 지역과 생활권 안내 | 한국미인테라피","인천 영종구 영종동 출장마사지 지역정보를 기준으로 용유동과 운서동 방향의 주변 생활권을 담았습니다. 지역과 공원 시장 관공서 등 생활시설를 포함한 인근 지역의 위치 관계를 살펴볼 수 있습니다."
"영종구\용유동\index.html","인천 영종구 용유동 출장마사지 | 운서동 영종동 생활권 중심 지역정보 | 한국미인테라피","인천 영종구 용유동 출장마사지 지역은 운서동에서 영종동 방향으로 이어지는 생활권과 맞닿아 있습니다. 지역을 비롯해 공원 시장 관공서 등 생활시설 주변의 지역 특성을 함께 담았습니다."
"영종구\운서동\index.html","인천 영종구 운서동 출장마사지 | 영종동 용유동 주요 생활지역과 위치정보 | 한국미인테라피","인천 영종구 운서동 출장마사지 지역정보는 영종동과 용유동 사이의 위치 관계를 중심으로 구성했습니다. 생활지역과 공원 시장 관공서 등 생활시설 등 가까운 생활지역의 흐름도 함께 확인할 수 있습니다."
"오산시\index.html","오산 출장마사지 | 신장동 지역 남촌동 주변 생활권 한눈에 보기 | 한국미인테라피","오산 출장마사지 지역의 위치 특성을 신장동과 남촌동 생활권을 기준으로 살펴볼 수 있습니다. 지역에서 공원 시장 관공서 등 생활시설 주변으로 이어지는 인접 지역도 함께 담았습니다."
"오산시\남촌동\index.html","오산 남촌동 출장마사지 | 세마동 신장동 가까운 지역과 생활권 정보 | 한국미인테라피","오산 남촌동 출장마사지 지역정보는 세마동과 신장동 등 가까운 지역을 함께 볼 수 있도록 구성했습니다. 지역과 공원 시장 관공서 등 생활시설 주변의 생활권도 지역 흐름에 맞춰 정리했습니다."
"오산시\대원동\index.html","오산 대원동 출장마사지 | 남촌동 세마동 가까운 지역과 생활권 정보 | 한국미인테라피","오산 대원동 출장마사지 지역정보는 남촌동과 세마동 등 가까운 지역을 함께 볼 수 있도록 구성했습니다. 지역과 공원 시장 관공서 등 생활시설 주변의 생활권도 지역 흐름에 맞춰 정리했습니다."
"오산시\세마동\index.html","오산 세마동 출장마사지 | 초평동 주변지역 남촌동 중심 생활권과 주변지역 | 한국미인테라피","오산 세마동 출장마사지 지역정보를 초평동과 남촌동 주변 생활권을 중심으로 정리했습니다. 주변지역과 공원 시장 관공서 등 생활시설까지 이어지는 위치 흐름을 함께 살펴볼 수 있습니다."
"오산시\신장동\index.html","오산 신장동 출장마사지 | 세마동 초평동 인근 지역 흐름과 생활권 | 한국미인테라피","오산 신장동 출장마사지 지역을 살펴보면 세마동과 초평동 방향으로 생활권이 이어집니다. 지역 주변과 공원 시장 관공서 등 생활시설 인근까지 포함해 지역의 연결 관계를 담았습니다."
"오산시\중앙동\index.html","오산 중앙동 출장마사지 | 초평동 세마동 주요 생활지역과 위치정보 | 한국미인테라피","오산 중앙동 출장마사지 지역정보는 초평동과 세마동 사이의 위치 관계를 중심으로 구성했습니다. 생활지역과 공원 시장 관공서 등 생활시설 등 가까운 생활지역의 흐름도 함께 확인할 수 있습니다."
"오산시\초평동\index.html","오산 초평동 출장마사지 | 남촌동 지역 세마동 지역 연결성과 주변 생활권 | 한국미인테라피","오산 초평동 출장마사지 지역을 남촌동과 세마동 인근 생활권으로 나누어 살펴봅니다. 지역에서 공원 시장 관공서 등 생활시설 주변까지 이어지는 주요 지역을 함께 정리했습니다."
"옹진군\index.html","인천 옹진군 출장마사지 | 영흥면 덕적면 가까운 지역과 생활권 정보 | 한국미인테라피","인천 옹진군 출장마사지 지역정보는 영흥면과 덕적면 등 가까운 지역을 함께 볼 수 있도록 구성했습니다. 지역과 공원 시장 관공서 등 생활시설 주변의 생활권도 지역 흐름에 맞춰 정리했습니다."
"옹진군\대청면\index.html","인천 옹진군 대청면 출장마사지 | 백령면 자월면 인근 지역 흐름과 생활권 | 한국미인테라피","인천 옹진군 대청면 출장마사지 지역을 살펴보면 백령면과 자월면 방향으로 생활권이 이어집니다. 지역 주변과 공원 시장 관공서 등 생활시설 인근까지 포함해 지역의 연결 관계를 담았습니다."
"옹진군\덕적면\index.html","인천 옹진군 덕적면 출장마사지 | 대청면 가능지역 연평면 주변 지역정보와 생활범위 | 한국미인테라피","인천 옹진군 덕적면 출장마사지 지역정보를 대청면과 연평면 주변부터 차례로 정리했습니다. 가능지역과 공원 시장 관공서 등 생활시설 같은 생활거점을 기준으로 인접 지역의 구성을 함께 살펴볼 수 있습니다."
"옹진군\백령면\index.html","인천 옹진군 백령면 출장마사지 | 영흥면 자월면 주변지역과 생활권 흐름 | 한국미인테라피","인천 옹진군 백령면 출장마사지 지역정보를 영흥면과 자월면 인근의 생활지역 중심으로 정리했습니다. 주변지역과 공원 시장 관공서 등 생활시설 주변을 포함해 가까운 지역의 위치 흐름을 확인할 수 있습니다."
"옹진군\북도면\index.html","인천 옹진군 북도면 출장마사지 | 연평면 지역 영흥면 지역 연결성과 주변 생활권 | 한국미인테라피","인천 옹진군 북도면 출장마사지 지역을 연평면과 영흥면 인근 생활권으로 나누어 살펴봅니다. 지역에서 공원 시장 관공서 등 생활시설 주변까지 이어지는 주요 지역을 함께 정리했습니다."
"옹진군\연평면\index.html","인천 옹진군 연평면 출장마사지 | 북도면 지역 자월면 지역 연결성과 주변 생활권 | 한국미인테라피","인천 옹진군 연평면 출장마사지 지역을 북도면과 자월면 인근 생활권으로 나누어 살펴봅니다. 지역에서 공원 시장 관공서 등 생활시설 주변까지 이어지는 주요 지역을 함께 정리했습니다."
"옹진군\영흥면\index.html","인천 옹진군 영흥면 출장마사지 | 백령면 자월면 주요 생활지역과 위치정보 | 한국미인테라피","인천 옹진군 영흥면 출장마사지 지역정보는 백령면과 자월면 사이의 위치 관계를 중심으로 구성했습니다. 생활지역과 공원 시장 관공서 등 생활시설 등 가까운 생활지역의 흐름도 함께 확인할 수 있습니다."
"옹진군\자월면\index.html","인천 옹진군 자월면 출장마사지 | 대청면 이용지역 덕적면 중심 생활권과 주변지역 | 한국미인테라피","인천 옹진군 자월면 출장마사지 지역정보를 대청면과 덕적면 주변 생활권을 중심으로 정리했습니다. 이용지역과 공원 시장 관공서 등 생활시설까지 이어지는 위치 흐름을 함께 살펴볼 수 있습니다."
"용산구\index.html","서울 용산구 출장마사지 | 보광동 주변지역 서빙고동 중심 생활권과 주변지역 | 한국미인테라피","서울 용산구 출장마사지 지역정보를 보광동과 서빙고동 주변 생활권을 중심으로 정리했습니다. 주변지역과 공원 시장 관공서 등 생활시설까지 이어지는 위치 흐름을 함께 살펴볼 수 있습니다."
"용산구\남영동\index.html","서울 용산구 남영동 출장마사지 | 용문동 용산2가동 주요 생활지역과 위치정보 | 한국미인테라피","서울 용산구 남영동 출장마사지 지역정보는 용문동과 용산2가동 사이의 위치 관계를 중심으로 구성했습니다. 생활지역과 공원 시장 관공서 등 생활시설 등 가까운 생활지역의 흐름도 함께 확인할 수 있습니다."
"용산구\보광동\index.html","서울 용산구 보광동 출장마사지 | 이태원동 지역 원효로동 주변 지역정보와 생활범위 | 한국미인테라피","서울 용산구 보광동 출장마사지 지역정보를 이태원동과 원효로동 주변부터 차례로 정리했습니다. 지역과 공원 시장 관공서 등 생활시설 같은 생활거점을 기준으로 인접 지역의 구성을 함께 살펴볼 수 있습니다."
"용산구\서빙고동\index.html","서울 용산구 서빙고동 출장마사지 | 효창동 후암동 주변지역과 생활권 흐름 | 한국미인테라피","서울 용산구 서빙고동 출장마사지 지역정보를 효창동과 후암동 인근의 생활지역 중심으로 정리했습니다. 주변지역과 공원 시장 관공서 등 생활시설 주변을 포함해 가까운 지역의 위치 흐름을 확인할 수 있습니다."
"용산구\용문동\index.html","서울 용산구 용문동 출장마사지 | 이태원동 가능지역 한강로동 주변 지역정보와 생활범위 | 한국미인테라피","서울 용산구 용문동 출장마사지 지역정보를 이태원동과 한강로동 주변부터 차례로 정리했습니다. 가능지역과 공원 시장 관공서 등 생활시설 같은 생활거점을 기준으로 인접 지역의 구성을 함께 살펴볼 수 있습니다."
"용산구\용산2가동\index.html","서울 용산구 용산2가동 출장마사지 | 한강로동 이태원동 가까운 지역과 생활권 정보 | 한국미인테라피","서울 용산구 용산2가동 출장마사지 지역정보는 한강로동과 이태원동 등 가까운 지역을 함께 볼 수 있도록 구성했습니다. 지역과 공원 시장 관공서 등 생활시설 주변의 생활권도 지역 흐름에 맞춰 정리했습니다."
"용산구\원효로동\index.html","서울 용산구 원효로동 출장마사지 | 보광동 효창동 인근 지역 흐름과 생활권 | 한국미인테라피","서울 용산구 원효로동 출장마사지 지역을 살펴보면 보광동과 효창동 방향으로 생활권이 이어집니다. 지역 주변과 공원 시장 관공서 등 생활시설 인근까지 포함해 지역의 연결 관계를 담았습니다."
"용산구\이촌동\index.html","서울 용산구 이촌동 출장마사지 | 한남동 지역 용문동 지역 연결성과 주변 생활권 | 한국미인테라피","서울 용산구 이촌동 출장마사지 지역을 한남동과 용문동 인근 생활권으로 나누어 살펴봅니다. 지역에서 공원 시장 관공서 등 생활시설 주변까지 이어지는 주요 지역을 함께 정리했습니다."
"용산구\이태원동\index.html","서울 용산구 이태원동 출장마사지 | 원효로동 청파동 인접지역과 주요 생활권 | 한국미인테라피","서울 용산구 이태원동 출장마사지 지역은 원효로동과 청파동 방향의 생활권이 서로 이어지는 특징이 있습니다. 지역과 공원 시장 관공서 등 생활시설 주변 지역까지 함께 살펴보기 쉽게 구성했습니다."
"용산구\청파동\index.html","서울 용산구 청파동 출장마사지 | 서빙고동 효창동 주요 생활지역과 위치정보 | 한국미인테라피","서울 용산구 청파동 출장마사지 지역정보는 서빙고동과 효창동 사이의 위치 관계를 중심으로 구성했습니다. 생활지역과 공원 시장 관공서 등 생활시설 등 가까운 생활지역의 흐름도 함께 확인할 수 있습니다."
"용산구\한강로동\index.html","서울 용산구 한강로동 출장마사지 | 서빙고동 청파동 주요 생활지역과 위치정보 | 한국미인테라피","서울 용산구 한강로동 출장마사지 지역정보는 서빙고동과 청파동 사이의 위치 관계를 중심으로 구성했습니다. 생활지역과 공원 시장 관공서 등 생활시설 등 가까운 생활지역의 흐름도 함께 확인할 수 있습니다."
"용산구\한남동\index.html","서울 용산구 한남동 출장마사지 | 한강로동 지역 서빙고동 지역 연결성과 주변 생활권 | 한국미인테라피","서울 용산구 한남동 출장마사지 지역을 한강로동과 서빙고동 인근 생활권으로 나누어 살펴봅니다. 지역에서 공원 시장 관공서 등 생활시설 주변까지 이어지는 주요 지역을 함께 정리했습니다."
"용산구\효창동\index.html","서울 용산구 효창동 출장마사지 | 한남동 용산2가동 주변지역과 생활권 흐름 | 한국미인테라피","서울 용산구 효창동 출장마사지 지역정보를 한남동과 용산2가동 인근의 생활지역 중심으로 정리했습니다. 주변지역과 공원 시장 관공서 등 생활시설 주변을 포함해 가까운 지역의 위치 흐름을 확인할 수 있습니다."
"용산구\후암동\index.html","서울 용산구 후암동 출장마사지 | 한강로동 지역 남영동 지역 연결성과 주변 생활권 | 한국미인테라피","서울 용산구 후암동 출장마사지 지역을 한강로동과 남영동 인근 생활권으로 나누어 살펴봅니다. 지역에서 공원 시장 관공서 등 생활시설 주변까지 이어지는 주요 지역을 함께 정리했습니다."
"용인기흥구\index.html","용인 기흥구 출장마사지 | 서농동 지역 구갈동 지역 연결성과 주변 생활권 | 한국미인테라피","용인 기흥구 출장마사지 지역을 서농동과 구갈동 인근 생활권으로 나누어 살펴봅니다. 지역에서 공원 시장 관공서 등 생활시설 주변까지 이어지는 주요 지역을 함께 정리했습니다."
"용인기흥구\구갈동\index.html","용인 기흥구 구갈동 출장마사지 | 서농동 신갈동 주변지역과 생활권 흐름 | 한국미인테라피","용인 기흥구 구갈동 출장마사지 지역정보를 서농동과 신갈동 인근의 생활지역 중심으로 정리했습니다. 주변지역과 공원 시장 관공서 등 생활시설 주변을 포함해 가까운 지역의 위치 흐름을 확인할 수 있습니다."
"용인기흥구\구성동\index.html","용인 기흥구 구성동 출장마사지 | 동백동 지역 영덕동 주변 생활권 한눈에 보기 | 한국미인테라피","용인 기흥구 구성동 출장마사지 지역의 위치 특성을 동백동과 영덕동 생활권을 기준으로 살펴볼 수 있습니다. 지역에서 공원 시장 관공서 등 생활시설 주변으로 이어지는 인접 지역도 함께 담았습니다."
"용인기흥구\기흥동\index.html","용인 기흥구 기흥동 출장마사지 | 서농동 지역 보정동 주변 생활권 한눈에 보기 | 한국미인테라피","용인 기흥구 기흥동 출장마사지 지역의 위치 특성을 서농동과 보정동 생활권을 기준으로 살펴볼 수 있습니다. 지역에서 공원 시장 관공서 등 생활시설 주변으로 이어지는 인접 지역도 함께 담았습니다."
"용인기흥구\동백동\index.html","용인 기흥구 동백동 출장마사지 | 보라동 상하동 가까운 지역과 생활권 정보 | 한국미인테라피","용인 기흥구 동백동 출장마사지 지역정보는 보라동과 상하동 등 가까운 지역을 함께 볼 수 있도록 구성했습니다. 지역과 공원 시장 관공서 등 생활시설 주변의 생활권도 지역 흐름에 맞춰 정리했습니다."
"용인기흥구\마북동\index.html","용인 기흥구 마북동 출장마사지 | 구갈동 지역 서농동 주변 생활권 한눈에 보기 | 한국미인테라피","용인 기흥구 마북동 출장마사지 지역의 위치 특성을 구갈동과 서농동 생활권을 기준으로 살펴볼 수 있습니다. 지역에서 공원 시장 관공서 등 생활시설 주변으로 이어지는 인접 지역도 함께 담았습니다."
"용인기흥구\보라동\index.html","용인 기흥구 보라동 출장마사지 | 서농동 지역 상갈동 주변 지역정보와 생활범위 | 한국미인테라피","용인 기흥구 보라동 출장마사지 지역정보를 서농동과 상갈동 주변부터 차례로 정리했습니다. 지역과 공원 시장 관공서 등 생활시설 같은 생활거점을 기준으로 인접 지역의 구성을 함께 살펴볼 수 있습니다."
"용인기흥구\보정동\index.html","용인 기흥구 보정동 출장마사지 | 구갈동 서농동 생활권 중심 지역정보 | 한국미인테라피","용인 기흥구 보정동 출장마사지 지역은 구갈동에서 서농동 방향으로 이어지는 생활권과 맞닿아 있습니다. 지역을 비롯해 공원 시장 관공서 등 생활시설 주변의 지역 특성을 함께 담았습니다."
"용인기흥구\상갈동\index.html","용인 기흥구 상갈동 출장마사지 | 상하동 지역 보정동 주변 생활권 한눈에 보기 | 한국미인테라피","용인 기흥구 상갈동 출장마사지 지역의 위치 특성을 상하동과 보정동 생활권을 기준으로 살펴볼 수 있습니다. 지역에서 공원 시장 관공서 등 생활시설 주변으로 이어지는 인접 지역도 함께 담았습니다."
"용인기흥구\상하동\index.html","용인 기흥구 상하동 출장마사지 | 구성동 상갈동 생활권 중심 지역정보 | 한국미인테라피","용인 기흥구 상하동 출장마사지 지역은 구성동에서 상갈동 방향으로 이어지는 생활권과 맞닿아 있습니다. 지역을 비롯해 공원 시장 관공서 등 생활시설 주변의 지역 특성을 함께 담았습니다."
"용인기흥구\서농동\index.html","용인 기흥구 서농동 출장마사지 | 마북동 상하동 생활권 중심 지역정보 | 한국미인테라피","용인 기흥구 서농동 출장마사지 지역은 마북동에서 상하동 방향으로 이어지는 생활권과 맞닿아 있습니다. 지역을 비롯해 공원 시장 관공서 등 생활시설 주변의 지역 특성을 함께 담았습니다."
"용인기흥구\신갈동\index.html","용인 기흥구 신갈동 출장마사지 | 구갈동 지역 동백동 주변 지역정보와 생활범위 | 한국미인테라피","용인 기흥구 신갈동 출장마사지 지역정보를 구갈동과 동백동 주변부터 차례로 정리했습니다. 지역과 공원 시장 관공서 등 생활시설 같은 생활거점을 기준으로 인접 지역의 구성을 함께 살펴볼 수 있습니다."
"용인기흥구\영덕동\index.html","용인 기흥구 영덕동 출장마사지 | 상하동 주변지역 구갈동 중심 생활권과 주변지역 | 한국미인테라피","용인 기흥구 영덕동 출장마사지 지역정보를 상하동과 구갈동 주변 생활권을 중심으로 정리했습니다. 주변지역과 공원 시장 관공서 등 생활시설까지 이어지는 위치 흐름을 함께 살펴볼 수 있습니다."
"용인수지구\index.html","용인 수지구 출장마사지 | 죽전동 신봉동 이어지는 지역과 생활권 안내 | 한국미인테라피","용인 수지구 출장마사지 지역정보를 기준으로 죽전동과 신봉동 방향의 주변 생활권을 담았습니다. 지역과 공원 시장 관공서 등 생활시설를 포함한 인근 지역의 위치 관계를 살펴볼 수 있습니다."
"용인수지구\동천동\index.html","용인 수지구 동천동 출장마사지 | 죽전동 지역 성복동 주변 지역정보와 생활범위 | 한국미인테라피","용인 수지구 동천동 출장마사지 지역정보를 죽전동과 성복동 주변부터 차례로 정리했습니다. 지역과 공원 시장 관공서 등 생활시설 같은 생활거점을 기준으로 인접 지역의 구성을 함께 살펴볼 수 있습니다."
"용인수지구\상현동\index.html","용인 수지구 상현동 출장마사지 | 동천동 지역 죽전동 주변 지역정보와 생활범위 | 한국미인테라피","용인 수지구 상현동 출장마사지 지역정보를 동천동과 죽전동 주변부터 차례로 정리했습니다. 지역과 공원 시장 관공서 등 생활시설 같은 생활거점을 기준으로 인접 지역의 구성을 함께 살펴볼 수 있습니다."
"용인수지구\성복동\index.html","용인 수지구 성복동 출장마사지 | 신봉동 지역 상현동 주변 생활권 한눈에 보기 | 한국미인테라피","용인 수지구 성복동 출장마사지 지역의 위치 특성을 신봉동과 상현동 생활권을 기준으로 살펴볼 수 있습니다. 지역에서 공원 시장 관공서 등 생활시설 주변으로 이어지는 인접 지역도 함께 담았습니다."
"용인수지구\신봉동\index.html","용인 수지구 신봉동 출장마사지 | 죽전동 상현동 주변지역과 생활권 흐름 | 한국미인테라피","용인 수지구 신봉동 출장마사지 지역정보를 죽전동과 상현동 인근의 생활지역 중심으로 정리했습니다. 주변지역과 공원 시장 관공서 등 생활시설 주변을 포함해 가까운 지역의 위치 흐름을 확인할 수 있습니다."
"용인수지구\죽전동\index.html","용인 수지구 죽전동 출장마사지 | 풍덕천동 가능지역 성복동 주변 지역정보와 생활범위 | 한국미인테라피","용인 수지구 죽전동 출장마사지 지역정보를 풍덕천동과 성복동 주변부터 차례로 정리했습니다. 가능지역과 공원 시장 관공서 등 생활시설 같은 생활거점을 기준으로 인접 지역의 구성을 함께 살펴볼 수 있습니다."
"용인수지구\풍덕천동\index.html","용인 수지구 풍덕천동 출장마사지 | 죽전동 신봉동 중심 지역구성과 주변정보 | 한국미인테라피","용인 수지구 풍덕천동 출장마사지 지역은 죽전동과 신봉동 생활권 사이에서 주변 지역과 자연스럽게 연결됩니다. 지역 및 공원 시장 관공서 등 생활시설 인근의 생활 흐름을 지역 중심으로 정리했습니다."
"용인시\index.html","용인 출장마사지 | 용인시 인접지역 인접지역 중심 생활권과 주변지역 | 한국미인테라피","용인 출장마사지 지역정보를 용인시과 인접지역 주변 생활권을 중심으로 정리했습니다. 인접지역과 공원 시장 관공서 등 생활시설까지 이어지는 위치 흐름을 함께 살펴볼 수 있습니다."
"용인처인구\index.html","용인 처인구 출장마사지 | 유림동 포곡읍 가까운 지역과 생활권 정보 | 한국미인테라피","용인 처인구 출장마사지 지역정보는 유림동과 포곡읍 등 가까운 지역을 함께 볼 수 있도록 구성했습니다. 지역과 공원 시장 관공서 등 생활시설 주변의 생활권도 지역 흐름에 맞춰 정리했습니다."
"용인처인구\남사읍\index.html","용인 처인구 남사읍 출장마사지 | 모현읍 동부동 인근 지역 흐름과 생활권 | 한국미인테라피","용인 처인구 남사읍 출장마사지 지역을 살펴보면 모현읍과 동부동 방향으로 생활권이 이어집니다. 지역 주변과 공원 시장 관공서 등 생활시설 인근까지 포함해 지역의 연결 관계를 담았습니다."
"용인처인구\동부동\index.html","용인 처인구 동부동 출장마사지 | 중앙동 가능지역 삼가동 주변 지역정보와 생활범위 | 한국미인테라피","용인 처인구 동부동 출장마사지 지역정보를 중앙동과 삼가동 주변부터 차례로 정리했습니다. 가능지역과 공원 시장 관공서 등 생활시설 같은 생활거점을 기준으로 인접 지역의 구성을 함께 살펴볼 수 있습니다."
"용인처인구\모현읍\index.html","용인 처인구 모현읍 출장마사지 | 원삼면 지역 포곡읍 지역 연결성과 주변 생활권 | 한국미인테라피","용인 처인구 모현읍 출장마사지 지역을 원삼면과 포곡읍 인근 생활권으로 나누어 살펴봅니다. 지역에서 공원 시장 관공서 등 생활시설 주변까지 이어지는 주요 지역을 함께 정리했습니다."
"용인처인구\백암면\index.html","용인 처인구 백암면 출장마사지 | 포곡읍 역북동 인접지역과 주요 생활권 | 한국미인테라피","용인 처인구 백암면 출장마사지 지역은 포곡읍과 역북동 방향의 생활권이 서로 이어지는 특징이 있습니다. 지역과 공원 시장 관공서 등 생활시설 주변 지역까지 함께 살펴보기 쉽게 구성했습니다."
"용인처인구\삼가동\index.html","용인 처인구 삼가동 출장마사지 | 역북동 중앙동 인근 지역 흐름과 생활권 | 한국미인테라피","용인 처인구 삼가동 출장마사지 지역을 살펴보면 역북동과 중앙동 방향으로 생활권이 이어집니다. 지역 주변과 공원 시장 관공서 등 생활시설 인근까지 포함해 지역의 연결 관계를 담았습니다."
"용인처인구\양지읍\index.html","용인 처인구 양지읍 출장마사지 | 남사읍 유림동 주변지역과 생활권 흐름 | 한국미인테라피","용인 처인구 양지읍 출장마사지 지역정보를 남사읍과 유림동 인근의 생활지역 중심으로 정리했습니다. 주변지역과 공원 시장 관공서 등 생활시설 주변을 포함해 가까운 지역의 위치 흐름을 확인할 수 있습니다."
"용인처인구\역북동\index.html","용인 처인구 역북동 출장마사지 | 유림동 지역 남사읍 주변 생활권 한눈에 보기 | 한국미인테라피","용인 처인구 역북동 출장마사지 지역의 위치 특성을 유림동과 남사읍 생활권을 기준으로 살펴볼 수 있습니다. 지역에서 공원 시장 관공서 등 생활시설 주변으로 이어지는 인접 지역도 함께 담았습니다."
"용인처인구\원삼면\index.html","용인 처인구 원삼면 출장마사지 | 모현읍 이용지역 남사읍 중심 생활권과 주변지역 | 한국미인테라피","용인 처인구 원삼면 출장마사지 지역정보를 모현읍과 남사읍 주변 생활권을 중심으로 정리했습니다. 이용지역과 공원 시장 관공서 등 생활시설까지 이어지는 위치 흐름을 함께 살펴볼 수 있습니다."
"용인처인구\유림동\index.html","용인 처인구 유림동 출장마사지 | 중앙동 삼가동 인접지역과 주요 생활권 | 한국미인테라피","용인 처인구 유림동 출장마사지 지역은 중앙동과 삼가동 방향의 생활권이 서로 이어지는 특징이 있습니다. 지역과 공원 시장 관공서 등 생활시설 주변 지역까지 함께 살펴보기 쉽게 구성했습니다."
"용인처인구\이동읍\index.html","용인 처인구 이동읍 출장마사지 | 모현읍 양지읍 주변지역과 생활권 흐름 | 한국미인테라피","용인 처인구 이동읍 출장마사지 지역정보를 모현읍과 양지읍 인근의 생활지역 중심으로 정리했습니다. 주변지역과 공원 시장 관공서 등 생활시설 주변을 포함해 가까운 지역의 위치 흐름을 확인할 수 있습니다."
"용인처인구\중앙동\index.html","용인 처인구 중앙동 출장마사지 | 백암면 이동읍 생활권 중심 지역정보 | 한국미인테라피","용인 처인구 중앙동 출장마사지 지역은 백암면에서 이동읍 방향으로 이어지는 생활권과 맞닿아 있습니다. 지역을 비롯해 공원 시장 관공서 등 생활시설 주변의 지역 특성을 함께 담았습니다."
"용인처인구\포곡읍\index.html","용인 처인구 포곡읍 출장마사지 | 모현읍 백암면 주요 생활지역과 위치정보 | 한국미인테라피","용인 처인구 포곡읍 출장마사지 지역정보는 모현읍과 백암면 사이의 위치 관계를 중심으로 구성했습니다. 생활지역과 공원 시장 관공서 등 생활시설 등 가까운 생활지역의 흐름도 함께 확인할 수 있습니다."
"은평구\index.html","서울 은평구 출장마사지 | 진관동 주변지역 녹번동 중심 생활권과 주변지역 | 한국미인테라피","서울 은평구 출장마사지 지역정보를 진관동과 녹번동 주변 생활권을 중심으로 정리했습니다. 주변지역과 공원 시장 관공서 등 생활시설까지 이어지는 위치 흐름을 함께 살펴볼 수 있습니다."
"은평구\갈현동\index.html","서울 은평구 갈현동 출장마사지 | 불광동 녹번동 인근 지역 흐름과 생활권 | 한국미인테라피","서울 은평구 갈현동 출장마사지 지역을 살펴보면 불광동과 녹번동 방향으로 생활권이 이어집니다. 지역 주변과 공원 시장 관공서 등 생활시설 인근까지 포함해 지역의 연결 관계를 담았습니다."
"은평구\구산동\index.html","서울 은평구 구산동 출장마사지 | 진관동 지역 역촌동 지역 연결성과 주변 생활권 | 한국미인테라피","서울 은평구 구산동 출장마사지 지역을 진관동과 역촌동 인근 생활권으로 나누어 살펴봅니다. 지역에서 공원 시장 관공서 등 생활시설 주변까지 이어지는 주요 지역을 함께 정리했습니다."
"은평구\녹번동\index.html","서울 은평구 녹번동 출장마사지 | 대조동 가능지역 진관동 주변 지역정보와 생활범위 | 한국미인테라피","서울 은평구 녹번동 출장마사지 지역정보를 대조동과 진관동 주변부터 차례로 정리했습니다. 가능지역과 공원 시장 관공서 등 생활시설 같은 생활거점을 기준으로 인접 지역의 구성을 함께 살펴볼 수 있습니다."
"은평구\대조동\index.html","서울 은평구 대조동 출장마사지 | 구산동 진관동 인근 지역 흐름과 생활권 | 한국미인테라피","서울 은평구 대조동 출장마사지 지역을 살펴보면 구산동과 진관동 방향으로 생활권이 이어집니다. 지역 주변과 공원 시장 관공서 등 생활시설 인근까지 포함해 지역의 연결 관계를 담았습니다."
"은평구\불광동\index.html","서울 은평구 불광동 출장마사지 | 갈현동 증산동 주변지역과 생활권 흐름 | 한국미인테라피","서울 은평구 불광동 출장마사지 지역정보를 갈현동과 증산동 인근의 생활지역 중심으로 정리했습니다. 주변지역과 공원 시장 관공서 등 생활시설 주변을 포함해 가까운 지역의 위치 흐름을 확인할 수 있습니다."
"은평구\수색동\index.html","서울 은평구 수색동 출장마사지 | 역촌동 구산동 주변지역과 생활권 흐름 | 한국미인테라피","서울 은평구 수색동 출장마사지 지역정보를 역촌동과 구산동 인근의 생활지역 중심으로 정리했습니다. 주변지역과 공원 시장 관공서 등 생활시설 주변을 포함해 가까운 지역의 위치 흐름을 확인할 수 있습니다."
"은평구\신사동\index.html","서울 은평구 신사동 출장마사지 | 응암동 녹번동 인근 지역 흐름과 생활권 | 한국미인테라피","서울 은평구 신사동 출장마사지 지역을 살펴보면 응암동과 녹번동 방향으로 생활권이 이어집니다. 지역 주변과 공원 시장 관공서 등 생활시설 인근까지 포함해 지역의 연결 관계를 담았습니다."
"은평구\역촌동\index.html","서울 은평구 역촌동 출장마사지 | 신사동 진관동 주요 생활지역과 위치정보 | 한국미인테라피","서울 은평구 역촌동 출장마사지 지역정보는 신사동과 진관동 사이의 위치 관계를 중심으로 구성했습니다. 생활지역과 공원 시장 관공서 등 생활시설 등 가까운 생활지역의 흐름도 함께 확인할 수 있습니다."
"은평구\응암동\index.html","서울 은평구 응암동 출장마사지 | 신사동 진관동 주요 생활지역과 위치정보 | 한국미인테라피","서울 은평구 응암동 출장마사지 지역정보는 신사동과 진관동 사이의 위치 관계를 중심으로 구성했습니다. 생활지역과 공원 시장 관공서 등 생활시설 등 가까운 생활지역의 흐름도 함께 확인할 수 있습니다."
"은평구\증산동\index.html","서울 은평구 증산동 출장마사지 | 신사동 녹번동 주요 생활지역과 위치정보 | 한국미인테라피","서울 은평구 증산동 출장마사지 지역정보는 신사동과 녹번동 사이의 위치 관계를 중심으로 구성했습니다. 생활지역과 공원 시장 관공서 등 생활시설 등 가까운 생활지역의 흐름도 함께 확인할 수 있습니다."
"은평구\진관동\index.html","서울 은평구 진관동 출장마사지 | 수색동 불광동 인접지역과 주요 생활권 | 한국미인테라피","서울 은평구 진관동 출장마사지 지역은 수색동과 불광동 방향의 생활권이 서로 이어지는 특징이 있습니다. 지역과 공원 시장 관공서 등 생활시설 주변 지역까지 함께 살펴보기 쉽게 구성했습니다."
"의왕시\index.html","의왕 출장마사지 | 고천동 내손동 이어지는 지역과 생활권 안내 | 한국미인테라피","의왕 출장마사지 지역정보를 기준으로 고천동과 내손동 방향의 주변 생활권을 담았습니다. 지역과 공원 시장 관공서 등 생활시설를 포함한 인근 지역의 위치 관계를 살펴볼 수 있습니다."
"의왕시\고천동\index.html","의왕 고천동 출장마사지 | 부곡동 지역 오전동 지역 연결성과 주변 생활권 | 한국미인테라피","의왕 고천동 출장마사지 지역을 부곡동과 오전동 인근 생활권으로 나누어 살펴봅니다. 지역에서 공원 시장 관공서 등 생활시설 주변까지 이어지는 주요 지역을 함께 정리했습니다."
"의왕시\내손동\index.html","의왕 내손동 출장마사지 | 부곡동 지역 오전동 지역 연결성과 주변 생활권 | 한국미인테라피","의왕 내손동 출장마사지 지역을 부곡동과 오전동 인근 생활권으로 나누어 살펴봅니다. 지역에서 공원 시장 관공서 등 생활시설 주변까지 이어지는 주요 지역을 함께 정리했습니다."
"의왕시\부곡동\index.html","의왕 부곡동 출장마사지 | 오전동 지역 청계동 주변 지역정보와 생활범위 | 한국미인테라피","의왕 부곡동 출장마사지 지역정보를 오전동과 청계동 주변부터 차례로 정리했습니다. 지역과 공원 시장 관공서 등 생활시설 같은 생활거점을 기준으로 인접 지역의 구성을 함께 살펴볼 수 있습니다."
"의왕시\오전동\index.html","의왕 오전동 출장마사지 | 내손동 지역 부곡동 지역 연결성과 주변 생활권 | 한국미인테라피","의왕 오전동 출장마사지 지역을 내손동과 부곡동 인근 생활권으로 나누어 살펴봅니다. 지역에서 공원 시장 관공서 등 생활시설 주변까지 이어지는 주요 지역을 함께 정리했습니다."
"의왕시\청계동\index.html","의왕 청계동 출장마사지 | 부곡동 고천동 주변지역과 생활권 흐름 | 한국미인테라피","의왕 청계동 출장마사지 지역정보를 부곡동과 고천동 인근의 생활지역 중심으로 정리했습니다. 주변지역과 공원 시장 관공서 등 생활시설 주변을 포함해 가까운 지역의 위치 흐름을 확인할 수 있습니다."
"의정부시\index.html","의정부 출장마사지 | 가능동 호원동 이어지는 지역과 생활권 안내 | 한국미인테라피","의정부 출장마사지 지역정보를 기준으로 가능동과 호원동 방향의 주변 생활권을 담았습니다. 지역과 공원 시장 관공서 등 생활시설를 포함한 인근 지역의 위치 관계를 살펴볼 수 있습니다."
"의정부시\가능동\index.html","의정부 가능동 출장마사지 | 자금동 흥선동 주요 생활지역과 위치정보 | 한국미인테라피","의정부 가능동 출장마사지 지역정보는 자금동과 흥선동 사이의 위치 관계를 중심으로 구성했습니다. 생활지역과 공원 시장 관공서 등 생활시설 등 가까운 생활지역의 흐름도 함께 확인할 수 있습니다."
"의정부시\고산동\index.html","의정부 고산동 출장마사지 | 흥선동 자금동 인접지역과 주요 생활권 | 한국미인테라피","의정부 고산동 출장마사지 지역은 흥선동과 자금동 방향의 생활권이 서로 이어지는 특징이 있습니다. 지역과 공원 시장 관공서 등 생활시설 주변 지역까지 함께 살펴보기 쉽게 구성했습니다."
"의정부시\녹양동\index.html","의정부 녹양동 출장마사지 | 의정부동 신곡동 생활권 중심 지역정보 | 한국미인테라피","의정부 녹양동 출장마사지 지역은 의정부동에서 신곡동 방향으로 이어지는 생활권과 맞닿아 있습니다. 지역을 비롯해 공원 시장 관공서 등 생활시설 주변의 지역 특성을 함께 담았습니다."
"의정부시\송산동\index.html","의정부 송산동 출장마사지 | 녹양동 가능동 주요 생활지역과 위치정보 | 한국미인테라피","의정부 송산동 출장마사지 지역정보는 녹양동과 가능동 사이의 위치 관계를 중심으로 구성했습니다. 생활지역과 공원 시장 관공서 등 생활시설 등 가까운 생활지역의 흐름도 함께 확인할 수 있습니다."
"의정부시\신곡동\index.html","의정부 신곡동 출장마사지 | 녹양동 가능동 주요 생활지역과 위치정보 | 한국미인테라피","의정부 신곡동 출장마사지 지역정보는 녹양동과 가능동 사이의 위치 관계를 중심으로 구성했습니다. 생활지역과 공원 시장 관공서 등 생활시설 등 가까운 생활지역의 흐름도 함께 확인할 수 있습니다."
"의정부시\의정부동\index.html","의정부 의정부동 출장마사지 | 송산동 가능지역 장암동 주변 지역정보와 생활범위 | 한국미인테라피","의정부 의정부동 출장마사지 지역정보를 송산동과 장암동 주변부터 차례로 정리했습니다. 가능지역과 공원 시장 관공서 등 생활시설 같은 생활거점을 기준으로 인접 지역의 구성을 함께 살펴볼 수 있습니다."
"의정부시\자금동\index.html","의정부 자금동 출장마사지 | 송산동 지역 가능동 지역 연결성과 주변 생활권 | 한국미인테라피","의정부 자금동 출장마사지 지역을 송산동과 가능동 인근 생활권으로 나누어 살펴봅니다. 지역에서 공원 시장 관공서 등 생활시설 주변까지 이어지는 주요 지역을 함께 정리했습니다."
"의정부시\장암동\index.html","의정부 장암동 출장마사지 | 송산동 지역 고산동 주변 지역정보와 생활범위 | 한국미인테라피","의정부 장암동 출장마사지 지역정보를 송산동과 고산동 주변부터 차례로 정리했습니다. 지역과 공원 시장 관공서 등 생활시설 같은 생활거점을 기준으로 인접 지역의 구성을 함께 살펴볼 수 있습니다."
"의정부시\호원동\index.html","의정부 호원동 출장마사지 | 고산동 장암동 인근 지역 흐름과 생활권 | 한국미인테라피","의정부 호원동 출장마사지 지역을 살펴보면 고산동과 장암동 방향으로 생활권이 이어집니다. 지역 주변과 공원 시장 관공서 등 생활시설 인근까지 포함해 지역의 연결 관계를 담았습니다."
"의정부시\흥선동\index.html","의정부 흥선동 출장마사지 | 장암동 고산동 주변지역과 생활권 흐름 | 한국미인테라피","의정부 흥선동 출장마사지 지역정보를 장암동과 고산동 인근의 생활지역 중심으로 정리했습니다. 주변지역과 공원 시장 관공서 등 생활시설 주변을 포함해 가까운 지역의 위치 흐름을 확인할 수 있습니다."
"이천시\index.html","이천 출장마사지 | 대월면 중리동 생활권 중심 지역정보 | 한국미인테라피","이천 출장마사지 지역은 대월면에서 중리동 방향으로 이어지는 생활권과 맞닿아 있습니다. 지역을 비롯해 공원 시장 관공서 등 생활시설 주변의 지역 특성을 함께 담았습니다."
"이천시\관고동\index.html","이천 관고동 출장마사지 | 설성면 마장면 가까운 지역과 생활권 정보 | 한국미인테라피","이천 관고동 출장마사지 지역정보는 설성면과 마장면 등 가까운 지역을 함께 볼 수 있도록 구성했습니다. 지역과 공원 시장 관공서 등 생활시설 주변의 생활권도 지역 흐름에 맞춰 정리했습니다."
"이천시\대월면\index.html","이천 대월면 출장마사지 | 중리동 지역 관고동 주변 생활권 한눈에 보기 | 한국미인테라피","이천 대월면 출장마사지 지역의 위치 특성을 중리동과 관고동 생활권을 기준으로 살펴볼 수 있습니다. 지역에서 공원 시장 관공서 등 생활시설 주변으로 이어지는 인접 지역도 함께 담았습니다."
"이천시\마장면\index.html","이천 마장면 출장마사지 | 부발읍 중리동 이어지는 지역과 생활권 안내 | 한국미인테라피","이천 마장면 출장마사지 지역정보를 기준으로 부발읍과 중리동 방향의 주변 생활권을 담았습니다. 지역과 공원 시장 관공서 등 생활시설를 포함한 인근 지역의 위치 관계를 살펴볼 수 있습니다."
"이천시\모가면\index.html","이천 모가면 출장마사지 | 마장면 지역 신둔면 주변 생활권 한눈에 보기 | 한국미인테라피","이천 모가면 출장마사지 지역의 위치 특성을 마장면과 신둔면 생활권을 기준으로 살펴볼 수 있습니다. 지역에서 공원 시장 관공서 등 생활시설 주변으로 이어지는 인접 지역도 함께 담았습니다."
"이천시\백사면\index.html","이천 백사면 출장마사지 | 신둔면 이용지역 율면 중심 생활권과 주변지역 | 한국미인테라피","이천 백사면 출장마사지 지역정보를 신둔면과 율면 주변 생활권을 중심으로 정리했습니다. 이용지역과 공원 시장 관공서 등 생활시설까지 이어지는 위치 흐름을 함께 살펴볼 수 있습니다."
"이천시\부발읍\index.html","이천 부발읍 출장마사지 | 설성면 대월면 가까운 지역과 생활권 정보 | 한국미인테라피","이천 부발읍 출장마사지 지역정보는 설성면과 대월면 등 가까운 지역을 함께 볼 수 있도록 구성했습니다. 지역과 공원 시장 관공서 등 생활시설 주변의 생활권도 지역 흐름에 맞춰 정리했습니다."
"이천시\설성면\index.html","이천 설성면 출장마사지 | 마장면 창전동 가까운 지역과 생활권 정보 | 한국미인테라피","이천 설성면 출장마사지 지역정보는 마장면과 창전동 등 가까운 지역을 함께 볼 수 있도록 구성했습니다. 지역과 공원 시장 관공서 등 생활시설 주변의 생활권도 지역 흐름에 맞춰 정리했습니다."
"이천시\신둔면\index.html","이천 신둔면 출장마사지 | 관고동 지역 백사면 주변 생활권 한눈에 보기 | 한국미인테라피","이천 신둔면 출장마사지 지역의 위치 특성을 관고동과 백사면 생활권을 기준으로 살펴볼 수 있습니다. 지역에서 공원 시장 관공서 등 생활시설 주변으로 이어지는 인접 지역도 함께 담았습니다."
"이천시\율면\index.html","이천 율면 출장마사지 | 모가면 창전동 생활권 중심 지역정보 | 한국미인테라피","이천 율면 출장마사지 지역은 모가면에서 창전동 방향으로 이어지는 생활권과 맞닿아 있습니다. 지역을 비롯해 공원 시장 관공서 등 생활시설 주변의 지역 특성을 함께 담았습니다."
"이천시\장호원읍\index.html","이천 장호원읍 출장마사지 | 부발읍 창전동 인접지역과 주요 생활권 | 한국미인테라피","이천 장호원읍 출장마사지 지역은 부발읍과 창전동 방향의 생활권이 서로 이어지는 특징이 있습니다. 지역과 공원 시장 관공서 등 생활시설 주변 지역까지 함께 살펴보기 쉽게 구성했습니다."
"이천시\중리동\index.html","이천 중리동 출장마사지 | 대월면 신둔면 인접지역과 주요 생활권 | 한국미인테라피","이천 중리동 출장마사지 지역은 대월면과 신둔면 방향의 생활권이 서로 이어지는 특징이 있습니다. 지역과 공원 시장 관공서 등 생활시설 주변 지역까지 함께 살펴보기 쉽게 구성했습니다."
"이천시\증포동\index.html","이천 증포동 출장마사지 | 중리동 호법면 인근 지역 흐름과 생활권 | 한국미인테라피","이천 증포동 출장마사지 지역을 살펴보면 중리동과 호법면 방향으로 생활권이 이어집니다. 지역 주변과 공원 시장 관공서 등 생활시설 인근까지 포함해 지역의 연결 관계를 담았습니다."
"이천시\창전동\index.html","이천 창전동 출장마사지 | 관고동 마장면 인근 지역 흐름과 생활권 | 한국미인테라피","이천 창전동 출장마사지 지역을 살펴보면 관고동과 마장면 방향으로 생활권이 이어집니다. 지역 주변과 공원 시장 관공서 등 생활시설 인근까지 포함해 지역의 연결 관계를 담았습니다."
"이천시\호법면\index.html","이천 호법면 출장마사지 | 설성면 이용지역 신둔면 중심 생활권과 주변지역 | 한국미인테라피","이천 호법면 출장마사지 지역정보를 설성면과 신둔면 주변 생활권을 중심으로 정리했습니다. 이용지역과 공원 시장 관공서 등 생활시설까지 이어지는 위치 흐름을 함께 살펴볼 수 있습니다."
"인천\index.html","인천 출장마사지 | 인천 인접지역 중심 지역구성과 주변정보 | 한국미인테라피","인천 출장마사지 지역은 인천과 인접지역 생활권 사이에서 주변 지역과 자연스럽게 연결됩니다. 지역 및 공원 시장 관공서 등 생활시설 인근의 생활 흐름을 지역 중심으로 정리했습니다."
"제물포구\index.html","인천 제물포구 출장마사지 | 송현동 금창동 생활권 중심 지역정보 | 한국미인테라피","인천 제물포구 출장마사지 지역은 송현동에서 금창동 방향으로 이어지는 생활권과 맞닿아 있습니다. 지역을 비롯해 공원 시장 관공서 등 생활시설 주변의 지역 특성을 함께 담았습니다."
"제물포구\개항동\index.html","인천 제물포구 개항동 출장마사지 | 율목동 지역 연안동 지역 연결성과 주변 생활권 | 한국미인테라피","인천 제물포구 개항동 출장마사지 지역을 율목동과 연안동 인근 생활권으로 나누어 살펴봅니다. 지역에서 공원 시장 관공서 등 생활시설 주변까지 이어지는 주요 지역을 함께 정리했습니다."
"제물포구\금창동\index.html","인천 제물포구 금창동 출장마사지 | 율목동 지역 신흥동 지역 연결성과 주변 생활권 | 한국미인테라피","인천 제물포구 금창동 출장마사지 지역을 율목동과 신흥동 인근 생활권으로 나누어 살펴봅니다. 지역에서 공원 시장 관공서 등 생활시설 주변까지 이어지는 주요 지역을 함께 정리했습니다."
"제물포구\도원동\index.html","인천 제물포구 도원동 출장마사지 | 송림동 송현동 이어지는 지역과 생활권 안내 | 한국미인테라피","인천 제물포구 도원동 출장마사지 지역정보를 기준으로 송림동과 송현동 방향의 주변 생활권을 담았습니다. 지역과 공원 시장 관공서 등 생활시설를 포함한 인근 지역의 위치 관계를 살펴볼 수 있습니다."
"제물포구\동인천동\index.html","인천 제물포구 동인천동 출장마사지 | 금창동 도원동 인근 지역 흐름과 생활권 | 한국미인테라피","인천 제물포구 동인천동 출장마사지 지역을 살펴보면 금창동과 도원동 방향으로 생활권이 이어집니다. 지역 주변과 공원 시장 관공서 등 생활시설 인근까지 포함해 지역의 연결 관계를 담았습니다."
"제물포구\만석동\index.html","인천 제물포구 만석동 출장마사지 | 송현동 도원동 인접지역과 주요 생활권 | 한국미인테라피","인천 제물포구 만석동 출장마사지 지역은 송현동과 도원동 방향의 생활권이 서로 이어지는 특징이 있습니다. 지역과 공원 시장 관공서 등 생활시설 주변 지역까지 함께 살펴보기 쉽게 구성했습니다."
"제물포구\송림동\index.html","인천 제물포구 송림동 출장마사지 | 금창동 송현동 인근 지역 흐름과 생활권 | 한국미인테라피","인천 제물포구 송림동 출장마사지 지역을 살펴보면 금창동과 송현동 방향으로 생활권이 이어집니다. 지역 주변과 공원 시장 관공서 등 생활시설 인근까지 포함해 지역의 연결 관계를 담았습니다."
"제물포구\송현동\index.html","인천 제물포구 송현동 출장마사지 | 송림동 화평동 인접지역과 주요 생활권 | 한국미인테라피","인천 제물포구 송현동 출장마사지 지역은 송림동과 화평동 방향의 생활권이 서로 이어지는 특징이 있습니다. 지역과 공원 시장 관공서 등 생활시설 주변 지역까지 함께 살펴보기 쉽게 구성했습니다."
"제물포구\신포동\index.html","인천 제물포구 신포동 출장마사지 | 만석동 금창동 이어지는 지역과 생활권 안내 | 한국미인테라피","인천 제물포구 신포동 출장마사지 지역정보를 기준으로 만석동과 금창동 방향의 주변 생활권을 담았습니다. 지역과 공원 시장 관공서 등 생활시설를 포함한 인근 지역의 위치 관계를 살펴볼 수 있습니다."
"제물포구\신흥동\index.html","인천 제물포구 신흥동 출장마사지 | 송림동 개항동 인접지역과 주요 생활권 | 한국미인테라피","인천 제물포구 신흥동 출장마사지 지역은 송림동과 개항동 방향의 생활권이 서로 이어지는 특징이 있습니다. 지역과 공원 시장 관공서 등 생활시설 주변 지역까지 함께 살펴보기 쉽게 구성했습니다."
"제물포구\연안동\index.html","인천 제물포구 연안동 출장마사지 | 만석동 신흥동 이어지는 지역과 생활권 안내 | 한국미인테라피","인천 제물포구 연안동 출장마사지 지역정보를 기준으로 만석동과 신흥동 방향의 주변 생활권을 담았습니다. 지역과 공원 시장 관공서 등 생활시설를 포함한 인근 지역의 위치 관계를 살펴볼 수 있습니다."
"제물포구\율목동\index.html","인천 제물포구 율목동 출장마사지 | 연안동 지역 동인천동 지역 연결성과 주변 생활권 | 한국미인테라피","인천 제물포구 율목동 출장마사지 지역을 연안동과 동인천동 인근 생활권으로 나누어 살펴봅니다. 지역에서 공원 시장 관공서 등 생활시설 주변까지 이어지는 주요 지역을 함께 정리했습니다."
"제물포구\화수동\index.html","인천 제물포구 화수동 출장마사지 | 개항동 이용지역 신포동 중심 생활권과 주변지역 | 한국미인테라피","인천 제물포구 화수동 출장마사지 지역정보를 개항동과 신포동 주변 생활권을 중심으로 정리했습니다. 이용지역과 공원 시장 관공서 등 생활시설까지 이어지는 위치 흐름을 함께 살펴볼 수 있습니다."
"제물포구\화평동\index.html","인천 제물포구 화평동 출장마사지 | 송림동 연안동 인접지역과 주요 생활권 | 한국미인테라피","인천 제물포구 화평동 출장마사지 지역은 송림동과 연안동 방향의 생활권이 서로 이어지는 특징이 있습니다. 지역과 공원 시장 관공서 등 생활시설 주변 지역까지 함께 살펴보기 쉽게 구성했습니다."
"종로구\index.html","서울 종로구 출장마사지 | 사직동 주변지역 가회동 중심 생활권과 주변지역 | 한국미인테라피","서울 종로구 출장마사지 지역정보를 사직동과 가회동 주변 생활권을 중심으로 정리했습니다. 주변지역과 공원 시장 관공서 등 생활시설까지 이어지는 위치 흐름을 함께 살펴볼 수 있습니다."
"종로구\가회동\index.html","서울 종로구 가회동 출장마사지 | 숭인동 지역 부암동 지역 연결성과 주변 생활권 | 한국미인테라피","서울 종로구 가회동 출장마사지 지역을 숭인동과 부암동 인근 생활권으로 나누어 살펴봅니다. 지역에서 공원 시장 관공서 등 생활시설 주변까지 이어지는 주요 지역을 함께 정리했습니다."
"종로구\교남동\index.html","서울 종로구 교남동 출장마사지 | 무악동 종로1.2.3.4가동 인접지역과 주요 생활권 | 한국미인테라피","서울 종로구 교남동 출장마사지 지역은 무악동과 종로1.2.3.4가동 방향의 생활권이 서로 이어지는 특징이 있습니다. 지역과 공원 시장 관공서 등 생활시설 주변 지역까지 함께 살펴보기 쉽게 구성했습니다."
"종로구\무악동\index.html","서울 종로구 무악동 출장마사지 | 종로1.2.3.4가동 가능지역 교남동 주변 지역정보와 생활범위 | 한국미인테라피","서울 종로구 무악동 출장마사지 지역정보를 종로1.2.3.4가동과 교남동 주변부터 차례로 정리했습니다. 가능지역과 공원 시장 관공서 등 생활시설 같은 생활거점을 기준으로 인접 지역의 구성을 함께 살펴볼 수 있습니다."
"종로구\부암동\index.html","서울 종로구 부암동 출장마사지 | 혜화동 지역 창신동 지역 연결성과 주변 생활권 | 한국미인테라피","서울 종로구 부암동 출장마사지 지역을 혜화동과 창신동 인근 생활권으로 나누어 살펴봅니다. 지역에서 공원 시장 관공서 등 생활시설 주변까지 이어지는 주요 지역을 함께 정리했습니다."
"종로구\사직동\index.html","서울 종로구 사직동 출장마사지 | 종로1.2.3.4가동 숭인동 주변지역과 생활권 흐름 | 한국미인테라피","서울 종로구 사직동 출장마사지 지역정보를 종로1.2.3.4가동과 숭인동 인근의 생활지역 중심으로 정리했습니다. 주변지역과 공원 시장 관공서 등 생활시설 주변을 포함해 가까운 지역의 위치 흐름을 확인할 수 있습니다."
"종로구\삼청동\index.html","서울 종로구 삼청동 출장마사지 | 사직동 가능지역 평창동 주변 지역정보와 생활범위 | 한국미인테라피","서울 종로구 삼청동 출장마사지 지역정보를 사직동과 평창동 주변부터 차례로 정리했습니다. 가능지역과 공원 시장 관공서 등 생활시설 같은 생활거점을 기준으로 인접 지역의 구성을 함께 살펴볼 수 있습니다."
"종로구\숭인동\index.html","서울 종로구 숭인동 출장마사지 | 무악동 삼청동 주요 생활지역과 위치정보 | 한국미인테라피","서울 종로구 숭인동 출장마사지 지역정보는 무악동과 삼청동 사이의 위치 관계를 중심으로 구성했습니다. 생활지역과 공원 시장 관공서 등 생활시설 등 가까운 생활지역의 흐름도 함께 확인할 수 있습니다."
"종로구\이화동\index.html","서울 종로구 이화동 출장마사지 | 창신동 지역 숭인동 지역 연결성과 주변 생활권 | 한국미인테라피","서울 종로구 이화동 출장마사지 지역을 창신동과 숭인동 인근 생활권으로 나누어 살펴봅니다. 지역에서 공원 시장 관공서 등 생활시설 주변까지 이어지는 주요 지역을 함께 정리했습니다."
"종로구\종로1.2.3.4가동\index.html","서울 종로구 종로1.2.3.4가동 출장마사지 | 청운효자동 종로5.6가동 주변지역과 생활권 흐름 | 한국미인테라피","서울 종로구 종로1.2.3.4가동 출장마사지 지역정보를 청운효자동과 종로5.6가동 인근의 생활지역 중심으로 정리했습니다. 주변지역과 공원 시장 관공서 등 생활시설 주변을 포함해 가까운 지역의 위치 흐름을 확인할 수 있습니다."
"종로구\종로5.6가동\index.html","서울 종로구 종로5.6가동 출장마사지 | 삼청동 지역 창신동 주변 생활권 한눈에 보기 | 한국미인테라피","서울 종로구 종로5.6가동 출장마사지 지역의 위치 특성을 삼청동과 창신동 생활권을 기준으로 살펴볼 수 있습니다. 지역에서 공원 시장 관공서 등 생활시설 주변으로 이어지는 인접 지역도 함께 담았습니다."
"종로구\창신동\index.html","서울 종로구 창신동 출장마사지 | 평창동 종로5.6가동 주변지역과 생활권 흐름 | 한국미인테라피","서울 종로구 창신동 출장마사지 지역정보를 평창동과 종로5.6가동 인근의 생활지역 중심으로 정리했습니다. 주변지역과 공원 시장 관공서 등 생활시설 주변을 포함해 가까운 지역의 위치 흐름을 확인할 수 있습니다."
"종로구\청운효자동\index.html","서울 종로구 청운효자동 출장마사지 | 창신동 가능지역 사직동 주변 지역정보와 생활범위 | 한국미인테라피","서울 종로구 청운효자동 출장마사지 지역정보를 창신동과 사직동 주변부터 차례로 정리했습니다. 가능지역과 공원 시장 관공서 등 생활시설 같은 생활거점을 기준으로 인접 지역의 구성을 함께 살펴볼 수 있습니다."
"종로구\평창동\index.html","서울 종로구 평창동 출장마사지 | 청운효자동 숭인동 생활권 중심 지역정보 | 한국미인테라피","서울 종로구 평창동 출장마사지 지역은 청운효자동에서 숭인동 방향으로 이어지는 생활권과 맞닿아 있습니다. 지역을 비롯해 공원 시장 관공서 등 생활시설 주변의 지역 특성을 함께 담았습니다."
"종로구\혜화동\index.html","서울 종로구 혜화동 출장마사지 | 사직동 창신동 인접지역과 주요 생활권 | 한국미인테라피","서울 종로구 혜화동 출장마사지 지역은 사직동과 창신동 방향의 생활권이 서로 이어지는 특징이 있습니다. 지역과 공원 시장 관공서 등 생활시설 주변 지역까지 함께 살펴보기 쉽게 구성했습니다."
"중구\index.html","서울 중구 출장마사지 | 동화동 명동 가까운 지역과 생활권 정보 | 한국미인테라피","서울 중구 출장마사지 지역정보는 동화동과 명동 등 가까운 지역을 함께 볼 수 있도록 구성했습니다. 지역과 공원 시장 관공서 등 생활시설 주변의 생활권도 지역 흐름에 맞춰 정리했습니다."
"중구\광희동\index.html","서울 중구 광희동 출장마사지 | 회현동 필동 주변지역과 생활권 흐름 | 한국미인테라피","서울 중구 광희동 출장마사지 지역정보를 회현동과 필동 인근의 생활지역 중심으로 정리했습니다. 주변지역과 공원 시장 관공서 등 생활시설 주변을 포함해 가까운 지역의 위치 흐름을 확인할 수 있습니다."
"중구\다산동\index.html","서울 중구 다산동 출장마사지 | 회현동 동화동 인근 지역 흐름과 생활권 | 한국미인테라피","서울 중구 다산동 출장마사지 지역을 살펴보면 회현동과 동화동 방향으로 생활권이 이어집니다. 지역 주변과 공원 시장 관공서 등 생활시설 인근까지 포함해 지역의 연결 관계를 담았습니다."
"중구\동화동\index.html","서울 중구 동화동 출장마사지 | 회현동 명동 주요 생활지역과 위치정보 | 한국미인테라피","서울 중구 동화동 출장마사지 지역정보는 회현동과 명동 사이의 위치 관계를 중심으로 구성했습니다. 생활지역과 공원 시장 관공서 등 생활시설 등 가까운 생활지역의 흐름도 함께 확인할 수 있습니다."
"중구\명동\index.html","서울 중구 명동 출장마사지 | 청구동 회현동 주요 생활지역과 위치정보 | 한국미인테라피","서울 중구 명동 출장마사지 지역정보는 청구동과 회현동 사이의 위치 관계를 중심으로 구성했습니다. 생활지역과 공원 시장 관공서 등 생활시설 등 가까운 생활지역의 흐름도 함께 확인할 수 있습니다."
"중구\소공동\index.html","서울 중구 소공동 출장마사지 | 광희동 황학동 주변지역과 생활권 흐름 | 한국미인테라피","서울 중구 소공동 출장마사지 지역정보를 광희동과 황학동 인근의 생활지역 중심으로 정리했습니다. 주변지역과 공원 시장 관공서 등 생활시설 주변을 포함해 가까운 지역의 위치 흐름을 확인할 수 있습니다."
"중구\신당동\index.html","서울 중구 신당동 출장마사지 | 중림동 가능지역 동화동 주변 지역정보와 생활범위 | 한국미인테라피","서울 중구 신당동 출장마사지 지역정보를 중림동과 동화동 주변부터 차례로 정리했습니다. 가능지역과 공원 시장 관공서 등 생활시설 같은 생활거점을 기준으로 인접 지역의 구성을 함께 살펴볼 수 있습니다."
"중구\약수동\index.html","서울 중구 약수동 출장마사지 | 황학동 청구동 주변지역과 생활권 흐름 | 한국미인테라피","서울 중구 약수동 출장마사지 지역정보를 황학동과 청구동 인근의 생활지역 중심으로 정리했습니다. 주변지역과 공원 시장 관공서 등 생활시설 주변을 포함해 가까운 지역의 위치 흐름을 확인할 수 있습니다."
"중구\을지로동\index.html","서울 중구 을지로동 출장마사지 | 다산동 명동 인근 지역 흐름과 생활권 | 한국미인테라피","서울 중구 을지로동 출장마사지 지역을 살펴보면 다산동과 명동 방향으로 생활권이 이어집니다. 지역 주변과 공원 시장 관공서 등 생활시설 인근까지 포함해 지역의 연결 관계를 담았습니다."
"중구\장충동\index.html","서울 중구 장충동 출장마사지 | 다산동 청구동 생활권 중심 지역정보 | 한국미인테라피","서울 중구 장충동 출장마사지 지역은 다산동에서 청구동 방향으로 이어지는 생활권과 맞닿아 있습니다. 지역을 비롯해 공원 시장 관공서 등 생활시설 주변의 지역 특성을 함께 담았습니다."
"중구\중림동\index.html","서울 중구 중림동 출장마사지 | 청구동 을지로동 주변지역과 생활권 흐름 | 한국미인테라피","서울 중구 중림동 출장마사지 지역정보를 청구동과 을지로동 인근의 생활지역 중심으로 정리했습니다. 주변지역과 공원 시장 관공서 등 생활시설 주변을 포함해 가까운 지역의 위치 흐름을 확인할 수 있습니다."
"중구\청구동\index.html","서울 중구 청구동 출장마사지 | 소공동 을지로동 주요 생활지역과 위치정보 | 한국미인테라피","서울 중구 청구동 출장마사지 지역정보는 소공동과 을지로동 사이의 위치 관계를 중심으로 구성했습니다. 생활지역과 공원 시장 관공서 등 생활시설 등 가까운 생활지역의 흐름도 함께 확인할 수 있습니다."
"중구\필동\index.html","서울 중구 필동 출장마사지 | 신당동 지역 동화동 지역 연결성과 주변 생활권 | 한국미인테라피","서울 중구 필동 출장마사지 지역을 신당동과 동화동 인근 생활권으로 나누어 살펴봅니다. 지역에서 공원 시장 관공서 등 생활시설 주변까지 이어지는 주요 지역을 함께 정리했습니다."
"중구\황학동\index.html","서울 중구 황학동 출장마사지 | 명동 필동 생활권 중심 지역정보 | 한국미인테라피","서울 중구 황학동 출장마사지 지역은 명동에서 필동 방향으로 이어지는 생활권과 맞닿아 있습니다. 지역을 비롯해 공원 시장 관공서 등 생활시설 주변의 지역 특성을 함께 담았습니다."
"중구\회현동\index.html","서울 중구 회현동 출장마사지 | 다산동 지역 필동 지역 연결성과 주변 생활권 | 한국미인테라피","서울 중구 회현동 출장마사지 지역을 다산동과 필동 인근 생활권으로 나누어 살펴봅니다. 지역에서 공원 시장 관공서 등 생활시설 주변까지 이어지는 주요 지역을 함께 정리했습니다."
"중랑구\index.html","서울 중랑구 출장마사지 | 망우동 지역 상봉동 지역 연결성과 주변 생활권 | 한국미인테라피","서울 중랑구 출장마사지 지역을 망우동과 상봉동 인근 생활권으로 나누어 살펴봅니다. 지역에서 공원 시장 관공서 등 생활시설 주변까지 이어지는 주요 지역을 함께 정리했습니다."
"중랑구\망우동\index.html","서울 중랑구 망우동 출장마사지 | 중화동 묵동 중심 지역구성과 주변정보 | 한국미인테라피","서울 중랑구 망우동 출장마사지 지역은 중화동과 묵동 생활권 사이에서 주변 지역과 자연스럽게 연결됩니다. 지역 및 공원 시장 관공서 등 생활시설 인근의 생활 흐름을 지역 중심으로 정리했습니다."
"중랑구\망우본동\index.html","서울 중랑구 망우본동 출장마사지 | 중화동 지역 면목본동 주변 생활권 한눈에 보기 | 한국미인테라피","서울 중랑구 망우본동 출장마사지 지역의 위치 특성을 중화동과 면목본동 생활권을 기준으로 살펴볼 수 있습니다. 지역에서 공원 시장 관공서 등 생활시설 주변으로 이어지는 인접 지역도 함께 담았습니다."
"중랑구\면목3.동\index.html","서울 중랑구 면목3.동 출장마사지 | 망우동 이용지역 면목동 중심 생활권과 주변지역 | 한국미인테라피","서울 중랑구 면목3.동 출장마사지 지역정보를 망우동과 면목동 주변 생활권을 중심으로 정리했습니다. 이용지역과 공원 시장 관공서 등 생활시설까지 이어지는 위치 흐름을 함께 살펴볼 수 있습니다."
"중랑구\면목동\index.html","서울 중랑구 면목동 출장마사지 | 중화동 면목3.동 중심 지역구성과 주변정보 | 한국미인테라피","서울 중랑구 면목동 출장마사지 지역은 중화동과 면목3.동 생활권 사이에서 주변 지역과 자연스럽게 연결됩니다. 지역 및 공원 시장 관공서 등 생활시설 인근의 생활 흐름을 지역 중심으로 정리했습니다."
"중랑구\면목본동\index.html","서울 중랑구 면목본동 출장마사지 | 중화동 지역 망우본동 주변 생활권 한눈에 보기 | 한국미인테라피","서울 중랑구 면목본동 출장마사지 지역의 위치 특성을 중화동과 망우본동 생활권을 기준으로 살펴볼 수 있습니다. 지역에서 공원 시장 관공서 등 생활시설 주변으로 이어지는 인접 지역도 함께 담았습니다."
"중랑구\묵동\index.html","서울 중랑구 묵동 출장마사지 | 중화동 면목동 중심 지역구성과 주변정보 | 한국미인테라피","서울 중랑구 묵동 출장마사지 지역은 중화동과 면목동 생활권 사이에서 주변 지역과 자연스럽게 연결됩니다. 지역 및 공원 시장 관공서 등 생활시설 인근의 생활 흐름을 지역 중심으로 정리했습니다."
"중랑구\상봉동\index.html","서울 중랑구 상봉동 출장마사지 | 면목본동 주변지역 망우본동 중심 생활권과 주변지역 | 한국미인테라피","서울 중랑구 상봉동 출장마사지 지역정보를 면목본동과 망우본동 주변 생활권을 중심으로 정리했습니다. 주변지역과 공원 시장 관공서 등 생활시설까지 이어지는 위치 흐름을 함께 살펴볼 수 있습니다."
"중랑구\신내동\index.html","서울 중랑구 신내동 출장마사지 | 상봉동 망우동 주요 생활지역과 위치정보 | 한국미인테라피","서울 중랑구 신내동 출장마사지 지역정보는 상봉동과 망우동 사이의 위치 관계를 중심으로 구성했습니다. 생활지역과 공원 시장 관공서 등 생활시설 등 가까운 생활지역의 흐름도 함께 확인할 수 있습니다."
"중랑구\중화동\index.html","서울 중랑구 중화동 출장마사지 | 신내동 면목본동 중심 지역구성과 주변정보 | 한국미인테라피","서울 중랑구 중화동 출장마사지 지역은 신내동과 면목본동 생활권 사이에서 주변 지역과 자연스럽게 연결됩니다. 지역 및 공원 시장 관공서 등 생활시설 인근의 생활 흐름을 지역 중심으로 정리했습니다."
"천안\index.html","천안 출장마사지 | 천안 지역 인접지역 주변 생활권 한눈에 보기 | 한국미인테라피","천안 출장마사지 지역의 위치 특성을 천안과 인접지역 생활권을 기준으로 살펴볼 수 있습니다. 지역에서 공원 시장 관공서 등 생활시설 주변으로 이어지는 인접 지역도 함께 담았습니다."
"천안동남구\index.html","천안 동남구 출장마사지 | 성남면 풍세면 이어지는 지역과 생활권 안내 | 한국미인테라피","천안 동남구 출장마사지 지역정보를 기준으로 성남면과 풍세면 방향의 주변 생활권을 담았습니다. 지역과 공원 시장 관공서 등 생활시설를 포함한 인근 지역의 위치 관계를 살펴볼 수 있습니다."
"천안동남구\광덕면\index.html","천안 동남구 광덕면 출장마사지 | 청룡동 지역 신방동 주변 지역정보와 생활범위 | 한국미인테라피","천안 동남구 광덕면 출장마사지 지역정보를 청룡동과 신방동 주변부터 차례로 정리했습니다. 지역과 공원 시장 관공서 등 생활시설 같은 생활거점을 기준으로 인접 지역의 구성을 함께 살펴볼 수 있습니다."
"천안동남구\동면\index.html","천안 동남구 동면 출장마사지 | 목천읍 중앙동 인접지역과 주요 생활권 | 한국미인테라피","천안 동남구 동면 출장마사지 지역은 목천읍과 중앙동 방향의 생활권이 서로 이어지는 특징이 있습니다. 지역과 공원 시장 관공서 등 생활시설 주변 지역까지 함께 살펴보기 쉽게 구성했습니다."
"천안동남구\목천읍\index.html","천안 동남구 목천읍 출장마사지 | 성남면 원성2동 주변지역과 생활권 흐름 | 한국미인테라피","천안 동남구 목천읍 출장마사지 지역정보를 성남면과 원성2동 인근의 생활지역 중심으로 정리했습니다. 주변지역과 공원 시장 관공서 등 생활시설 주변을 포함해 가까운 지역의 위치 흐름을 확인할 수 있습니다."
"천안동남구\문성동\index.html","천안 동남구 문성동 출장마사지 | 성남면 북면 주요 생활지역과 위치정보 | 한국미인테라피","천안 동남구 문성동 출장마사지 지역정보는 성남면과 북면 사이의 위치 관계를 중심으로 구성했습니다. 생활지역과 공원 시장 관공서 등 생활시설 등 가까운 생활지역의 흐름도 함께 확인할 수 있습니다."
"천안동남구\병천면\index.html","천안 동남구 병천면 출장마사지 | 북면 지역 목천읍 지역 연결성과 주변 생활권 | 한국미인테라피","천안 동남구 병천면 출장마사지 지역을 북면과 목천읍 인근 생활권으로 나누어 살펴봅니다. 지역에서 공원 시장 관공서 등 생활시설 주변까지 이어지는 주요 지역을 함께 정리했습니다."
"천안동남구\봉명동\index.html","천안 동남구 봉명동 출장마사지 | 원성2동 중앙동 생활권 중심 지역정보 | 한국미인테라피","천안 동남구 봉명동 출장마사지 지역은 원성2동에서 중앙동 방향으로 이어지는 생활권과 맞닿아 있습니다. 지역을 비롯해 공원 시장 관공서 등 생활시설 주변의 지역 특성을 함께 담았습니다."
"천안동남구\북면\index.html","천안 동남구 북면 출장마사지 | 신안동 목천읍 인접지역과 주요 생활권 | 한국미인테라피","천안 동남구 북면 출장마사지 지역은 신안동과 목천읍 방향의 생활권이 서로 이어지는 특징이 있습니다. 지역과 공원 시장 관공서 등 생활시설 주변 지역까지 함께 살펴보기 쉽게 구성했습니다."
"천안동남구\성남면\index.html","천안 동남구 성남면 출장마사지 | 동면 지역 신방동 지역 연결성과 주변 생활권 | 한국미인테라피","천안 동남구 성남면 출장마사지 지역을 동면과 신방동 인근 생활권으로 나누어 살펴봅니다. 지역에서 공원 시장 관공서 등 생활시설 주변까지 이어지는 주요 지역을 함께 정리했습니다."
"천안동남구\수신면\index.html","천안 동남구 수신면 출장마사지 | 광덕면 일봉동 가까운 지역과 생활권 정보 | 한국미인테라피","천안 동남구 수신면 출장마사지 지역정보는 광덕면과 일봉동 등 가까운 지역을 함께 볼 수 있도록 구성했습니다. 지역과 공원 시장 관공서 등 생활시설 주변의 생활권도 지역 흐름에 맞춰 정리했습니다."
"천안동남구\신방동\index.html","천안 동남구 신방동 출장마사지 | 북면 목천읍 주요 생활지역과 위치정보 | 한국미인테라피","천안 동남구 신방동 출장마사지 지역정보는 북면과 목천읍 사이의 위치 관계를 중심으로 구성했습니다. 생활지역과 공원 시장 관공서 등 생활시설 등 가까운 생활지역의 흐름도 함께 확인할 수 있습니다."
"천안동남구\신안동\index.html","천안 동남구 신안동 출장마사지 | 봉명동 지역 일봉동 지역 연결성과 주변 생활권 | 한국미인테라피","천안 동남구 신안동 출장마사지 지역을 봉명동과 일봉동 인근 생활권으로 나누어 살펴봅니다. 지역에서 공원 시장 관공서 등 생활시설 주변까지 이어지는 주요 지역을 함께 정리했습니다."
"천안동남구\원성1동\index.html","천안 동남구 원성1동 출장마사지 | 풍세면 동면 생활권 중심 지역정보 | 한국미인테라피","천안 동남구 원성1동 출장마사지 지역은 풍세면에서 동면 방향으로 이어지는 생활권과 맞닿아 있습니다. 지역을 비롯해 공원 시장 관공서 등 생활시설 주변의 지역 특성을 함께 담았습니다."
"천안동남구\원성2동\index.html","천안 동남구 원성2동 출장마사지 | 광덕면 문성동 가까운 지역과 생활권 정보 | 한국미인테라피","천안 동남구 원성2동 출장마사지 지역정보는 광덕면과 문성동 등 가까운 지역을 함께 볼 수 있도록 구성했습니다. 지역과 공원 시장 관공서 등 생활시설 주변의 생활권도 지역 흐름에 맞춰 정리했습니다."
"천안동남구\일봉동\index.html","천안 동남구 일봉동 출장마사지 | 목천읍 수신면 주요 생활지역과 위치정보 | 한국미인테라피","천안 동남구 일봉동 출장마사지 지역정보는 목천읍과 수신면 사이의 위치 관계를 중심으로 구성했습니다. 생활지역과 공원 시장 관공서 등 생활시설 등 가까운 생활지역의 흐름도 함께 확인할 수 있습니다."
"천안동남구\중앙동\index.html","천안 동남구 중앙동 출장마사지 | 성남면 지역 원성1동 주변 생활권 한눈에 보기 | 한국미인테라피","천안 동남구 중앙동 출장마사지 지역의 위치 특성을 성남면과 원성1동 생활권을 기준으로 살펴볼 수 있습니다. 지역에서 공원 시장 관공서 등 생활시설 주변으로 이어지는 인접 지역도 함께 담았습니다."
"천안동남구\청룡동\index.html","천안 동남구 청룡동 출장마사지 | 원성1동 지역 원성2동 주변 생활권 한눈에 보기 | 한국미인테라피","천안 동남구 청룡동 출장마사지 지역의 위치 특성을 원성1동과 원성2동 생활권을 기준으로 살펴볼 수 있습니다. 지역에서 공원 시장 관공서 등 생활시설 주변으로 이어지는 인접 지역도 함께 담았습니다."
"천안동남구\풍세면\index.html","천안 동남구 풍세면 출장마사지 | 일봉동 봉명동 인근 지역 흐름과 생활권 | 한국미인테라피","천안 동남구 풍세면 출장마사지 지역을 살펴보면 일봉동과 봉명동 방향으로 생활권이 이어집니다. 지역 주변과 공원 시장 관공서 등 생활시설 인근까지 포함해 지역의 연결 관계를 담았습니다."
"천안서북구\index.html","천안 서북구 출장마사지 | 쌍용2동 백석동 이어지는 지역과 생활권 안내 | 한국미인테라피","천안 서북구 출장마사지 지역정보를 기준으로 쌍용2동과 백석동 방향의 주변 생활권을 담았습니다. 지역과 공원 시장 관공서 등 생활시설를 포함한 인근 지역의 위치 관계를 살펴볼 수 있습니다."
"천안서북구\백석동\index.html","천안 서북구 백석동 출장마사지 | 쌍용2동 지역 부성1동 주변 생활권 한눈에 보기 | 한국미인테라피","천안 서북구 백석동 출장마사지 지역의 위치 특성을 쌍용2동과 부성1동 생활권을 기준으로 살펴볼 수 있습니다. 지역에서 공원 시장 관공서 등 생활시설 주변으로 이어지는 인접 지역도 함께 담았습니다."
"천안서북구\부성1동\index.html","천안 서북구 부성1동 출장마사지 | 쌍용3동 쌍용2동 중심 지역구성과 주변정보 | 한국미인테라피","천안 서북구 부성1동 출장마사지 지역은 쌍용3동과 쌍용2동 생활권 사이에서 주변 지역과 자연스럽게 연결됩니다. 지역 및 공원 시장 관공서 등 생활시설 인근의 생활 흐름을 지역 중심으로 정리했습니다."
"천안서북구\부성2동\index.html","천안 서북구 부성2동 출장마사지 | 입장면 주변지역 직산읍 중심 생활권과 주변지역 | 한국미인테라피","천안 서북구 부성2동 출장마사지 지역정보를 입장면과 직산읍 주변 생활권을 중심으로 정리했습니다. 주변지역과 공원 시장 관공서 등 생활시설까지 이어지는 위치 흐름을 함께 살펴볼 수 있습니다."
"천안서북구\불당1동\index.html","천안 서북구 불당1동 출장마사지 | 성정1동 지역 쌍용2동 주변 생활권 한눈에 보기 | 한국미인테라피","천안 서북구 불당1동 출장마사지 지역의 위치 특성을 성정1동과 쌍용2동 생활권을 기준으로 살펴볼 수 있습니다. 지역에서 공원 시장 관공서 등 생활시설 주변으로 이어지는 인접 지역도 함께 담았습니다."
"천안서북구\불당2동\index.html","천안 서북구 불당2동 출장마사지 | 성정2동 입장면 이어지는 지역과 생활권 안내 | 한국미인테라피","천안 서북구 불당2동 출장마사지 지역정보를 기준으로 성정2동과 입장면 방향의 주변 생활권을 담았습니다. 지역과 공원 시장 관공서 등 생활시설를 포함한 인근 지역의 위치 관계를 살펴볼 수 있습니다."
"천안서북구\성거읍\index.html","천안 서북구 성거읍 출장마사지 | 부성1동 직산읍 주변지역과 생활권 흐름 | 한국미인테라피","천안 서북구 성거읍 출장마사지 지역정보를 부성1동과 직산읍 인근의 생활지역 중심으로 정리했습니다. 주변지역과 공원 시장 관공서 등 생활시설 주변을 포함해 가까운 지역의 위치 흐름을 확인할 수 있습니다."
"천안서북구\성정1동\index.html","천안 서북구 성정1동 출장마사지 | 부성2동 입장면 가까운 지역과 생활권 정보 | 한국미인테라피","천안 서북구 성정1동 출장마사지 지역정보는 부성2동과 입장면 등 가까운 지역을 함께 볼 수 있도록 구성했습니다. 지역과 공원 시장 관공서 등 생활시설 주변의 생활권도 지역 흐름에 맞춰 정리했습니다."
"천안서북구\성정2동\index.html","천안 서북구 성정2동 출장마사지 | 불당1동 지역 백석동 지역 연결성과 주변 생활권 | 한국미인테라피","천안 서북구 성정2동 출장마사지 지역을 불당1동과 백석동 인근 생활권으로 나누어 살펴봅니다. 지역에서 공원 시장 관공서 등 생활시설 주변까지 이어지는 주요 지역을 함께 정리했습니다."
"천안서북구\성환읍\index.html","천안 서북구 성환읍 출장마사지 | 불당2동 부성2동 주변지역과 생활권 흐름 | 한국미인테라피","천안 서북구 성환읍 출장마사지 지역정보를 불당2동과 부성2동 인근의 생활지역 중심으로 정리했습니다. 주변지역과 공원 시장 관공서 등 생활시설 주변을 포함해 가까운 지역의 위치 흐름을 확인할 수 있습니다."
"천안서북구\쌍용1동\index.html","천안 서북구 쌍용1동 출장마사지 | 쌍용3동 이용지역 입장면 중심 생활권과 주변지역 | 한국미인테라피","천안 서북구 쌍용1동 출장마사지 지역정보를 쌍용3동과 입장면 주변 생활권을 중심으로 정리했습니다. 이용지역과 공원 시장 관공서 등 생활시설까지 이어지는 위치 흐름을 함께 살펴볼 수 있습니다."
"천안서북구\쌍용2동\index.html","천안 서북구 쌍용2동 출장마사지 | 입장면 백석동 인근 지역 흐름과 생활권 | 한국미인테라피","천안 서북구 쌍용2동 출장마사지 지역을 살펴보면 입장면과 백석동 방향으로 생활권이 이어집니다. 지역 주변과 공원 시장 관공서 등 생활시설 인근까지 포함해 지역의 연결 관계를 담았습니다."
"천안서북구\쌍용3동\index.html","천안 서북구 쌍용3동 출장마사지 | 직산읍 부성2동 주요 생활지역과 위치정보 | 한국미인테라피","천안 서북구 쌍용3동 출장마사지 지역정보는 직산읍과 부성2동 사이의 위치 관계를 중심으로 구성했습니다. 생활지역과 공원 시장 관공서 등 생활시설 등 가까운 생활지역의 흐름도 함께 확인할 수 있습니다."
"천안서북구\입장면\index.html","천안 서북구 입장면 출장마사지 | 성정1동 쌍용1동 주요 생활지역과 위치정보 | 한국미인테라피","천안 서북구 입장면 출장마사지 지역정보는 성정1동과 쌍용1동 사이의 위치 관계를 중심으로 구성했습니다. 생활지역과 공원 시장 관공서 등 생활시설 등 가까운 생활지역의 흐름도 함께 확인할 수 있습니다."
"천안서북구\직산읍\index.html","천안 서북구 직산읍 출장마사지 | 성정1동 지역 백석동 주변 지역정보와 생활범위 | 한국미인테라피","천안 서북구 직산읍 출장마사지 지역정보를 성정1동과 백석동 주변부터 차례로 정리했습니다. 지역과 공원 시장 관공서 등 생활시설 같은 생활거점을 기준으로 인접 지역의 구성을 함께 살펴볼 수 있습니다."
"파주시\index.html","파주 출장마사지 | 장단면 금촌동 생활권 중심 지역정보 | 한국미인테라피","파주 출장마사지 지역은 장단면에서 금촌동 방향으로 이어지는 생활권과 맞닿아 있습니다. 지역을 비롯해 공원 시장 관공서 등 생활시설 주변의 지역 특성을 함께 담았습니다."
"파주시\광탄면\index.html","파주 광탄면 출장마사지 | 조리읍 적성면 가까운 지역과 생활권 정보 | 한국미인테라피","파주 광탄면 출장마사지 지역정보는 조리읍과 적성면 등 가까운 지역을 함께 볼 수 있도록 구성했습니다. 지역과 공원 시장 관공서 등 생활시설 주변의 생활권도 지역 흐름에 맞춰 정리했습니다."
"파주시\교하동\index.html","파주 교하동 출장마사지 | 조리읍 문산읍 가까운 지역과 생활권 정보 | 한국미인테라피","파주 교하동 출장마사지 지역정보는 조리읍과 문산읍 등 가까운 지역을 함께 볼 수 있도록 구성했습니다. 지역과 공원 시장 관공서 등 생활시설 주변의 생활권도 지역 흐름에 맞춰 정리했습니다."
"파주시\금촌동\index.html","파주 금촌동 출장마사지 | 광탄면 주변지역 문산읍 중심 생활권과 주변지역 | 한국미인테라피","파주 금촌동 출장마사지 지역정보를 광탄면과 문산읍 주변 생활권을 중심으로 정리했습니다. 주변지역과 공원 시장 관공서 등 생활시설까지 이어지는 위치 흐름을 함께 살펴볼 수 있습니다."
"파주시\문산읍\index.html","파주 문산읍 출장마사지 | 조리읍 파주읍 가까운 지역과 생활권 정보 | 한국미인테라피","파주 문산읍 출장마사지 지역정보는 조리읍과 파주읍 등 가까운 지역을 함께 볼 수 있도록 구성했습니다. 지역과 공원 시장 관공서 등 생활시설 주변의 생활권도 지역 흐름에 맞춰 정리했습니다."
"파주시\법원읍\index.html","파주 법원읍 출장마사지 | 월롱면 파주읍 인접지역과 주요 생활권 | 한국미인테라피","파주 법원읍 출장마사지 지역은 월롱면과 파주읍 방향의 생활권이 서로 이어지는 특징이 있습니다. 지역과 공원 시장 관공서 등 생활시설 주변 지역까지 함께 살펴보기 쉽게 구성했습니다."
"파주시\운정동\index.html","파주 운정동 출장마사지 | 월롱면 금촌동 인접지역과 주요 생활권 | 한국미인테라피","파주 운정동 출장마사지 지역은 월롱면과 금촌동 방향의 생활권이 서로 이어지는 특징이 있습니다. 지역과 공원 시장 관공서 등 생활시설 주변 지역까지 함께 살펴보기 쉽게 구성했습니다."
"파주시\월롱면\index.html","파주 월롱면 출장마사지 | 법원읍 탄현면 이어지는 지역과 생활권 안내 | 한국미인테라피","파주 월롱면 출장마사지 지역정보를 기준으로 법원읍과 탄현면 방향의 주변 생활권을 담았습니다. 지역과 공원 시장 관공서 등 생활시설를 포함한 인근 지역의 위치 관계를 살펴볼 수 있습니다."
"파주시\장단면\index.html","파주 장단면 출장마사지 | 조리읍 문산읍 가까운 지역과 생활권 정보 | 한국미인테라피","파주 장단면 출장마사지 지역정보는 조리읍과 문산읍 등 가까운 지역을 함께 볼 수 있도록 구성했습니다. 지역과 공원 시장 관공서 등 생활시설 주변의 생활권도 지역 흐름에 맞춰 정리했습니다."
"파주시\적성면\index.html","파주 적성면 출장마사지 | 교하동 월롱면 인근 지역 흐름과 생활권 | 한국미인테라피","파주 적성면 출장마사지 지역을 살펴보면 교하동과 월롱면 방향으로 생활권이 이어집니다. 지역 주변과 공원 시장 관공서 등 생활시설 인근까지 포함해 지역의 연결 관계를 담았습니다."
"파주시\조리읍\index.html","파주 조리읍 출장마사지 | 광탄면 이용지역 월롱면 중심 생활권과 주변지역 | 한국미인테라피","파주 조리읍 출장마사지 지역정보를 광탄면과 월롱면 주변 생활권을 중심으로 정리했습니다. 이용지역과 공원 시장 관공서 등 생활시설까지 이어지는 위치 흐름을 함께 살펴볼 수 있습니다."
"파주시\탄현면\index.html","파주 탄현면 출장마사지 | 문산읍 지역 금촌동 주변 생활권 한눈에 보기 | 한국미인테라피","파주 탄현면 출장마사지 지역의 위치 특성을 문산읍과 금촌동 생활권을 기준으로 살펴볼 수 있습니다. 지역에서 공원 시장 관공서 등 생활시설 주변으로 이어지는 인접 지역도 함께 담았습니다."
"파주시\파주읍\index.html","파주 파주읍 출장마사지 | 광탄면 주변지역 조리읍 중심 생활권과 주변지역 | 한국미인테라피","파주 파주읍 출장마사지 지역정보를 광탄면과 조리읍 주변 생활권을 중심으로 정리했습니다. 주변지역과 공원 시장 관공서 등 생활시설까지 이어지는 위치 흐름을 함께 살펴볼 수 있습니다."
"파주시\파평면\index.html","파주 파평면 출장마사지 | 법원읍 월롱면 이어지는 지역과 생활권 안내 | 한국미인테라피","파주 파평면 출장마사지 지역정보를 기준으로 법원읍과 월롱면 방향의 주변 생활권을 담았습니다. 지역과 공원 시장 관공서 등 생활시설를 포함한 인근 지역의 위치 관계를 살펴볼 수 있습니다."
"평택시\index.html","평택 출장마사지 | 서정동 현덕면 인접지역과 주요 생활권 | 한국미인테라피","평택 출장마사지 지역은 서정동과 현덕면 방향의 생활권이 서로 이어지는 특징이 있습니다. 지역과 공원 시장 관공서 등 생활시설 주변 지역까지 함께 살펴보기 쉽게 구성했습니다."
"평택시\고덕동\index.html","평택 고덕동 출장마사지 | 서정동 청북읍 생활권 중심 지역정보 | 한국미인테라피","평택 고덕동 출장마사지 지역은 서정동에서 청북읍 방향으로 이어지는 생활권과 맞닿아 있습니다. 지역을 비롯해 공원 시장 관공서 등 생활시설 주변의 지역 특성을 함께 담았습니다."
"평택시\고덕면\index.html","평택 고덕면 출장마사지 | 고덕동 지역 서탄면 주변 지역정보와 생활범위 | 한국미인테라피","평택 고덕면 출장마사지 지역정보를 고덕동과 서탄면 주변부터 차례로 정리했습니다. 지역과 공원 시장 관공서 등 생활시설 같은 생활거점을 기준으로 인접 지역의 구성을 함께 살펴볼 수 있습니다."
"평택시\동삭동\index.html","평택 동삭동 출장마사지 | 용이동 주변지역 팽성읍 중심 생활권과 주변지역 | 한국미인테라피","평택 동삭동 출장마사지 지역정보를 용이동과 팽성읍 주변 생활권을 중심으로 정리했습니다. 주변지역과 공원 시장 관공서 등 생활시설까지 이어지는 위치 흐름을 함께 살펴볼 수 있습니다."
"평택시\비전동\index.html","평택 비전동 출장마사지 | 서탄면 현덕면 주변지역과 생활권 흐름 | 한국미인테라피","평택 비전동 출장마사지 지역정보를 서탄면과 현덕면 인근의 생활지역 중심으로 정리했습니다. 주변지역과 공원 시장 관공서 등 생활시설 주변을 포함해 가까운 지역의 위치 흐름을 확인할 수 있습니다."
"평택시\서정동\index.html","평택 서정동 출장마사지 | 고덕면 송탄동 중심 지역구성과 주변정보 | 한국미인테라피","평택 서정동 출장마사지 지역은 고덕면과 송탄동 생활권 사이에서 주변 지역과 자연스럽게 연결됩니다. 지역 및 공원 시장 관공서 등 생활시설 인근의 생활 흐름을 지역 중심으로 정리했습니다."
"평택시\서탄면\index.html","평택 서탄면 출장마사지 | 현덕면 원평동 인근 지역 흐름과 생활권 | 한국미인테라피","평택 서탄면 출장마사지 지역을 살펴보면 현덕면과 원평동 방향으로 생활권이 이어집니다. 지역 주변과 공원 시장 관공서 등 생활시설 인근까지 포함해 지역의 연결 관계를 담았습니다."
"평택시\세교동\index.html","평택 세교동 출장마사지 | 통복동 동삭동 주요 생활지역과 위치정보 | 한국미인테라피","평택 세교동 출장마사지 지역정보는 통복동과 동삭동 사이의 위치 관계를 중심으로 구성했습니다. 생활지역과 공원 시장 관공서 등 생활시설 등 가까운 생활지역의 흐름도 함께 확인할 수 있습니다."
"평택시\송북동\index.html","평택 송북동 출장마사지 | 고덕동 중앙동 이어지는 지역과 생활권 안내 | 한국미인테라피","평택 송북동 출장마사지 지역정보를 기준으로 고덕동과 중앙동 방향의 주변 생활권을 담았습니다. 지역과 공원 시장 관공서 등 생활시설를 포함한 인근 지역의 위치 관계를 살펴볼 수 있습니다."
"평택시\송탄동\index.html","평택 송탄동 출장마사지 | 비전동 지역 원평동 주변 생활권 한눈에 보기 | 한국미인테라피","평택 송탄동 출장마사지 지역의 위치 특성을 비전동과 원평동 생활권을 기준으로 살펴볼 수 있습니다. 지역에서 공원 시장 관공서 등 생활시설 주변으로 이어지는 인접 지역도 함께 담았습니다."
"평택시\신장동\index.html","평택 신장동 출장마사지 | 오성면 지역 현덕면 주변 생활권 한눈에 보기 | 한국미인테라피","평택 신장동 출장마사지 지역의 위치 특성을 오성면과 현덕면 생활권을 기준으로 살펴볼 수 있습니다. 지역에서 공원 시장 관공서 등 생활시설 주변으로 이어지는 인접 지역도 함께 담았습니다."
"평택시\신평동\index.html","평택 신평동 출장마사지 | 청북읍 지역 서탄면 주변 생활권 한눈에 보기 | 한국미인테라피","평택 신평동 출장마사지 지역의 위치 특성을 청북읍과 서탄면 생활권을 기준으로 살펴볼 수 있습니다. 지역에서 공원 시장 관공서 등 생활시설 주변으로 이어지는 인접 지역도 함께 담았습니다."
"평택시\안중읍\index.html","평택 안중읍 출장마사지 | 신장동 지산동 중심 지역구성과 주변정보 | 한국미인테라피","평택 안중읍 출장마사지 지역은 신장동과 지산동 생활권 사이에서 주변 지역과 자연스럽게 연결됩니다. 지역 및 공원 시장 관공서 등 생활시설 인근의 생활 흐름을 지역 중심으로 정리했습니다."
"평택시\오성면\index.html","평택 오성면 출장마사지 | 세교동 신장동 주요 생활지역과 위치정보 | 한국미인테라피","평택 오성면 출장마사지 지역정보는 세교동과 신장동 사이의 위치 관계를 중심으로 구성했습니다. 생활지역과 공원 시장 관공서 등 생활시설 등 가까운 생활지역의 흐름도 함께 확인할 수 있습니다."
"평택시\용이동\index.html","평택 용이동 출장마사지 | 송북동 원평동 중심 지역구성과 주변정보 | 한국미인테라피","평택 용이동 출장마사지 지역은 송북동과 원평동 생활권 사이에서 주변 지역과 자연스럽게 연결됩니다. 지역 및 공원 시장 관공서 등 생활시설 인근의 생활 흐름을 지역 중심으로 정리했습니다."
"평택시\원평동\index.html","평택 원평동 출장마사지 | 용이동 지역 고덕면 주변 생활권 한눈에 보기 | 한국미인테라피","평택 원평동 출장마사지 지역의 위치 특성을 용이동과 고덕면 생활권을 기준으로 살펴볼 수 있습니다. 지역에서 공원 시장 관공서 등 생활시설 주변으로 이어지는 인접 지역도 함께 담았습니다."
"평택시\중앙동\index.html","평택 중앙동 출장마사지 | 통복동 진위면 이어지는 지역과 생활권 안내 | 한국미인테라피","평택 중앙동 출장마사지 지역정보를 기준으로 통복동과 진위면 방향의 주변 생활권을 담았습니다. 지역과 공원 시장 관공서 등 생활시설를 포함한 인근 지역의 위치 관계를 살펴볼 수 있습니다."
"평택시\지산동\index.html","평택 지산동 출장마사지 | 오성면 지역 고덕동 주변 지역정보와 생활범위 | 한국미인테라피","평택 지산동 출장마사지 지역정보를 오성면과 고덕동 주변부터 차례로 정리했습니다. 지역과 공원 시장 관공서 등 생활시설 같은 생활거점을 기준으로 인접 지역의 구성을 함께 살펴볼 수 있습니다."
"평택시\진위면\index.html","평택 진위면 출장마사지 | 서탄면 지역 오성면 지역 연결성과 주변 생활권 | 한국미인테라피","평택 진위면 출장마사지 지역을 서탄면과 오성면 인근 생활권으로 나누어 살펴봅니다. 지역에서 공원 시장 관공서 등 생활시설 주변까지 이어지는 주요 지역을 함께 정리했습니다."
"평택시\청북읍\index.html","평택 청북읍 출장마사지 | 포승읍 이용지역 송탄동 중심 생활권과 주변지역 | 한국미인테라피","평택 청북읍 출장마사지 지역정보를 포승읍과 송탄동 주변 생활권을 중심으로 정리했습니다. 이용지역과 공원 시장 관공서 등 생활시설까지 이어지는 위치 흐름을 함께 살펴볼 수 있습니다."
"평택시\통복동\index.html","평택 통복동 출장마사지 | 지산동 중앙동 가까운 지역과 생활권 정보 | 한국미인테라피","평택 통복동 출장마사지 지역정보는 지산동과 중앙동 등 가까운 지역을 함께 볼 수 있도록 구성했습니다. 지역과 공원 시장 관공서 등 생활시설 주변의 생활권도 지역 흐름에 맞춰 정리했습니다."
"평택시\팽성읍\index.html","평택 팽성읍 출장마사지 | 서정동 용이동 가까운 지역과 생활권 정보 | 한국미인테라피","평택 팽성읍 출장마사지 지역정보는 서정동과 용이동 등 가까운 지역을 함께 볼 수 있도록 구성했습니다. 지역과 공원 시장 관공서 등 생활시설 주변의 생활권도 지역 흐름에 맞춰 정리했습니다."
"평택시\포승읍\index.html","평택 포승읍 출장마사지 | 현덕면 송탄동 중심 지역구성과 주변정보 | 한국미인테라피","평택 포승읍 출장마사지 지역은 현덕면과 송탄동 생활권 사이에서 주변 지역과 자연스럽게 연결됩니다. 지역 및 공원 시장 관공서 등 생활시설 인근의 생활 흐름을 지역 중심으로 정리했습니다."
"평택시\현덕면\index.html","평택 현덕면 출장마사지 | 지산동 신장동 주요 생활지역과 위치정보 | 한국미인테라피","평택 현덕면 출장마사지 지역정보는 지산동과 신장동 사이의 위치 관계를 중심으로 구성했습니다. 생활지역과 공원 시장 관공서 등 생활시설 등 가까운 생활지역의 흐름도 함께 확인할 수 있습니다."
"포천시\index.html","포천 출장마사지 | 관인면 선단동 생활권 중심 지역정보 | 한국미인테라피","포천 출장마사지 지역은 관인면에서 선단동 방향으로 이어지는 생활권과 맞닿아 있습니다. 지역을 비롯해 공원 시장 관공서 등 생활시설 주변의 지역 특성을 함께 담았습니다."
"포천시\가산면\index.html","포천 가산면 출장마사지 | 영북면 신북면 중심 지역구성과 주변정보 | 한국미인테라피","포천 가산면 출장마사지 지역은 영북면과 신북면 생활권 사이에서 주변 지역과 자연스럽게 연결됩니다. 지역 및 공원 시장 관공서 등 생활시설 인근의 생활 흐름을 지역 중심으로 정리했습니다."
"포천시\관인면\index.html","포천 관인면 출장마사지 | 일동면 이동면 중심 지역구성과 주변정보 | 한국미인테라피","포천 관인면 출장마사지 지역은 일동면과 이동면 생활권 사이에서 주변 지역과 자연스럽게 연결됩니다. 지역 및 공원 시장 관공서 등 생활시설 인근의 생활 흐름을 지역 중심으로 정리했습니다."
"포천시\군내면\index.html","포천 군내면 출장마사지 | 가산면 이동면 생활권 중심 지역정보 | 한국미인테라피","포천 군내면 출장마사지 지역은 가산면에서 이동면 방향으로 이어지는 생활권과 맞닿아 있습니다. 지역을 비롯해 공원 시장 관공서 등 생활시설 주변의 지역 특성을 함께 담았습니다."
"포천시\내촌면\index.html","포천 내촌면 출장마사지 | 영북면 신북면 중심 지역구성과 주변정보 | 한국미인테라피","포천 내촌면 출장마사지 지역은 영북면과 신북면 생활권 사이에서 주변 지역과 자연스럽게 연결됩니다. 지역 및 공원 시장 관공서 등 생활시설 인근의 생활 흐름을 지역 중심으로 정리했습니다."
"포천시\선단동\index.html","포천 선단동 출장마사지 | 가산면 일동면 가까운 지역과 생활권 정보 | 한국미인테라피","포천 선단동 출장마사지 지역정보는 가산면과 일동면 등 가까운 지역을 함께 볼 수 있도록 구성했습니다. 지역과 공원 시장 관공서 등 생활시설 주변의 생활권도 지역 흐름에 맞춰 정리했습니다."
"포천시\소흘읍\index.html","포천 소흘읍 출장마사지 | 화현면 이용지역 가산면 중심 생활권과 주변지역 | 한국미인테라피","포천 소흘읍 출장마사지 지역정보를 화현면과 가산면 주변 생활권을 중심으로 정리했습니다. 이용지역과 공원 시장 관공서 등 생활시설까지 이어지는 위치 흐름을 함께 살펴볼 수 있습니다."
"포천시\신북면\index.html","포천 신북면 출장마사지 | 내촌면 주변지역 선단동 중심 생활권과 주변지역 | 한국미인테라피","포천 신북면 출장마사지 지역정보를 내촌면과 선단동 주변 생활권을 중심으로 정리했습니다. 주변지역과 공원 시장 관공서 등 생활시설까지 이어지는 위치 흐름을 함께 살펴볼 수 있습니다."
"포천시\영북면\index.html","포천 영북면 출장마사지 | 포천동 지역 이동면 지역 연결성과 주변 생활권 | 한국미인테라피","포천 영북면 출장마사지 지역을 포천동과 이동면 인근 생활권으로 나누어 살펴봅니다. 지역에서 공원 시장 관공서 등 생활시설 주변까지 이어지는 주요 지역을 함께 정리했습니다."
"포천시\영중면\index.html","포천 영중면 출장마사지 | 영북면 가산면 인접지역과 주요 생활권 | 한국미인테라피","포천 영중면 출장마사지 지역은 영북면과 가산면 방향의 생활권이 서로 이어지는 특징이 있습니다. 지역과 공원 시장 관공서 등 생활시설 주변 지역까지 함께 살펴보기 쉽게 구성했습니다."
"포천시\이동면\index.html","포천 이동면 출장마사지 | 내촌면 화현면 가까운 지역과 생활권 정보 | 한국미인테라피","포천 이동면 출장마사지 지역정보는 내촌면과 화현면 등 가까운 지역을 함께 볼 수 있도록 구성했습니다. 지역과 공원 시장 관공서 등 생활시설 주변의 생활권도 지역 흐름에 맞춰 정리했습니다."
"포천시\일동면\index.html","포천 일동면 출장마사지 | 포천동 내촌면 이어지는 지역과 생활권 안내 | 한국미인테라피","포천 일동면 출장마사지 지역정보를 기준으로 포천동과 내촌면 방향의 주변 생활권을 담았습니다. 지역과 공원 시장 관공서 등 생활시설를 포함한 인근 지역의 위치 관계를 살펴볼 수 있습니다."
"포천시\창수면\index.html","포천 창수면 출장마사지 | 가산면 이동면 가까운 지역과 생활권 정보 | 한국미인테라피","포천 창수면 출장마사지 지역정보는 가산면과 이동면 등 가까운 지역을 함께 볼 수 있도록 구성했습니다. 지역과 공원 시장 관공서 등 생활시설 주변의 생활권도 지역 흐름에 맞춰 정리했습니다."
"포천시\포천동\index.html","포천 포천동 출장마사지 | 선단동 이용지역 소흘읍 중심 생활권과 주변지역 | 한국미인테라피","포천 포천동 출장마사지 지역정보를 선단동과 소흘읍 주변 생활권을 중심으로 정리했습니다. 이용지역과 공원 시장 관공서 등 생활시설까지 이어지는 위치 흐름을 함께 살펴볼 수 있습니다."
"포천시\화현면\index.html","포천 화현면 출장마사지 | 가산면 포천동 중심 지역구성과 주변정보 | 한국미인테라피","포천 화현면 출장마사지 지역은 가산면과 포천동 생활권 사이에서 주변 지역과 자연스럽게 연결됩니다. 지역 및 공원 시장 관공서 등 생활시설 인근의 생활 흐름을 지역 중심으로 정리했습니다."
"하남시\index.html","하남 출장마사지 | 신장동 춘궁동 생활권 중심 지역정보 | 한국미인테라피","하남 출장마사지 지역은 신장동에서 춘궁동 방향으로 이어지는 생활권과 맞닿아 있습니다. 지역을 비롯해 공원 시장 관공서 등 생활시설 주변의 지역 특성을 함께 담았습니다."
"하남시\감북동\index.html","하남 감북동 출장마사지 | 덕풍동 위례동 인접지역과 주요 생활권 | 한국미인테라피","하남 감북동 출장마사지 지역은 덕풍동과 위례동 방향의 생활권이 서로 이어지는 특징이 있습니다. 지역과 공원 시장 관공서 등 생활시설 주변 지역까지 함께 살펴보기 쉽게 구성했습니다."
"하남시\감일동\index.html","하남 감일동 출장마사지 | 위례동 춘궁동 이어지는 지역과 생활권 안내 | 한국미인테라피","하남 감일동 출장마사지 지역정보를 기준으로 위례동과 춘궁동 방향의 주변 생활권을 담았습니다. 지역과 공원 시장 관공서 등 생활시설를 포함한 인근 지역의 위치 관계를 살펴볼 수 있습니다."
"하남시\덕풍동\index.html","하남 덕풍동 출장마사지 | 미사동 신장동 주요 생활지역과 위치정보 | 한국미인테라피","하남 덕풍동 출장마사지 지역정보는 미사동과 신장동 사이의 위치 관계를 중심으로 구성했습니다. 생활지역과 공원 시장 관공서 등 생활시설 등 가까운 생활지역의 흐름도 함께 확인할 수 있습니다."
"하남시\미사동\index.html","하남 미사동 출장마사지 | 위례동 신장동 이어지는 지역과 생활권 안내 | 한국미인테라피","하남 미사동 출장마사지 지역정보를 기준으로 위례동과 신장동 방향의 주변 생활권을 담았습니다. 지역과 공원 시장 관공서 등 생활시설를 포함한 인근 지역의 위치 관계를 살펴볼 수 있습니다."
"하남시\신장동\index.html","하남 신장동 출장마사지 | 천현동 감일동 인접지역과 주요 생활권 | 한국미인테라피","하남 신장동 출장마사지 지역은 천현동과 감일동 방향의 생활권이 서로 이어지는 특징이 있습니다. 지역과 공원 시장 관공서 등 생활시설 주변 지역까지 함께 살펴보기 쉽게 구성했습니다."
"하남시\위례동\index.html","하남 위례동 출장마사지 | 신장동 미사동 이어지는 지역과 생활권 안내 | 한국미인테라피","하남 위례동 출장마사지 지역정보를 기준으로 신장동과 미사동 방향의 주변 생활권을 담았습니다. 지역과 공원 시장 관공서 등 생활시설를 포함한 인근 지역의 위치 관계를 살펴볼 수 있습니다."
"하남시\천현동\index.html","하남 천현동 출장마사지 | 감북동 감일동 가까운 지역과 생활권 정보 | 한국미인테라피","하남 천현동 출장마사지 지역정보는 감북동과 감일동 등 가까운 지역을 함께 볼 수 있도록 구성했습니다. 지역과 공원 시장 관공서 등 생활시설 주변의 생활권도 지역 흐름에 맞춰 정리했습니다."
"하남시\초이동\index.html","하남 초이동 출장마사지 | 신장동 주변지역 미사동 중심 생활권과 주변지역 | 한국미인테라피","하남 초이동 출장마사지 지역정보를 신장동과 미사동 주변 생활권을 중심으로 정리했습니다. 주변지역과 공원 시장 관공서 등 생활시설까지 이어지는 위치 흐름을 함께 살펴볼 수 있습니다."
"하남시\춘궁동\index.html","하남 춘궁동 출장마사지 | 감일동 위례동 인접지역과 주요 생활권 | 한국미인테라피","하남 춘궁동 출장마사지 지역은 감일동과 위례동 방향의 생활권이 서로 이어지는 특징이 있습니다. 지역과 공원 시장 관공서 등 생활시설 주변 지역까지 함께 살펴보기 쉽게 구성했습니다."
"화성동탄구\index.html","화성 동탄구 출장마사지 | 동 화성동탄구 인접지역과 주요 생활권 | 한국미인테라피","화성 동탄구 출장마사지 지역은 동과 화성동탄구 방향의 생활권이 서로 이어지는 특징이 있습니다. 지역과 공원 시장 관공서 등 생활시설 주변 지역까지 함께 살펴보기 쉽게 구성했습니다."
"화성동탄구\동탄동\index.html","화성 동탄구 동탄동 출장마사지 | 동탄동 지역 인접지역 주변 생활권 한눈에 보기 | 한국미인테라피","화성 동탄구 동탄동 출장마사지 지역의 위치 특성을 동탄동과 인접지역 생활권을 기준으로 살펴볼 수 있습니다. 지역에서 공원 시장 관공서 등 생활시설 주변으로 이어지는 인접 지역도 함께 담았습니다."
"화성만세구\index.html","화성 만세구 출장마사지 | 남양읍 향남읍 가까운 지역과 생활권 정보 | 한국미인테라피","화성 만세구 출장마사지 지역정보는 남양읍과 향남읍 등 가까운 지역을 함께 볼 수 있도록 구성했습니다. 지역과 공원 시장 관공서 등 생활시설 주변의 생활권도 지역 흐름에 맞춰 정리했습니다."
"화성만세구\남양읍\index.html","화성 만세구 남양읍 출장마사지 | 장안면 지역 양감면 주변 지역정보와 생활범위 | 한국미인테라피","화성 만세구 남양읍 출장마사지 지역정보를 장안면과 양감면 주변부터 차례로 정리했습니다. 지역과 공원 시장 관공서 등 생활시설 같은 생활거점을 기준으로 인접 지역의 구성을 함께 살펴볼 수 있습니다."
"화성만세구\마도면\index.html","화성 만세구 마도면 출장마사지 | 양감면 우정읍 이어지는 지역과 생활권 안내 | 한국미인테라피","화성 만세구 마도면 출장마사지 지역정보를 기준으로 양감면과 우정읍 방향의 주변 생활권을 담았습니다. 지역과 공원 시장 관공서 등 생활시설를 포함한 인근 지역의 위치 관계를 살펴볼 수 있습니다."
"화성만세구\새솔동\index.html","화성 만세구 새솔동 출장마사지 | 우정읍 서신면 인접지역과 주요 생활권 | 한국미인테라피","화성 만세구 새솔동 출장마사지 지역은 우정읍과 서신면 방향의 생활권이 서로 이어지는 특징이 있습니다. 지역과 공원 시장 관공서 등 생활시설 주변 지역까지 함께 살펴보기 쉽게 구성했습니다."
"화성만세구\서신면\index.html","화성 만세구 서신면 출장마사지 | 장안면 이용지역 팔탄면 중심 생활권과 주변지역 | 한국미인테라피","화성 만세구 서신면 출장마사지 지역정보를 장안면과 팔탄면 주변 생활권을 중심으로 정리했습니다. 이용지역과 공원 시장 관공서 등 생활시설까지 이어지는 위치 흐름을 함께 살펴볼 수 있습니다."
"화성만세구\송산면\index.html","화성 만세구 송산면 출장마사지 | 새솔동 향남읍 인접지역과 주요 생활권 | 한국미인테라피","화성 만세구 송산면 출장마사지 지역은 새솔동과 향남읍 방향의 생활권이 서로 이어지는 특징이 있습니다. 지역과 공원 시장 관공서 등 생활시설 주변 지역까지 함께 살펴보기 쉽게 구성했습니다."
"화성만세구\양감면\index.html","화성 만세구 양감면 출장마사지 | 우정읍 새솔동 인접지역과 주요 생활권 | 한국미인테라피","화성 만세구 양감면 출장마사지 지역은 우정읍과 새솔동 방향의 생활권이 서로 이어지는 특징이 있습니다. 지역과 공원 시장 관공서 등 생활시설 주변 지역까지 함께 살펴보기 쉽게 구성했습니다."
"화성만세구\우정읍\index.html","화성 만세구 우정읍 출장마사지 | 향남읍 새솔동 주요 생활지역과 위치정보 | 한국미인테라피","화성 만세구 우정읍 출장마사지 지역정보는 향남읍과 새솔동 사이의 위치 관계를 중심으로 구성했습니다. 생활지역과 공원 시장 관공서 등 생활시설 등 가까운 생활지역의 흐름도 함께 확인할 수 있습니다."
"화성만세구\장안면\index.html","화성 만세구 장안면 출장마사지 | 남양읍 지역 새솔동 지역 연결성과 주변 생활권 | 한국미인테라피","화성 만세구 장안면 출장마사지 지역을 남양읍과 새솔동 인근 생활권으로 나누어 살펴봅니다. 지역에서 공원 시장 관공서 등 생활시설 주변까지 이어지는 주요 지역을 함께 정리했습니다."
"화성만세구\팔탄면\index.html","화성 만세구 팔탄면 출장마사지 | 향남읍 송산면 가까운 지역과 생활권 정보 | 한국미인테라피","화성 만세구 팔탄면 출장마사지 지역정보는 향남읍과 송산면 등 가까운 지역을 함께 볼 수 있도록 구성했습니다. 지역과 공원 시장 관공서 등 생활시설 주변의 생활권도 지역 흐름에 맞춰 정리했습니다."
"화성만세구\향남읍\index.html","화성 만세구 향남읍 출장마사지 | 남양읍 가능지역 서신면 주변 지역정보와 생활범위 | 한국미인테라피","화성 만세구 향남읍 출장마사지 지역정보를 남양읍과 서신면 주변부터 차례로 정리했습니다. 가능지역과 공원 시장 관공서 등 생활시설 같은 생활거점을 기준으로 인접 지역의 구성을 함께 살펴볼 수 있습니다."
"화성병점구\index.html","화성 병점구 출장마사지 | 병점동 화산동 인근 지역 흐름과 생활권 | 한국미인테라피","화성 병점구 출장마사지 지역을 살펴보면 병점동과 화산동 방향으로 생활권이 이어집니다. 지역 주변과 공원 시장 관공서 등 생활시설 인근까지 포함해 지역의 연결 관계를 담았습니다."
"화성병점구\반월동\index.html","화성 병점구 반월동 출장마사지 | 진안동 화산동 주변지역과 생활권 흐름 | 한국미인테라피","화성 병점구 반월동 출장마사지 지역정보를 진안동과 화산동 인근의 생활지역 중심으로 정리했습니다. 주변지역과 공원 시장 관공서 등 생활시설 주변을 포함해 가까운 지역의 위치 흐름을 확인할 수 있습니다."
"화성병점구\병점동\index.html","화성 병점구 병점동 출장마사지 | 진안동 반월동 생활권 중심 지역정보 | 한국미인테라피","화성 병점구 병점동 출장마사지 지역은 진안동에서 반월동 방향으로 이어지는 생활권과 맞닿아 있습니다. 지역을 비롯해 공원 시장 관공서 등 생활시설 주변의 지역 특성을 함께 담았습니다."
"화성병점구\진안동\index.html","화성 병점구 진안동 출장마사지 | 반월동 가능지역 병점동 주변 지역정보와 생활범위 | 한국미인테라피","화성 병점구 진안동 출장마사지 지역정보를 반월동과 병점동 주변부터 차례로 정리했습니다. 가능지역과 공원 시장 관공서 등 생활시설 같은 생활거점을 기준으로 인접 지역의 구성을 함께 살펴볼 수 있습니다."
"화성병점구\화산동\index.html","화성 병점구 화산동 출장마사지 | 반월동 가능지역 병점동 주변 지역정보와 생활범위 | 한국미인테라피","화성 병점구 화산동 출장마사지 지역정보를 반월동과 병점동 주변부터 차례로 정리했습니다. 가능지역과 공원 시장 관공서 등 생활시설 같은 생활거점을 기준으로 인접 지역의 구성을 함께 살펴볼 수 있습니다."
"화성시\index.html","화성 출장마사지 | 화성시 인접지역 이어지는 지역과 생활권 안내 | 한국미인테라피","화성 출장마사지 지역정보를 기준으로 화성시과 인접지역 방향의 주변 생활권을 담았습니다. 인접지역과 공원 시장 관공서 등 생활시설를 포함한 인근 지역의 위치 관계를 살펴볼 수 있습니다."
"화성효행구\index.html","화성 효행구 출장마사지 | 정남면 지역 매송면 지역 연결성과 주변 생활권 | 한국미인테라피","화성 효행구 출장마사지 지역을 정남면과 매송면 인근 생활권으로 나누어 살펴봅니다. 지역에서 공원 시장 관공서 등 생활시설 주변까지 이어지는 주요 지역을 함께 정리했습니다."
"화성효행구\기배동\index.html","화성 효행구 기배동 출장마사지 | 비봉면 매송면 주변지역과 생활권 흐름 | 한국미인테라피","화성 효행구 기배동 출장마사지 지역정보를 비봉면과 매송면 인근의 생활지역 중심으로 정리했습니다. 주변지역과 공원 시장 관공서 등 생활시설 주변을 포함해 가까운 지역의 위치 흐름을 확인할 수 있습니다."
"화성효행구\매송면\index.html","화성 효행구 매송면 출장마사지 | 비봉면 지역 정남면 주변 지역정보와 생활범위 | 한국미인테라피","화성 효행구 매송면 출장마사지 지역정보를 비봉면과 정남면 주변부터 차례로 정리했습니다. 지역과 공원 시장 관공서 등 생활시설 같은 생활거점을 기준으로 인접 지역의 구성을 함께 살펴볼 수 있습니다."
"화성효행구\봉담읍\index.html","화성 효행구 봉담읍 출장마사지 | 정남면 매송면 생활권 중심 지역정보 | 한국미인테라피","화성 효행구 봉담읍 출장마사지 지역은 정남면에서 매송면 방향으로 이어지는 생활권과 맞닿아 있습니다. 지역을 비롯해 공원 시장 관공서 등 생활시설 주변의 지역 특성을 함께 담았습니다."
"화성효행구\비봉면\index.html","화성 효행구 비봉면 출장마사지 | 봉담읍 기배동 주변지역과 생활권 흐름 | 한국미인테라피","화성 효행구 비봉면 출장마사지 지역정보를 봉담읍과 기배동 인근의 생활지역 중심으로 정리했습니다. 주변지역과 공원 시장 관공서 등 생활시설 주변을 포함해 가까운 지역의 위치 흐름을 확인할 수 있습니다."
"화성효행구\정남면\index.html","화성 효행구 정남면 출장마사지 | 봉담읍 매송면 주요 생활지역과 위치정보 | 한국미인테라피","화성 효행구 정남면 출장마사지 지역정보는 봉담읍과 매송면 사이의 위치 관계를 중심으로 구성했습니다. 생활지역과 공원 시장 관공서 등 생활시설 등 가까운 생활지역의 흐름도 함께 확인할 수 있습니다."
