"경로","제목","제목글자수","설명","설명글자수"
"index.html","서울 경기 인천 천안 아산 지역 이용정보 | 한국미인테라피","32","서울 경기 인천 천안 아산의 세부 지역별 이용 범위와 시간대 정보를 확인할 수 있습니다. 원하는 지역을 선택해 위치별 이용정보와 관리 코스를 살펴볼 수 있는 한국미인테라피입니다.","99"
"가평군\index.html","가평군 출장마사지 | 이용지역 예약문의 정보 | 한국미인테라피","34","가평군 출장마사지 지역 범위와 이용 가능 시간 정보를 확인할 수 있습니다. 원하는 세부 지역의 이용시간과 관련 정보를 보기 쉽게 정리했습니다.","79"
"가평군\가평읍\index.html","가평군 가평읍 출장마사지 | 이용 가능지역 시간 확인 | 한국미인테라피","39","가평군 가평읍 출장마사지 지역별 이용시간과 세부 범위를 확인할 수 있습니다. 원하는 위치에 따른 시간대 정보를 함께 살펴볼 수 있습니다.","76"
"가평군\북면\index.html","가평군 북면 출장마사지 | 지역 범위와 시간대 안내 | 한국미인테라피","38","가평군 북면 출장마사지 지역정보를 기준으로 이용 가능한 범위와 시간대를 살펴볼 수 있습니다. 세부 위치와 이용시간을 한 페이지에서 확인할 수 있습니다.","84"
"가평군\상면\index.html","가평군 상면 출장마사지 | 지역 범위와 시간대 안내 | 한국미인테라피","38","가평군 상면 출장마사지 지역정보를 기준으로 이용 가능한 범위와 시간대를 살펴볼 수 있습니다. 세부 위치와 이용시간을 한 페이지에서 확인할 수 있습니다.","84"
"가평군\설악면\index.html","가평군 설악면 출장마사지 | 지역 범위와 시간대 안내 | 한국미인테라피","39","가평군 설악면 출장마사지 이용지역 정보를 바탕으로 시간대와 세부 범위를 안내합니다. 지역별 이용시간을 한눈에 확인할 수 있도록 정리했습니다.","78"
"가평군\조종면\index.html","가평군 조종면 출장마사지 | 이용권역 예약시간 안내 | 한국미인테라피","38","가평군 조종면 출장마사지 이용지역과 세부 시간 정보를 확인할 수 있습니다. 지역별 범위와 원하는 시간대를 살펴보기 쉽게 구성했습니다.","74"
"가평군\청평면\index.html","가평군 청평면 출장마사지 | 가까운 지역 시간대 정보 | 한국미인테라피","39","가평군 청평면 출장마사지 지역정보를 바탕으로 이용 범위와 시간대를 확인할 수 있습니다. 세부 지역별 이용시간과 위치 정보를 함께 정리했습니다.","79"
"강남구\index.html","서울 강남구 출장마사지 | 이용지역 예약문의 정보 | 한국미인테라피","37","서울 강남구 출장마사지 이용 범위와 시간 정보를 지역별로 정리했습니다. 원하는 세부 지역의 이용시간과 관련 정보를 함께 확인할 수 있습니다.","78"
"강남구\개포동\index.html","서울 강남구 개포동 출장마사지 | 이용권역 예약시간 안내 | 한국미인테라피","41","서울 강남구 개포동 출장마사지 이용지역에 따른 범위와 시간대 정보를 안내합니다. 세부 위치별 지역정보와 이용시간을 확인할 수 있습니다.","75"
"강남구\논현동\index.html","서울 강남구 논현동 출장마사지 | 이용권역 예약시간 안내 | 한국미인테라피","41","서울 강남구 논현동 출장마사지 관련 지역 범위와 이용시간을 보기 쉽게 정리했습니다. 세부 지역을 선택해 해당 위치의 시간대 정보를 확인할 수 있습니다.","84"
"강남구\대치동\index.html","서울 강남구 대치동 출장마사지 | 이용권역 예약시간 안내 | 한국미인테라피","41","서울 강남구 대치동 출장마사지 관련 지역 범위와 이용시간을 보기 쉽게 정리했습니다. 세부 지역을 선택해 해당 위치의 시간대 정보를 확인할 수 있습니다.","84"
"강남구\도곡동\index.html","서울 강남구 도곡동 출장마사지 | 이용 가능지역 시간 확인 | 한국미인테라피","42","서울 강남구 도곡동 출장마사지 이용 범위와 시간 정보를 지역별로 정리했습니다. 원하는 세부 지역의 이용시간과 관련 정보를 함께 확인할 수 있습니다.","82"
"강남구\삼성동\index.html","서울 강남구 삼성동 출장마사지 | 이용 가능지역 시간 확인 | 한국미인테라피","42","서울 강남구 삼성동 출장마사지 이용 범위와 시간 정보를 지역별로 정리했습니다. 원하는 세부 지역의 이용시간과 관련 정보를 함께 확인할 수 있습니다.","82"
"강남구\세곡동\index.html","서울 강남구 세곡동 출장마사지 | 가까운 지역 시간대 정보 | 한국미인테라피","42","서울 강남구 세곡동 출장마사지 지역 범위와 시간대별 이용정보를 확인할 수 있습니다. 세부 위치를 기준으로 이용시간과 지역정보를 함께 살펴볼 수 있습니다.","85"
"강남구\수서동\index.html","서울 강남구 수서동 출장마사지 | 지역 범위와 시간대 안내 | 한국미인테라피","42","서울 강남구 수서동 출장마사지 지역정보를 기준으로 이용 가능한 범위와 시간대를 살펴볼 수 있습니다. 세부 위치와 이용시간을 한 페이지에서 확인할 수 있습니다.","88"
"강남구\신사동\index.html","서울 강남구 신사동 출장마사지 | 지역 범위와 시간대 안내 | 한국미인테라피","42","서울 강남구 신사동 출장마사지 이용지역별 범위와 시간대를 보기 쉽게 안내합니다. 세부 지역에 따라 이용시간과 관련 정보를 확인할 수 있습니다.","79"
"강남구\압구정동\index.html","서울 강남구 압구정동 출장마사지 | 지역 선택 이용시간 안내 | 한국미인테라피","43","서울 강남구 압구정동 출장마사지 이용 범위를 세부 지역과 시간대 기준으로 확인할 수 있습니다. 위치별 지역정보와 이용시간을 보기 쉽게 구성했습니다.","82"
"강남구\역삼동\index.html","서울 강남구 역삼동 출장마사지 | 가까운 지역 시간대 정보 | 한국미인테라피","42","서울 강남구 역삼동 출장마사지 지역별 이용시간과 세부 범위를 확인할 수 있습니다. 원하는 위치에 따른 시간대 정보를 함께 살펴볼 수 있습니다.","79"
"강남구\일원동\index.html","서울 강남구 일원동 출장마사지 | 지역 범위와 시간대 안내 | 한국미인테라피","42","서울 강남구 일원동 출장마사지 이용지역별 범위와 시간대를 보기 쉽게 안내합니다. 세부 지역에 따라 이용시간과 관련 정보를 확인할 수 있습니다.","79"
"강남구\일원본동\index.html","서울 강남구 일원본동 출장마사지 | 지역 범위와 시간대 안내 | 한국미인테라피","43","서울 강남구 일원본동 출장마사지 이용지역과 세부 시간 정보를 확인할 수 있습니다. 지역별 범위와 원하는 시간대를 살펴보기 쉽게 구성했습니다.","78"
"강남구\청담동\index.html","서울 강남구 청담동 출장마사지 | 가까운 지역 시간대 정보 | 한국미인테라피","42","서울 강남구 청담동 출장마사지 지역별 이용시간과 세부 범위를 확인할 수 있습니다. 원하는 위치에 따른 시간대 정보를 함께 살펴볼 수 있습니다.","79"
"강동구\index.html","서울 강동구 출장마사지 | 지역 범위와 시간대 안내 | 한국미인테라피","38","서울 강동구 출장마사지 지역별 이용정보와 시간대를 확인할 수 있도록 구성했습니다. 세부 위치에 따라 이용 범위와 시간 정보를 살펴볼 수 있습니다.","81"
"강동구\강일동\index.html","서울 강동구 강일동 출장마사지 | 지역별 이용범위 문의 안내 | 한국미인테라피","43","서울 강동구 강일동 출장마사지 관련 지역 범위와 이용시간을 보기 쉽게 정리했습니다. 세부 지역을 선택해 해당 위치의 시간대 정보를 확인할 수 있습니다.","84"
"강동구\고덕동\index.html","서울 강동구 고덕동 출장마사지 | 지역 선택 이용시간 안내 | 한국미인테라피","42","서울 강동구 고덕동 출장마사지 지역별 이용정보와 시간대를 확인할 수 있도록 구성했습니다. 세부 위치에 따라 이용 범위와 시간 정보를 살펴볼 수 있습니다.","85"
"강동구\길동\index.html","서울 강동구 길동 출장마사지 | 가까운 지역 시간대 정보 | 한국미인테라피","41","서울 강동구 길동 출장마사지 지역별 이용시간과 세부 범위를 확인할 수 있습니다. 원하는 위치에 따른 시간대 정보를 함께 살펴볼 수 있습니다.","78"
"강동구\둔촌동\index.html","서울 강동구 둔촌동 출장마사지 | 가까운 지역 시간대 정보 | 한국미인테라피","42","서울 강동구 둔촌동 출장마사지 지역 범위와 시간대별 이용정보를 확인할 수 있습니다. 세부 위치를 기준으로 이용시간과 지역정보를 함께 살펴볼 수 있습니다.","85"
"강동구\명일동\index.html","서울 강동구 명일동 출장마사지 | 지역별 이용범위 문의 안내 | 한국미인테라피","43","서울 강동구 명일동 출장마사지 관련 지역 범위와 이용시간을 보기 쉽게 정리했습니다. 세부 지역을 선택해 해당 위치의 시간대 정보를 확인할 수 있습니다.","84"
"강동구\상일동\index.html","서울 강동구 상일동 출장마사지 | 지역 선택 이용시간 안내 | 한국미인테라피","42","서울 강동구 상일동 출장마사지 지역정보를 기준으로 이용 가능한 범위와 시간대를 살펴볼 수 있습니다. 세부 위치와 이용시간을 한 페이지에서 확인할 수 있습니다.","88"
"강동구\성내동\index.html","서울 강동구 성내동 출장마사지 | 지역 선택 이용시간 안내 | 한국미인테라피","42","서울 강동구 성내동 출장마사지 이용지역별 범위와 시간대를 보기 쉽게 안내합니다. 세부 지역에 따라 이용시간과 관련 정보를 확인할 수 있습니다.","79"
"강동구\암사동\index.html","서울 강동구 암사동 출장마사지 | 가까운 지역 시간대 정보 | 한국미인테라피","42","서울 강동구 암사동 출장마사지 지역별 이용 범위와 시간 정보를 한 페이지에 정리했습니다. 원하는 위치를 기준으로 세부 시간대와 지역정보를 살펴볼 수 있습니다.","88"
"강동구\천호동\index.html","서울 강동구 천호동 출장마사지 | 이용 가능지역 시간 확인 | 한국미인테라피","42","서울 강동구 천호동 출장마사지 이용 범위와 시간 정보를 지역별로 정리했습니다. 원하는 세부 지역의 이용시간과 관련 정보를 함께 확인할 수 있습니다.","82"
"강북구\index.html","서울 강북구 출장마사지 | 지역 범위와 시간대 안내 | 한국미인테라피","38","서울 강북구 출장마사지 이용 범위를 세부 지역과 시간대 기준으로 확인할 수 있습니다. 위치별 지역정보와 이용시간을 보기 쉽게 구성했습니다.","77"
"강북구\미아동\index.html","서울 강북구 미아동 출장마사지 | 이용 가능지역 시간 확인 | 한국미인테라피","42","서울 강북구 미아동 출장마사지 이용 범위와 시간 정보를 지역별로 정리했습니다. 원하는 세부 지역의 이용시간과 관련 정보를 함께 확인할 수 있습니다.","82"
"강북구\번동\index.html","서울 강북구 번동 출장마사지 | 가까운 지역 시간대 정보 | 한국미인테라피","41","서울 강북구 번동 출장마사지 지역별 이용시간과 세부 범위를 확인할 수 있습니다. 원하는 위치에 따른 시간대 정보를 함께 살펴볼 수 있습니다.","78"
"강북구\삼각산동\index.html","서울 강북구 삼각산동 출장마사지 | 지역 선택 이용시간 안내 | 한국미인테라피","43","서울 강북구 삼각산동 출장마사지 지역정보와 이용 가능 시간대를 확인할 수 있습니다. 세부 지역별 범위와 시간 정보를 보기 쉽게 정리했습니다.","78"
"강북구\삼양동\index.html","서울 강북구 삼양동 출장마사지 | 지역 선택 이용시간 안내 | 한국미인테라피","42","서울 강북구 삼양동 출장마사지 이용 범위를 세부 지역과 시간대 기준으로 확인할 수 있습니다. 위치별 지역정보와 이용시간을 보기 쉽게 구성했습니다.","81"
"강북구\송중동\index.html","서울 강북구 송중동 출장마사지 | 이용지역 예약문의 정보 | 한국미인테라피","41","서울 강북구 송중동 출장마사지 지역 범위와 시간대별 이용정보를 확인할 수 있습니다. 세부 위치를 기준으로 이용시간과 지역정보를 함께 살펴볼 수 있습니다.","85"
"강북구\송천동\index.html","서울 강북구 송천동 출장마사지 | 지역 선택 이용시간 안내 | 한국미인테라피","42","서울 강북구 송천동 출장마사지 이용지역별 범위와 시간대를 보기 쉽게 안내합니다. 세부 지역에 따라 이용시간과 관련 정보를 확인할 수 있습니다.","79"
"강북구\수유동\index.html","서울 강북구 수유동 출장마사지 | 가까운 지역 시간대 정보 | 한국미인테라피","42","서울 강북구 수유동 출장마사지 지역 안내와 이용시간 정보를 한곳에서 확인할 수 있습니다. 세부 위치별 이용 범위와 시간대 정보를 함께 살펴볼 수 있습니다.","86"
"강북구\우이동\index.html","서울 강북구 우이동 출장마사지 | 이용 가능지역 시간 확인 | 한국미인테라피","42","서울 강북구 우이동 출장마사지 지역과 시간대 정보를 중심으로 이용 범위를 정리했습니다. 원하는 세부 위치의 이용정보와 시간을 함께 확인할 수 있습니다.","84"
"강북구\인수동\index.html","서울 강북구 인수동 출장마사지 | 가까운 지역 시간대 정보 | 한국미인테라피","42","서울 강북구 인수동 출장마사지 지역별 이용 범위와 시간 정보를 한 페이지에 정리했습니다. 원하는 위치를 기준으로 세부 시간대와 지역정보를 살펴볼 수 있습니다.","88"
"강서구\index.html","서울 강서구 출장마사지 | 지역 범위 이용시간 확인 | 한국미인테라피","38","서울 강서구 출장마사지 지역별 이용 범위와 시간 정보를 한 페이지에 정리했습니다. 원하는 위치를 기준으로 세부 시간대와 지역정보를 살펴볼 수 있습니다.","84"
"강서구\가양동\index.html","서울 강서구 가양동 출장마사지 | 이용 가능지역 시간 확인 | 한국미인테라피","42","서울 강서구 가양동 출장마사지 지역별 범위와 이용시간 정보를 정리해 안내합니다. 원하는 위치에 맞춰 세부 지역정보와 시간대를 확인할 수 있습니다.","81"
"강서구\공항동\index.html","서울 강서구 공항동 출장마사지 | 지역 선택 이용시간 안내 | 한국미인테라피","42","서울 강서구 공항동 출장마사지 지역정보를 기준으로 이용 가능한 범위와 시간대를 살펴볼 수 있습니다. 세부 위치와 이용시간을 한 페이지에서 확인할 수 있습니다.","88"
"강서구\등촌동\index.html","서울 강서구 등촌동 출장마사지 | 가까운 지역 시간대 정보 | 한국미인테라피","42","서울 강서구 등촌동 출장마사지 지역 범위와 이용 가능 시간 정보를 확인할 수 있습니다. 원하는 세부 지역의 이용시간과 관련 정보를 보기 쉽게 정리했습니다.","86"
"강서구\발산동\index.html","서울 강서구 발산동 출장마사지 | 이용권역 예약시간 안내 | 한국미인테라피","41","서울 강서구 발산동 출장마사지 이용지역에 따른 범위와 시간대 정보를 안내합니다. 세부 위치별 지역정보와 이용시간을 확인할 수 있습니다.","75"
"강서구\방화동\index.html","서울 강서구 방화동 출장마사지 | 가까운 지역 시간대 정보 | 한국미인테라피","42","서울 강서구 방화동 출장마사지 지역별 이용시간과 세부 범위를 확인할 수 있습니다. 원하는 위치에 따른 시간대 정보를 함께 살펴볼 수 있습니다.","79"
"강서구\염창동\index.html","서울 강서구 염창동 출장마사지 | 이용 가능지역 시간 확인 | 한국미인테라피","42","서울 강서구 염창동 출장마사지 지역별 범위와 이용시간 정보를 정리해 안내합니다. 원하는 위치에 맞춰 세부 지역정보와 시간대를 확인할 수 있습니다.","81"
"강서구\우장산동\index.html","서울 강서구 우장산동 출장마사지 | 가까운 지역 시간대 정보 | 한국미인테라피","43","서울 강서구 우장산동 출장마사지 지역 범위와 이용 가능 시간 정보를 확인할 수 있습니다. 원하는 세부 지역의 이용시간과 관련 정보를 보기 쉽게 정리했습니다.","87"
"강서구\화곡동\index.html","서울 강서구 화곡동 출장마사지 | 가까운 지역 시간대 정보 | 한국미인테라피","42","서울 강서구 화곡동 출장마사지 지역 범위와 시간대별 이용정보를 확인할 수 있습니다. 세부 위치를 기준으로 이용시간과 지역정보를 함께 살펴볼 수 있습니다.","85"
"강서구\화곡본동\index.html","서울 강서구 화곡본동 출장마사지 | 가까운 지역 시간대 정보 | 한국미인테라피","43","서울 강서구 화곡본동 출장마사지 지역별 이용시간과 세부 범위를 확인할 수 있습니다. 원하는 위치에 따른 시간대 정보를 함께 살펴볼 수 있습니다.","80"
"강화군\index.html","인천 강화군 출장마사지 | 이용지역 예약문의 정보 | 한국미인테라피","37","인천 강화군 출장마사지 이용 범위와 시간 정보를 지역별로 정리했습니다. 원하는 세부 지역의 이용시간과 관련 정보를 함께 확인할 수 있습니다.","78"
"강화군\강화읍\index.html","인천 강화군 강화읍 출장마사지 | 이용 가능지역 시간 확인 | 한국미인테라피","42","인천 강화군 강화읍 출장마사지 이용지역과 시간대 정보를 중심으로 안내합니다. 원하는 위치의 세부 지역정보와 이용시간을 확인할 수 있습니다.","77"
"강화군\교동면\index.html","인천 강화군 교동면 출장마사지 | 지역 범위와 시간대 안내 | 한국미인테라피","42","인천 강화군 교동면 출장마사지 이용정보를 지역과 시간대 기준으로 확인할 수 있습니다. 세부 위치별 이용 범위와 시간 정보를 함께 살펴볼 수 있습니다.","83"
"강화군\길상면\index.html","인천 강화군 길상면 출장마사지 | 지역 범위와 시간대 안내 | 한국미인테라피","42","인천 강화군 길상면 출장마사지 지역별 이용정보와 시간대를 확인할 수 있도록 구성했습니다. 세부 위치에 따라 이용 범위와 시간 정보를 살펴볼 수 있습니다.","85"
"강화군\내가면\index.html","인천 강화군 내가면 출장마사지 | 지역 범위 이용시간 확인 | 한국미인테라피","42","인천 강화군 내가면 출장마사지 지역 안내와 이용시간 정보를 한곳에서 확인할 수 있습니다. 세부 위치별 이용 범위와 시간대 정보를 함께 살펴볼 수 있습니다.","86"
"강화군\불은면\index.html","인천 강화군 불은면 출장마사지 | 이용지역 예약문의 정보 | 한국미인테라피","41","인천 강화군 불은면 출장마사지 지역과 시간대 정보를 중심으로 이용 범위를 정리했습니다. 원하는 세부 위치의 이용정보와 시간을 함께 확인할 수 있습니다.","84"
"강화군\삼산면\index.html","인천 강화군 삼산면 출장마사지 | 지역 범위 이용시간 확인 | 한국미인테라피","42","인천 강화군 삼산면 출장마사지 지역별 이용 범위와 시간 정보를 한 페이지에 정리했습니다. 원하는 위치를 기준으로 세부 시간대와 지역정보를 살펴볼 수 있습니다.","88"
"강화군\서도면\index.html","인천 강화군 서도면 출장마사지 | 이용지역 예약문의 정보 | 한국미인테라피","41","인천 강화군 서도면 출장마사지 지역별 범위와 이용시간 정보를 정리해 안내합니다. 원하는 위치에 맞춰 세부 지역정보와 시간대를 확인할 수 있습니다.","81"
"강화군\선원면\index.html","인천 강화군 선원면 출장마사지 | 이용지역 예약문의 정보 | 한국미인테라피","41","인천 강화군 선원면 출장마사지 지역과 시간대 정보를 중심으로 이용 범위를 정리했습니다. 원하는 세부 위치의 이용정보와 시간을 함께 확인할 수 있습니다.","84"
"강화군\송해면\index.html","인천 강화군 송해면 출장마사지 | 이용권역 예약시간 안내 | 한국미인테라피","41","인천 강화군 송해면 출장마사지 관련 지역 범위와 이용시간을 보기 쉽게 정리했습니다. 세부 지역을 선택해 해당 위치의 시간대 정보를 확인할 수 있습니다.","84"
"강화군\양도면\index.html","인천 강화군 양도면 출장마사지 | 이용권역 예약시간 안내 | 한국미인테라피","41","인천 강화군 양도면 출장마사지 이용지역 정보를 바탕으로 시간대와 세부 범위를 안내합니다. 지역별 이용시간을 한눈에 확인할 수 있도록 정리했습니다.","81"
"강화군\양사면\index.html","인천 강화군 양사면 출장마사지 | 이용권역 예약시간 안내 | 한국미인테라피","41","인천 강화군 양사면 출장마사지 이용지역에 따른 범위와 시간대 정보를 안내합니다. 세부 위치별 지역정보와 이용시간을 확인할 수 있습니다.","75"
"강화군\하점면\index.html","인천 강화군 하점면 출장마사지 | 이용지역 예약문의 정보 | 한국미인테라피","41","인천 강화군 하점면 출장마사지 이용 범위와 시간 정보를 지역별로 정리했습니다. 원하는 세부 지역의 이용시간과 관련 정보를 함께 확인할 수 있습니다.","82"
"강화군\화도면\index.html","인천 강화군 화도면 출장마사지 | 이용지역 예약문의 정보 | 한국미인테라피","41","인천 강화군 화도면 출장마사지 이용 범위와 시간 정보를 지역별로 정리했습니다. 원하는 세부 지역의 이용시간과 관련 정보를 함께 확인할 수 있습니다.","82"
"검단구\index.html","인천 검단구 출장마사지 | 지역 선택 이용시간 안내 | 한국미인테라피","38","인천 검단구 출장마사지 지역정보와 이용 가능 시간대를 확인할 수 있습니다. 세부 지역별 범위와 시간 정보를 보기 쉽게 정리했습니다.","73"
"검단구\검단동\index.html","인천 검단구 검단동 출장마사지 | 이용지역 예약문의 정보 | 한국미인테라피","41","인천 검단구 검단동 출장마사지 지역별 범위와 이용시간 정보를 정리해 안내합니다. 원하는 위치에 맞춰 세부 지역정보와 시간대를 확인할 수 있습니다.","81"
"검단구\당하동\index.html","인천 검단구 당하동 출장마사지 | 지역 범위와 시간대 안내 | 한국미인테라피","42","인천 검단구 당하동 출장마사지 이용지역별 범위와 시간대를 보기 쉽게 안내합니다. 세부 지역에 따라 이용시간과 관련 정보를 확인할 수 있습니다.","79"
"검단구\대곡동\index.html","인천 검단구 대곡동 출장마사지 | 지역 범위와 시간대 안내 | 한국미인테라피","42","인천 검단구 대곡동 출장마사지 지역별 이용정보와 시간대를 확인할 수 있도록 구성했습니다. 세부 위치에 따라 이용 범위와 시간 정보를 살펴볼 수 있습니다.","85"
"검단구\마전동\index.html","인천 검단구 마전동 출장마사지 | 지역 범위 이용시간 확인 | 한국미인테라피","42","인천 검단구 마전동 출장마사지 지역 범위와 시간대별 이용정보를 확인할 수 있습니다. 세부 위치를 기준으로 이용시간과 지역정보를 함께 살펴볼 수 있습니다.","85"
"검단구\불로동\index.html","인천 검단구 불로동 출장마사지 | 지역 범위 이용시간 확인 | 한국미인테라피","42","인천 검단구 불로동 출장마사지 지역별 이용 범위와 시간 정보를 한 페이지에 정리했습니다. 원하는 위치를 기준으로 세부 시간대와 지역정보를 살펴볼 수 있습니다.","88"
"검단구\아라동\index.html","인천 검단구 아라동 출장마사지 | 이용지역 예약문의 정보 | 한국미인테라피","41","인천 검단구 아라동 출장마사지 지역과 시간대 정보를 중심으로 이용 범위를 정리했습니다. 원하는 세부 위치의 이용정보와 시간을 함께 확인할 수 있습니다.","84"
"검단구\오류동\index.html","인천 검단구 오류동 출장마사지 | 지역 범위 이용시간 확인 | 한국미인테라피","42","인천 검단구 오류동 출장마사지 지역 안내와 이용시간 정보를 한곳에서 확인할 수 있습니다. 세부 위치별 이용 범위와 시간대 정보를 함께 살펴볼 수 있습니다.","86"
"검단구\왕길동\index.html","인천 검단구 왕길동 출장마사지 | 이용권역 예약시간 안내 | 한국미인테라피","41","인천 검단구 왕길동 출장마사지 이용지역에 따른 범위와 시간대 정보를 안내합니다. 세부 위치별 지역정보와 이용시간을 확인할 수 있습니다.","75"
"검단구\원당동\index.html","인천 검단구 원당동 출장마사지 | 지역 범위와 시간대 안내 | 한국미인테라피","42","인천 검단구 원당동 출장마사지 이용정보를 지역과 시간대 기준으로 확인할 수 있습니다. 세부 위치별 이용 범위와 시간 정보를 함께 살펴볼 수 있습니다.","83"
"경기\index.html","경기 출장마사지 | 지역 범위 이용시간 확인 | 한국미인테라피","34","경기 출장마사지 지역 안내와 이용시간 정보를 한곳에서 확인할 수 있습니다. 세부 위치별 이용 범위와 시간대 정보를 함께 살펴볼 수 있습니다.","78"
"계양구\index.html","인천 계양구 출장마사지 | 이용지역 예약문의 정보 | 한국미인테라피","37","인천 계양구 출장마사지 지역 범위와 이용 가능 시간 정보를 확인할 수 있습니다. 원하는 세부 지역의 이용시간과 관련 정보를 보기 쉽게 정리했습니다.","82"
"계양구\계산동\index.html","인천 계양구 계산동 출장마사지 | 지역 범위와 시간대 안내 | 한국미인테라피","42","인천 계양구 계산동 출장마사지 이용 범위를 세부 지역과 시간대 기준으로 확인할 수 있습니다. 위치별 지역정보와 이용시간을 보기 쉽게 구성했습니다.","81"
"계양구\계양동\index.html","인천 계양구 계양동 출장마사지 | 이용 가능지역 시간 확인 | 한국미인테라피","42","인천 계양구 계양동 출장마사지 지역 범위와 이용 가능 시간 정보를 확인할 수 있습니다. 원하는 세부 지역의 이용시간과 관련 정보를 보기 쉽게 정리했습니다.","86"
"계양구\서운동\index.html","인천 계양구 서운동 출장마사지 | 이용권역 예약시간 안내 | 한국미인테라피","41","인천 계양구 서운동 출장마사지 이용 가능 범위와 시간대를 지역정보 중심으로 확인할 수 있습니다. 세부 지역별 이용시간도 함께 살펴볼 수 있습니다.","81"
"계양구\작전동\index.html","인천 계양구 작전동 출장마사지 | 이용 가능지역 시간 확인 | 한국미인테라피","42","인천 계양구 작전동 출장마사지 지역과 시간대 정보를 중심으로 이용 범위를 정리했습니다. 원하는 세부 위치의 이용정보와 시간을 함께 확인할 수 있습니다.","84"
"계양구\효성동\index.html","인천 계양구 효성동 출장마사지 | 가까운 지역 시간대 정보 | 한국미인테라피","42","인천 계양구 효성동 출장마사지 지역정보를 바탕으로 이용 범위와 시간대를 확인할 수 있습니다. 세부 지역별 이용시간과 위치 정보를 함께 정리했습니다.","82"
"고양덕양구\index.html","고양 덕양구 출장마사지 | 이용 가능지역 시간 확인 | 한국미인테라피","38","고양 덕양구 출장마사지 이용지역을 기준으로 세부 범위와 시간대 정보를 확인할 수 있습니다. 원하는 위치의 지역정보와 이용시간을 함께 살펴보세요.","80"
"고양덕양구\고양동\index.html","고양 덕양구 고양동 출장마사지 | 이용지역 예약문의 정보 | 한국미인테라피","41","고양 덕양구 고양동 출장마사지 이용지역과 시간대 정보를 중심으로 안내합니다. 원하는 위치의 세부 지역정보와 이용시간을 확인할 수 있습니다.","77"
"고양덕양구\관산동\index.html","고양 덕양구 관산동 출장마사지 | 지역별 이용범위 문의 안내 | 한국미인테라피","43","고양 덕양구 관산동 출장마사지 이용 가능지역과 시간대 정보를 중심으로 구성했습니다. 원하는 지역의 세부 범위와 이용시간을 확인해보세요.","75"
"고양덕양구\능곡동\index.html","고양 덕양구 능곡동 출장마사지 | 이용권역 예약시간 안내 | 한국미인테라피","41","고양 덕양구 능곡동 출장마사지 이용정보를 지역과 시간대 기준으로 확인할 수 있습니다. 세부 위치별 이용 범위와 시간 정보를 함께 살펴볼 수 있습니다.","83"
"고양덕양구\대덕동\index.html","고양 덕양구 대덕동 출장마사지 | 지역 범위 이용시간 확인 | 한국미인테라피","42","고양 덕양구 대덕동 출장마사지 지역 범위와 이용 가능 시간 정보를 확인할 수 있습니다. 원하는 세부 지역의 이용시간과 관련 정보를 보기 쉽게 정리했습니다.","86"
"고양덕양구\삼송동\index.html","고양 덕양구 삼송동 출장마사지 | 지역 범위 이용시간 확인 | 한국미인테라피","42","고양 덕양구 삼송동 출장마사지 이용지역을 기준으로 세부 범위와 시간대 정보를 확인할 수 있습니다. 원하는 위치의 지역정보와 이용시간을 함께 살펴보세요.","84"
"고양덕양구\성사동\index.html","고양 덕양구 성사동 출장마사지 | 지역 범위 이용시간 확인 | 한국미인테라피","42","고양 덕양구 성사동 출장마사지 지역과 시간대 정보를 중심으로 이용 범위를 정리했습니다. 원하는 세부 위치의 이용정보와 시간을 함께 확인할 수 있습니다.","84"
"고양덕양구\원신동\index.html","고양 덕양구 원신동 출장마사지 | 지역별 이용범위 문의 안내 | 한국미인테라피","43","고양 덕양구 원신동 출장마사지 이용 가능지역과 시간대 정보를 중심으로 구성했습니다. 원하는 지역의 세부 범위와 이용시간을 확인해보세요.","75"
"고양덕양구\주교동\index.html","고양 덕양구 주교동 출장마사지 | 지역 선택 이용시간 안내 | 한국미인테라피","42","고양 덕양구 주교동 출장마사지 이용 범위를 세부 지역과 시간대 기준으로 확인할 수 있습니다. 위치별 지역정보와 이용시간을 보기 쉽게 구성했습니다.","81"
"고양덕양구\창릉동\index.html","고양 덕양구 창릉동 출장마사지 | 이용권역 예약시간 안내 | 한국미인테라피","41","고양 덕양구 창릉동 출장마사지 지역별 이용정보와 시간대를 확인할 수 있도록 구성했습니다. 세부 위치에 따라 이용 범위와 시간 정보를 살펴볼 수 있습니다.","85"
"고양덕양구\행신동\index.html","고양 덕양구 행신동 출장마사지 | 이용지역 예약문의 정보 | 한국미인테라피","41","고양 덕양구 행신동 출장마사지 지역별 이용 범위와 시간 정보를 한 페이지에 정리했습니다. 원하는 위치를 기준으로 세부 시간대와 지역정보를 살펴볼 수 있습니다.","88"
"고양덕양구\행주동\index.html","고양 덕양구 행주동 출장마사지 | 지역 범위 이용시간 확인 | 한국미인테라피","42","고양 덕양구 행주동 출장마사지 지역별 범위와 이용시간 정보를 정리해 안내합니다. 원하는 위치에 맞춰 세부 지역정보와 시간대를 확인할 수 있습니다.","81"
"고양덕양구\화전동\index.html","고양 덕양구 화전동 출장마사지 | 지역별 이용범위 문의 안내 | 한국미인테라피","43","고양 덕양구 화전동 출장마사지 이용 가능 범위와 시간대를 지역정보 중심으로 확인할 수 있습니다. 세부 지역별 이용시간도 함께 살펴볼 수 있습니다.","81"
"고양덕양구\화정동\index.html","고양 덕양구 화정동 출장마사지 | 이용지역 예약문의 정보 | 한국미인테라피","41","고양 덕양구 화정동 출장마사지 지역정보와 이용시간을 기준으로 세부 범위를 확인할 수 있습니다. 원하는 위치의 시간대 정보를 함께 정리했습니다.","79"
"고양덕양구\효자동\index.html","고양 덕양구 효자동 출장마사지 | 지역별 이용범위 문의 안내 | 한국미인테라피","43","고양 덕양구 효자동 출장마사지 이용 가능지역과 시간대 정보를 중심으로 구성했습니다. 원하는 지역의 세부 범위와 이용시간을 확인해보세요.","75"
"고양덕양구\흥도동\index.html","고양 덕양구 흥도동 출장마사지 | 이용지역 예약문의 정보 | 한국미인테라피","41","고양 덕양구 흥도동 출장마사지 지역별 이용 범위와 시간 정보를 한 페이지에 정리했습니다. 원하는 위치를 기준으로 세부 시간대와 지역정보를 살펴볼 수 있습니다.","88"
"고양시\index.html","고양 출장마사지 | 지역 범위 이용시간 확인 | 한국미인테라피","34","고양 출장마사지 이용지역과 시간대 정보를 중심으로 안내합니다. 원하는 위치의 세부 지역정보와 이용시간을 확인할 수 있습니다.","69"
"고양일산동구\index.html","고양 일산동구 출장마사지 | 지역 범위와 시간대 안내 | 한국미인테라피","39","고양 일산동구 출장마사지 지역정보를 기준으로 이용 가능한 범위와 시간대를 살펴볼 수 있습니다. 세부 위치와 이용시간을 한 페이지에서 확인할 수 있습니다.","85"
"고양일산동구\고봉동\index.html","고양 일산동구 고봉동 출장마사지 | 지역별 이용범위 문의 안내 | 한국미인테라피","44","고양 일산동구 고봉동 출장마사지 이용지역 정보를 바탕으로 시간대와 세부 범위를 안내합니다. 지역별 이용시간을 한눈에 확인할 수 있도록 정리했습니다.","82"
"고양일산동구\마두동\index.html","고양 일산동구 마두동 출장마사지 | 가까운 지역 시간대 정보 | 한국미인테라피","43","고양 일산동구 마두동 출장마사지 이용지역을 기준으로 세부 범위와 시간대 정보를 확인할 수 있습니다. 원하는 위치의 지역정보와 이용시간을 함께 살펴보세요.","85"
"고양일산동구\백석동\index.html","고양 일산동구 백석동 출장마사지 | 지역 범위 이용시간 확인 | 한국미인테라피","43","고양 일산동구 백석동 출장마사지 이용지역과 시간대 정보를 중심으로 안내합니다. 원하는 위치의 세부 지역정보와 이용시간을 확인할 수 있습니다.","78"
"고양일산동구\식사동\index.html","고양 일산동구 식사동 출장마사지 | 지역별 이용범위 문의 안내 | 한국미인테라피","44","고양 일산동구 식사동 출장마사지 지역별 이용정보와 시간대를 확인할 수 있도록 구성했습니다. 세부 위치에 따라 이용 범위와 시간 정보를 살펴볼 수 있습니다.","86"
"고양일산동구\장항동\index.html","고양 일산동구 장항동 출장마사지 | 이용지역 예약문의 정보 | 한국미인테라피","42","고양 일산동구 장항동 출장마사지 지역 범위와 이용 가능 시간 정보를 확인할 수 있습니다. 원하는 세부 지역의 이용시간과 관련 정보를 보기 쉽게 정리했습니다.","87"
"고양일산동구\정발산동\index.html","고양 일산동구 정발산동 출장마사지 | 지역별 이용범위 문의 안내 | 한국미인테라피","45","고양 일산동구 정발산동 출장마사지 이용 가능지역과 시간대 정보를 중심으로 구성했습니다. 원하는 지역의 세부 범위와 이용시간을 확인해보세요.","77"
"고양일산동구\중산동\index.html","고양 일산동구 중산동 출장마사지 | 지역별 이용범위 문의 안내 | 한국미인테라피","44","고양 일산동구 중산동 출장마사지 이용 범위를 세부 지역과 시간대 기준으로 확인할 수 있습니다. 위치별 지역정보와 이용시간을 보기 쉽게 구성했습니다.","82"
"고양일산동구\풍산동\index.html","고양 일산동구 풍산동 출장마사지 | 지역 선택 이용시간 안내 | 한국미인테라피","43","고양 일산동구 풍산동 출장마사지 이용 가능지역과 시간대 정보를 중심으로 구성했습니다. 원하는 지역의 세부 범위와 이용시간을 확인해보세요.","76"
"고양일산서구\index.html","고양 일산서구 출장마사지 | 지역 범위 이용시간 확인 | 한국미인테라피","39","고양 일산서구 출장마사지 지역 범위와 이용 가능 시간 정보를 확인할 수 있습니다. 원하는 세부 지역의 이용시간과 관련 정보를 보기 쉽게 정리했습니다.","83"
"고양일산서구\가좌동\index.html","고양 일산서구 가좌동 출장마사지 | 이용권역 예약시간 안내 | 한국미인테라피","42","고양 일산서구 가좌동 출장마사지 이용 범위를 세부 지역과 시간대 기준으로 확인할 수 있습니다. 위치별 지역정보와 이용시간을 보기 쉽게 구성했습니다.","82"
"고양일산서구\대화동\index.html","고양 일산서구 대화동 출장마사지 | 이용권역 예약시간 안내 | 한국미인테라피","42","고양 일산서구 대화동 출장마사지 이용 범위를 세부 지역과 시간대 기준으로 확인할 수 있습니다. 위치별 지역정보와 이용시간을 보기 쉽게 구성했습니다.","82"
"고양일산서구\덕이동\index.html","고양 일산서구 덕이동 출장마사지 | 이용 가능지역 시간 확인 | 한국미인테라피","43","고양 일산서구 덕이동 출장마사지 지역별 이용 범위와 시간 정보를 한 페이지에 정리했습니다. 원하는 위치를 기준으로 세부 시간대와 지역정보를 살펴볼 수 있습니다.","89"
"고양일산서구\송포동\index.html","고양 일산서구 송포동 출장마사지 | 가까운 지역 시간대 정보 | 한국미인테라피","43","고양 일산서구 송포동 출장마사지 지역별 범위와 이용시간 정보를 정리해 안내합니다. 원하는 위치에 맞춰 세부 지역정보와 시간대를 확인할 수 있습니다.","82"
"고양일산서구\일산동\index.html","고양 일산서구 일산동 출장마사지 | 이용권역 예약시간 안내 | 한국미인테라피","42","고양 일산서구 일산동 출장마사지 이용정보를 지역과 시간대 기준으로 확인할 수 있습니다. 세부 위치별 이용 범위와 시간 정보를 함께 살펴볼 수 있습니다.","84"
"고양일산서구\주엽동\index.html","고양 일산서구 주엽동 출장마사지 | 이용 가능지역 시간 확인 | 한국미인테라피","43","고양 일산서구 주엽동 출장마사지 지역정보를 바탕으로 이용 범위와 시간대를 확인할 수 있습니다. 세부 지역별 이용시간과 위치 정보를 함께 정리했습니다.","83"
"고양일산서구\탄현동\index.html","고양 일산서구 탄현동 출장마사지 | 지역 범위와 시간대 안내 | 한국미인테라피","43","고양 일산서구 탄현동 출장마사지 지역정보와 이용 가능 시간대를 확인할 수 있습니다. 세부 지역별 범위와 시간 정보를 보기 쉽게 정리했습니다.","78"
"과천시\index.html","과천 출장마사지 | 지역 선택 이용시간 안내 | 한국미인테라피","34","과천 출장마사지 이용 가능 범위와 시간대를 지역정보 중심으로 확인할 수 있습니다. 세부 지역별 이용시간도 함께 살펴볼 수 있습니다.","73"
"과천시\갈현동\index.html","과천 갈현동 출장마사지 | 지역 범위 이용시간 확인 | 한국미인테라피","38","과천 갈현동 출장마사지 지역 안내와 이용시간 정보를 한곳에서 확인할 수 있습니다. 세부 위치별 이용 범위와 시간대 정보를 함께 살펴볼 수 있습니다.","82"
"과천시\과천동\index.html","과천 과천동 출장마사지 | 이용지역 예약문의 정보 | 한국미인테라피","37","과천 과천동 출장마사지 지역별 범위와 이용시간 정보를 정리해 안내합니다. 원하는 위치에 맞춰 세부 지역정보와 시간대를 확인할 수 있습니다.","77"
"과천시\문원동\index.html","과천 문원동 출장마사지 | 이용지역 예약문의 정보 | 한국미인테라피","37","과천 문원동 출장마사지 지역별 범위와 이용시간 정보를 정리해 안내합니다. 원하는 위치에 맞춰 세부 지역정보와 시간대를 확인할 수 있습니다.","77"
"과천시\별양동\index.html","과천 별양동 출장마사지 | 이용권역 예약시간 안내 | 한국미인테라피","37","과천 별양동 출장마사지 이용 가능지역과 시간대 정보를 중심으로 구성했습니다. 원하는 지역의 세부 범위와 이용시간을 확인해보세요.","71"
"과천시\부림동\index.html","과천 부림동 출장마사지 | 지역 범위 이용시간 확인 | 한국미인테라피","38","과천 부림동 출장마사지 지역별 이용 범위와 시간 정보를 한 페이지에 정리했습니다. 원하는 위치를 기준으로 세부 시간대와 지역정보를 살펴볼 수 있습니다.","84"
"과천시\원문동\index.html","과천 원문동 출장마사지 | 이용지역 예약문의 정보 | 한국미인테라피","37","과천 원문동 출장마사지 지역별 범위와 이용시간 정보를 정리해 안내합니다. 원하는 위치에 맞춰 세부 지역정보와 시간대를 확인할 수 있습니다.","77"
"과천시\중앙동\index.html","과천 중앙동 출장마사지 | 이용 가능지역 시간 확인 | 한국미인테라피","38","과천 중앙동 출장마사지 지역과 시간대 정보를 중심으로 이용 범위를 정리했습니다. 원하는 세부 위치의 이용정보와 시간을 함께 확인할 수 있습니다.","80"
"관악구\index.html","서울 관악구 출장마사지 | 이용지역 예약문의 정보 | 한국미인테라피","37","서울 관악구 출장마사지 지역 범위와 이용 가능 시간 정보를 확인할 수 있습니다. 원하는 세부 지역의 이용시간과 관련 정보를 보기 쉽게 정리했습니다.","82"
"관악구\낙성대동\index.html","서울 관악구 낙성대동 출장마사지 | 지역별 이용범위 문의 안내 | 한국미인테라피","44","서울 관악구 낙성대동 출장마사지 지역별 이용정보와 시간대를 확인할 수 있도록 구성했습니다. 세부 위치에 따라 이용 범위와 시간 정보를 살펴볼 수 있습니다.","86"
"관악구\난곡동\index.html","서울 관악구 난곡동 출장마사지 | 이용 가능지역 시간 확인 | 한국미인테라피","42","서울 관악구 난곡동 출장마사지 지역별 이용시간과 세부 범위를 확인할 수 있습니다. 원하는 위치에 따른 시간대 정보를 함께 살펴볼 수 있습니다.","79"
"관악구\난향동\index.html","서울 관악구 난향동 출장마사지 | 가까운 지역 시간대 정보 | 한국미인테라피","42","서울 관악구 난향동 출장마사지 지역정보를 바탕으로 이용 범위와 시간대를 확인할 수 있습니다. 세부 지역별 이용시간과 위치 정보를 함께 정리했습니다.","82"
"관악구\남현동\index.html","서울 관악구 남현동 출장마사지 | 지역 범위와 시간대 안내 | 한국미인테라피","42","서울 관악구 남현동 출장마사지 지역별 이용정보와 시간대를 확인할 수 있도록 구성했습니다. 세부 위치에 따라 이용 범위와 시간 정보를 살펴볼 수 있습니다.","85"
"관악구\대학동\index.html","서울 관악구 대학동 출장마사지 | 가까운 지역 시간대 정보 | 한국미인테라피","42","서울 관악구 대학동 출장마사지 지역정보를 바탕으로 이용 범위와 시간대를 확인할 수 있습니다. 세부 지역별 이용시간과 위치 정보를 함께 정리했습니다.","82"
"관악구\미성동\index.html","서울 관악구 미성동 출장마사지 | 가까운 지역 시간대 정보 | 한국미인테라피","42","서울 관악구 미성동 출장마사지 지역정보를 바탕으로 이용 범위와 시간대를 확인할 수 있습니다. 세부 지역별 이용시간과 위치 정보를 함께 정리했습니다.","82"
"관악구\보라매동\index.html","서울 관악구 보라매동 출장마사지 | 지역 범위와 시간대 안내 | 한국미인테라피","43","서울 관악구 보라매동 출장마사지 이용 가능 범위와 시간대를 지역정보 중심으로 확인할 수 있습니다. 세부 지역별 이용시간도 함께 살펴볼 수 있습니다.","82"
"관악구\삼성동\index.html","서울 관악구 삼성동 출장마사지 | 이용 가능지역 시간 확인 | 한국미인테라피","42","서울 관악구 삼성동 출장마사지 지역별 이용시간과 세부 범위를 확인할 수 있습니다. 원하는 위치에 따른 시간대 정보를 함께 살펴볼 수 있습니다.","79"
"관악구\서림동\index.html","서울 관악구 서림동 출장마사지 | 이용권역 예약시간 안내 | 한국미인테라피","41","서울 관악구 서림동 출장마사지 이용 가능지역과 시간대 정보를 중심으로 구성했습니다. 원하는 지역의 세부 범위와 이용시간을 확인해보세요.","75"
"관악구\서원동\index.html","서울 관악구 서원동 출장마사지 | 지역 범위와 시간대 안내 | 한국미인테라피","42","서울 관악구 서원동 출장마사지 지역별 이용정보와 시간대를 확인할 수 있도록 구성했습니다. 세부 위치에 따라 이용 범위와 시간 정보를 살펴볼 수 있습니다.","85"
"관악구\성현동\index.html","서울 관악구 성현동 출장마사지 | 이용 가능지역 시간 확인 | 한국미인테라피","42","서울 관악구 성현동 출장마사지 이용 범위와 시간 정보를 지역별로 정리했습니다. 원하는 세부 지역의 이용시간과 관련 정보를 함께 확인할 수 있습니다.","82"
"관악구\신림동\index.html","서울 관악구 신림동 출장마사지 | 지역 범위와 시간대 안내 | 한국미인테라피","42","서울 관악구 신림동 출장마사지 이용정보를 지역과 시간대 기준으로 확인할 수 있습니다. 세부 위치별 이용 범위와 시간 정보를 함께 살펴볼 수 있습니다.","83"
"관악구\신사동\index.html","서울 관악구 신사동 출장마사지 | 지역 범위와 시간대 안내 | 한국미인테라피","42","서울 관악구 신사동 출장마사지 이용정보를 지역과 시간대 기준으로 확인할 수 있습니다. 세부 위치별 이용 범위와 시간 정보를 함께 살펴볼 수 있습니다.","83"
"관악구\신원동\index.html","서울 관악구 신원동 출장마사지 | 이용권역 예약시간 안내 | 한국미인테라피","41","서울 관악구 신원동 출장마사지 이용 가능 범위와 시간대를 지역정보 중심으로 확인할 수 있습니다. 세부 지역별 이용시간도 함께 살펴볼 수 있습니다.","81"
"관악구\은천동\index.html","서울 관악구 은천동 출장마사지 | 지역 범위와 시간대 안내 | 한국미인테라피","42","서울 관악구 은천동 출장마사지 이용 범위를 세부 지역과 시간대 기준으로 확인할 수 있습니다. 위치별 지역정보와 이용시간을 보기 쉽게 구성했습니다.","81"
"관악구\인헌동\index.html","서울 관악구 인헌동 출장마사지 | 지역 범위와 시간대 안내 | 한국미인테라피","42","서울 관악구 인헌동 출장마사지 이용 범위를 세부 지역과 시간대 기준으로 확인할 수 있습니다. 위치별 지역정보와 이용시간을 보기 쉽게 구성했습니다.","81"
"관악구\조원동\index.html","서울 관악구 조원동 출장마사지 | 이용권역 예약시간 안내 | 한국미인테라피","41","서울 관악구 조원동 출장마사지 이용 가능 범위와 시간대를 지역정보 중심으로 확인할 수 있습니다. 세부 지역별 이용시간도 함께 살펴볼 수 있습니다.","81"
"관악구\중앙동\index.html","서울 관악구 중앙동 출장마사지 | 지역별 이용범위 문의 안내 | 한국미인테라피","43","서울 관악구 중앙동 출장마사지 이용 가능지역과 시간대 정보를 중심으로 구성했습니다. 원하는 지역의 세부 범위와 이용시간을 확인해보세요.","75"
"관악구\청룡동\index.html","서울 관악구 청룡동 출장마사지 | 지역 선택 이용시간 안내 | 한국미인테라피","42","서울 관악구 청룡동 출장마사지 지역별 이용정보와 시간대를 확인할 수 있도록 구성했습니다. 세부 위치에 따라 이용 범위와 시간 정보를 살펴볼 수 있습니다.","85"
"관악구\청림동\index.html","서울 관악구 청림동 출장마사지 | 가까운 지역 시간대 정보 | 한국미인테라피","42","서울 관악구 청림동 출장마사지 지역 안내와 이용시간 정보를 한곳에서 확인할 수 있습니다. 세부 위치별 이용 범위와 시간대 정보를 함께 살펴볼 수 있습니다.","86"
"관악구\행운동\index.html","서울 관악구 행운동 출장마사지 | 이용 가능지역 시간 확인 | 한국미인테라피","42","서울 관악구 행운동 출장마사지 지역별 범위와 이용시간 정보를 정리해 안내합니다. 원하는 위치에 맞춰 세부 지역정보와 시간대를 확인할 수 있습니다.","81"
"광명시\index.html","광명 출장마사지 | 지역 범위와 시간대 안내 | 한국미인테라피","34","광명 출장마사지 지역별 이용정보와 시간대를 확인할 수 있도록 구성했습니다. 세부 위치에 따라 이용 범위와 시간 정보를 살펴볼 수 있습니다.","77"
"광명시\광명동\index.html","광명 광명동 출장마사지 | 지역 범위 이용시간 확인 | 한국미인테라피","38","광명 광명동 출장마사지 이용 범위와 시간 정보를 지역별로 정리했습니다. 원하는 세부 지역의 이용시간과 관련 정보를 함께 확인할 수 있습니다.","78"
"광명시\소하동\index.html","광명 소하동 출장마사지 | 이용 가능지역 시간 확인 | 한국미인테라피","38","광명 소하동 출장마사지 지역과 시간대 정보를 중심으로 이용 범위를 정리했습니다. 원하는 세부 위치의 이용정보와 시간을 함께 확인할 수 있습니다.","80"
"광명시\일직동\index.html","광명 일직동 출장마사지 | 지역 선택 이용시간 안내 | 한국미인테라피","38","광명 일직동 출장마사지 이용정보를 지역과 시간대 기준으로 확인할 수 있습니다. 세부 위치별 이용 범위와 시간 정보를 함께 살펴볼 수 있습니다.","79"
"광명시\철산동\index.html","광명 철산동 출장마사지 | 가까운 지역 시간대 정보 | 한국미인테라피","38","광명 철산동 출장마사지 지역 범위와 시간대별 이용정보를 확인할 수 있습니다. 세부 위치를 기준으로 이용시간과 지역정보를 함께 살펴볼 수 있습니다.","81"
"광명시\하안동\index.html","광명 하안동 출장마사지 | 가까운 지역 시간대 정보 | 한국미인테라피","38","광명 하안동 출장마사지 지역별 이용 범위와 시간 정보를 한 페이지에 정리했습니다. 원하는 위치를 기준으로 세부 시간대와 지역정보를 살펴볼 수 있습니다.","84"
"광명시\학온동\index.html","광명 학온동 출장마사지 | 지역별 이용범위 문의 안내 | 한국미인테라피","39","광명 학온동 출장마사지 이용지역 정보를 바탕으로 시간대와 세부 범위를 안내합니다. 지역별 이용시간을 한눈에 확인할 수 있도록 정리했습니다.","77"
"광주시\index.html","광주 출장마사지 | 이용지역 예약문의 정보 | 한국미인테라피","33","광주 출장마사지 지역과 시간대 정보를 중심으로 이용 범위를 정리했습니다. 원하는 세부 위치의 이용정보와 시간을 함께 확인할 수 있습니다.","76"
"광주시\경안동\index.html","광주 경안동 출장마사지 | 이용 가능지역 시간 확인 | 한국미인테라피","38","광주 경안동 출장마사지 지역정보를 바탕으로 이용 범위와 시간대를 확인할 수 있습니다. 세부 지역별 이용시간과 위치 정보를 함께 정리했습니다.","78"
"광주시\곤지암읍\index.html","광주 곤지암읍 출장마사지 | 지역 범위와 시간대 안내 | 한국미인테라피","39","광주 곤지암읍 출장마사지 이용지역과 세부 시간 정보를 확인할 수 있습니다. 지역별 범위와 원하는 시간대를 살펴보기 쉽게 구성했습니다.","74"
"광주시\광남동\index.html","광주 광남동 출장마사지 | 가까운 지역 시간대 정보 | 한국미인테라피","38","광주 광남동 출장마사지 이용지역을 기준으로 세부 범위와 시간대 정보를 확인할 수 있습니다. 원하는 위치의 지역정보와 이용시간을 함께 살펴보세요.","80"
"광주시\남종면\index.html","광주 남종면 출장마사지 | 이용권역 예약시간 안내 | 한국미인테라피","37","광주 남종면 출장마사지 이용 가능 범위와 시간대를 지역정보 중심으로 확인할 수 있습니다. 세부 지역별 이용시간도 함께 살펴볼 수 있습니다.","77"
"광주시\남한산성면\index.html","광주 남한산성면 출장마사지 | 이용권역 예약시간 안내 | 한국미인테라피","39","광주 남한산성면 출장마사지 지역정보와 이용 가능 시간대를 확인할 수 있습니다. 세부 지역별 범위와 시간 정보를 보기 쉽게 정리했습니다.","75"
"광주시\능평동\index.html","광주 능평동 출장마사지 | 지역 선택 이용시간 안내 | 한국미인테라피","38","광주 능평동 출장마사지 지역정보를 기준으로 이용 가능한 범위와 시간대를 살펴볼 수 있습니다. 세부 위치와 이용시간을 한 페이지에서 확인할 수 있습니다.","84"
"광주시\도척면\index.html","광주 도척면 출장마사지 | 이용권역 예약시간 안내 | 한국미인테라피","37","광주 도척면 출장마사지 이용 가능지역과 시간대 정보를 중심으로 구성했습니다. 원하는 지역의 세부 범위와 이용시간을 확인해보세요.","71"
"광주시\송정동\index.html","광주 송정동 출장마사지 | 지역 선택 이용시간 안내 | 한국미인테라피","38","광주 송정동 출장마사지 이용지역과 세부 시간 정보를 확인할 수 있습니다. 지역별 범위와 원하는 시간대를 살펴보기 쉽게 구성했습니다.","73"
"광주시\신현동\index.html","광주 신현동 출장마사지 | 지역 범위와 시간대 안내 | 한국미인테라피","38","광주 신현동 출장마사지 이용지역별 범위와 시간대를 보기 쉽게 안내합니다. 세부 지역에 따라 이용시간과 관련 정보를 확인할 수 있습니다.","75"
"광주시\쌍령동\index.html","광주 쌍령동 출장마사지 | 지역 선택 이용시간 안내 | 한국미인테라피","38","광주 쌍령동 출장마사지 이용지역과 세부 시간 정보를 확인할 수 있습니다. 지역별 범위와 원하는 시간대를 살펴보기 쉽게 구성했습니다.","73"
"광주시\오포동\index.html","광주 오포동 출장마사지 | 이용권역 예약시간 안내 | 한국미인테라피","37","광주 오포동 출장마사지 이용지역 정보를 바탕으로 시간대와 세부 범위를 안내합니다. 지역별 이용시간을 한눈에 확인할 수 있도록 정리했습니다.","77"
"광주시\초월읍\index.html","광주 초월읍 출장마사지 | 이용권역 예약시간 안내 | 한국미인테라피","37","광주 초월읍 출장마사지 이용지역에 따른 범위와 시간대 정보를 안내합니다. 세부 위치별 지역정보와 이용시간을 확인할 수 있습니다.","71"
"광주시\탄벌동\index.html","광주 탄벌동 출장마사지 | 이용권역 예약시간 안내 | 한국미인테라피","37","광주 탄벌동 출장마사지 이용지역에 따른 범위와 시간대 정보를 안내합니다. 세부 위치별 지역정보와 이용시간을 확인할 수 있습니다.","71"
"광주시\퇴촌면\index.html","광주 퇴촌면 출장마사지 | 이용지역 예약문의 정보 | 한국미인테라피","37","광주 퇴촌면 출장마사지 지역별 범위와 이용시간 정보를 정리해 안내합니다. 원하는 위치에 맞춰 세부 지역정보와 시간대를 확인할 수 있습니다.","77"
"광진구\index.html","서울 광진구 출장마사지 | 이용지역 예약문의 정보 | 한국미인테라피","37","서울 광진구 출장마사지 지역별 범위와 이용시간 정보를 정리해 안내합니다. 원하는 위치에 맞춰 세부 지역정보와 시간대를 확인할 수 있습니다.","77"
"광진구\광장동\index.html","서울 광진구 광장동 출장마사지 | 지역 선택 이용시간 안내 | 한국미인테라피","42","서울 광진구 광장동 출장마사지 지역정보를 기준으로 이용 가능한 범위와 시간대를 살펴볼 수 있습니다. 세부 위치와 이용시간을 한 페이지에서 확인할 수 있습니다.","88"
"광진구\구의동\index.html","서울 광진구 구의동 출장마사지 | 지역 범위와 시간대 안내 | 한국미인테라피","42","서울 광진구 구의동 출장마사지 이용지역별 범위와 시간대를 보기 쉽게 안내합니다. 세부 지역에 따라 이용시간과 관련 정보를 확인할 수 있습니다.","79"
"광진구\군자동\index.html","서울 광진구 군자동 출장마사지 | 이용권역 예약시간 안내 | 한국미인테라피","41","서울 광진구 군자동 출장마사지 관련 지역 범위와 이용시간을 보기 쉽게 정리했습니다. 세부 지역을 선택해 해당 위치의 시간대 정보를 확인할 수 있습니다.","84"
"광진구\능동\index.html","서울 광진구 능동 출장마사지 | 이용 가능지역 시간 확인 | 한국미인테라피","41","서울 광진구 능동 출장마사지 지역과 시간대 정보를 중심으로 이용 범위를 정리했습니다. 원하는 세부 위치의 이용정보와 시간을 함께 확인할 수 있습니다.","83"
"광진구\자양동\index.html","서울 광진구 자양동 출장마사지 | 가까운 지역 시간대 정보 | 한국미인테라피","42","서울 광진구 자양동 출장마사지 지역별 이용 범위와 시간 정보를 한 페이지에 정리했습니다. 원하는 위치를 기준으로 세부 시간대와 지역정보를 살펴볼 수 있습니다.","88"
"광진구\중곡동\index.html","서울 광진구 중곡동 출장마사지 | 지역별 이용범위 문의 안내 | 한국미인테라피","43","서울 광진구 중곡동 출장마사지 이용지역에 따른 범위와 시간대 정보를 안내합니다. 세부 위치별 지역정보와 이용시간을 확인할 수 있습니다.","75"
"광진구\화양동\index.html","서울 광진구 화양동 출장마사지 | 이용 가능지역 시간 확인 | 한국미인테라피","42","서울 광진구 화양동 출장마사지 지역과 시간대 정보를 중심으로 이용 범위를 정리했습니다. 원하는 세부 위치의 이용정보와 시간을 함께 확인할 수 있습니다.","84"
"구로구\index.html","서울 구로구 출장마사지 | 지역 선택 이용시간 안내 | 한국미인테라피","38","서울 구로구 출장마사지 지역정보와 이용 가능 시간대를 확인할 수 있습니다. 세부 지역별 범위와 시간 정보를 보기 쉽게 정리했습니다.","73"
"구로구\가리봉동\index.html","서울 구로구 가리봉동 출장마사지 | 이용권역 예약시간 안내 | 한국미인테라피","42","서울 구로구 가리봉동 출장마사지 이용지역에 따른 범위와 시간대 정보를 안내합니다. 세부 위치별 지역정보와 이용시간을 확인할 수 있습니다.","76"
"구로구\개봉동\index.html","서울 구로구 개봉동 출장마사지 | 이용권역 예약시간 안내 | 한국미인테라피","41","서울 구로구 개봉동 출장마사지 지역정보와 이용 가능 시간대를 확인할 수 있습니다. 세부 지역별 범위와 시간 정보를 보기 쉽게 정리했습니다.","77"
"구로구\고척동\index.html","서울 구로구 고척동 출장마사지 | 지역 범위와 시간대 안내 | 한국미인테라피","42","서울 구로구 고척동 출장마사지 지역별 이용정보와 시간대를 확인할 수 있도록 구성했습니다. 세부 위치에 따라 이용 범위와 시간 정보를 살펴볼 수 있습니다.","85"
"구로구\구로동\index.html","서울 구로구 구로동 출장마사지 | 이용지역 예약문의 정보 | 한국미인테라피","41","서울 구로구 구로동 출장마사지 이용 범위와 시간 정보를 지역별로 정리했습니다. 원하는 세부 지역의 이용시간과 관련 정보를 함께 확인할 수 있습니다.","82"
"구로구\수궁동\index.html","서울 구로구 수궁동 출장마사지 | 지역 범위와 시간대 안내 | 한국미인테라피","42","서울 구로구 수궁동 출장마사지 이용 범위를 세부 지역과 시간대 기준으로 확인할 수 있습니다. 위치별 지역정보와 이용시간을 보기 쉽게 구성했습니다.","81"
"구로구\신도림동\index.html","서울 구로구 신도림동 출장마사지 | 이용지역 예약문의 정보 | 한국미인테라피","42","서울 구로구 신도림동 출장마사지 지역정보와 이용시간을 기준으로 세부 범위를 확인할 수 있습니다. 원하는 위치의 시간대 정보를 함께 정리했습니다.","80"
"구로구\오류동\index.html","서울 구로구 오류동 출장마사지 | 지역 범위 이용시간 확인 | 한국미인테라피","42","서울 구로구 오류동 출장마사지 지역 안내와 이용시간 정보를 한곳에서 확인할 수 있습니다. 세부 위치별 이용 범위와 시간대 정보를 함께 살펴볼 수 있습니다.","86"
"구로구\항동\index.html","서울 구로구 항동 출장마사지 | 이용권역 예약시간 안내 | 한국미인테라피","40","서울 구로구 항동 출장마사지 이용지역 정보를 바탕으로 시간대와 세부 범위를 안내합니다. 지역별 이용시간을 한눈에 확인할 수 있도록 정리했습니다.","80"
"구리시\index.html","구리 출장마사지 | 지역 선택 이용시간 안내 | 한국미인테라피","34","구리 출장마사지 이용 가능지역과 시간대 정보를 중심으로 구성했습니다. 원하는 지역의 세부 범위와 이용시간을 확인해보세요.","67"
"구리시\갈매동\index.html","구리 갈매동 출장마사지 | 지역 범위 이용시간 확인 | 한국미인테라피","38","구리 갈매동 출장마사지 지역 안내와 이용시간 정보를 한곳에서 확인할 수 있습니다. 세부 위치별 이용 범위와 시간대 정보를 함께 살펴볼 수 있습니다.","82"
"구리시\교문동\index.html","구리 교문동 출장마사지 | 이용지역 예약문의 정보 | 한국미인테라피","37","구리 교문동 출장마사지 지역과 시간대 정보를 중심으로 이용 범위를 정리했습니다. 원하는 세부 위치의 이용정보와 시간을 함께 확인할 수 있습니다.","80"
"구리시\동구동\index.html","구리 동구동 출장마사지 | 이용권역 예약시간 안내 | 한국미인테라피","37","구리 동구동 출장마사지 이용지역에 따른 범위와 시간대 정보를 안내합니다. 세부 위치별 지역정보와 이용시간을 확인할 수 있습니다.","71"
"구리시\수택동\index.html","구리 수택동 출장마사지 | 이용권역 예약시간 안내 | 한국미인테라피","37","구리 수택동 출장마사지 이용 가능지역과 시간대 정보를 중심으로 구성했습니다. 원하는 지역의 세부 범위와 이용시간을 확인해보세요.","71"
"구리시\인창동\index.html","구리 인창동 출장마사지 | 이용권역 예약시간 안내 | 한국미인테라피","37","구리 인창동 출장마사지 지역정보와 이용 가능 시간대를 확인할 수 있습니다. 세부 지역별 범위와 시간 정보를 보기 쉽게 정리했습니다.","73"
"군포시\index.html","군포 출장마사지 | 지역별 이용범위 문의 안내 | 한국미인테라피","35","군포 출장마사지 이용 범위를 세부 지역과 시간대 기준으로 확인할 수 있습니다. 위치별 지역정보와 이용시간을 보기 쉽게 구성했습니다.","73"
"군포시\광정동\index.html","군포 광정동 출장마사지 | 이용 가능지역 시간 확인 | 한국미인테라피","38","군포 광정동 출장마사지 지역별 범위와 이용시간 정보를 정리해 안내합니다. 원하는 위치에 맞춰 세부 지역정보와 시간대를 확인할 수 있습니다.","77"
"군포시\군포동\index.html","군포 군포동 출장마사지 | 이용지역 예약문의 정보 | 한국미인테라피","37","군포 군포동 출장마사지 지역과 시간대 정보를 중심으로 이용 범위를 정리했습니다. 원하는 세부 위치의 이용정보와 시간을 함께 확인할 수 있습니다.","80"
"군포시\궁내동\index.html","군포 궁내동 출장마사지 | 지역 범위와 시간대 안내 | 한국미인테라피","38","군포 궁내동 출장마사지 지역정보를 기준으로 이용 가능한 범위와 시간대를 살펴볼 수 있습니다. 세부 위치와 이용시간을 한 페이지에서 확인할 수 있습니다.","84"
"군포시\금정동\index.html","군포 금정동 출장마사지 | 지역 범위와 시간대 안내 | 한국미인테라피","38","군포 금정동 출장마사지 지역별 이용정보와 시간대를 확인할 수 있도록 구성했습니다. 세부 위치에 따라 이용 범위와 시간 정보를 살펴볼 수 있습니다.","81"
"군포시\대야동\index.html","군포 대야동 출장마사지 | 이용지역 예약문의 정보 | 한국미인테라피","37","군포 대야동 출장마사지 지역별 범위와 이용시간 정보를 정리해 안내합니다. 원하는 위치에 맞춰 세부 지역정보와 시간대를 확인할 수 있습니다.","77"
"군포시\산본동\index.html","군포 산본동 출장마사지 | 지역 범위 이용시간 확인 | 한국미인테라피","38","군포 산본동 출장마사지 지역 범위와 시간대별 이용정보를 확인할 수 있습니다. 세부 위치를 기준으로 이용시간과 지역정보를 함께 살펴볼 수 있습니다.","81"
"군포시\송부동\index.html","군포 송부동 출장마사지 | 이용권역 예약시간 안내 | 한국미인테라피","37","군포 송부동 출장마사지 이용지역 정보를 바탕으로 시간대와 세부 범위를 안내합니다. 지역별 이용시간을 한눈에 확인할 수 있도록 정리했습니다.","77"
"군포시\수리동\index.html","군포 수리동 출장마사지 | 이용지역 예약문의 정보 | 한국미인테라피","37","군포 수리동 출장마사지 이용 범위와 시간 정보를 지역별로 정리했습니다. 원하는 세부 지역의 이용시간과 관련 정보를 함께 확인할 수 있습니다.","78"
"군포시\오금동\index.html","군포 오금동 출장마사지 | 이용지역 예약문의 정보 | 한국미인테라피","37","군포 오금동 출장마사지 지역과 시간대 정보를 중심으로 이용 범위를 정리했습니다. 원하는 세부 위치의 이용정보와 시간을 함께 확인할 수 있습니다.","80"
"군포시\재궁동\index.html","군포 재궁동 출장마사지 | 지역 범위와 시간대 안내 | 한국미인테라피","38","군포 재궁동 출장마사지 지역별 이용정보와 시간대를 확인할 수 있도록 구성했습니다. 세부 위치에 따라 이용 범위와 시간 정보를 살펴볼 수 있습니다.","81"
"금천구\index.html","서울 금천구 출장마사지 | 지역별 이용범위 문의 안내 | 한국미인테라피","39","서울 금천구 출장마사지 이용 범위를 세부 지역과 시간대 기준으로 확인할 수 있습니다. 위치별 지역정보와 이용시간을 보기 쉽게 구성했습니다.","77"
"금천구\가산동\index.html","서울 금천구 가산동 출장마사지 | 지역 범위 이용시간 확인 | 한국미인테라피","42","서울 금천구 가산동 출장마사지 지역 안내와 이용시간 정보를 한곳에서 확인할 수 있습니다. 세부 위치별 이용 범위와 시간대 정보를 함께 살펴볼 수 있습니다.","86"
"금천구\독산동\index.html","서울 금천구 독산동 출장마사지 | 지역 범위와 시간대 안내 | 한국미인테라피","42","서울 금천구 독산동 출장마사지 이용지역과 세부 시간 정보를 확인할 수 있습니다. 지역별 범위와 원하는 시간대를 살펴보기 쉽게 구성했습니다.","77"
"금천구\시흥동\index.html","서울 금천구 시흥동 출장마사지 | 이용권역 예약시간 안내 | 한국미인테라피","41","서울 금천구 시흥동 출장마사지 이용 가능 범위와 시간대를 지역정보 중심으로 확인할 수 있습니다. 세부 지역별 이용시간도 함께 살펴볼 수 있습니다.","81"
"김포시\index.html","김포 출장마사지 | 지역별 이용범위 문의 안내 | 한국미인테라피","35","김포 출장마사지 이용 범위를 세부 지역과 시간대 기준으로 확인할 수 있습니다. 위치별 지역정보와 이용시간을 보기 쉽게 구성했습니다.","73"
"김포시\고촌읍\index.html","김포 고촌읍 출장마사지 | 지역 범위 이용시간 확인 | 한국미인테라피","38","김포 고촌읍 출장마사지 지역별 이용 범위와 시간 정보를 한 페이지에 정리했습니다. 원하는 위치를 기준으로 세부 시간대와 지역정보를 살펴볼 수 있습니다.","84"
"김포시\구래동\index.html","김포 구래동 출장마사지 | 이용지역 예약문의 정보 | 한국미인테라피","37","김포 구래동 출장마사지 지역별 범위와 이용시간 정보를 정리해 안내합니다. 원하는 위치에 맞춰 세부 지역정보와 시간대를 확인할 수 있습니다.","77"
"김포시\김포본동\index.html","김포 김포본동 출장마사지 | 이용지역 예약문의 정보 | 한국미인테라피","38","김포 김포본동 출장마사지 이용지역과 시간대 정보를 중심으로 안내합니다. 원하는 위치의 세부 지역정보와 이용시간을 확인할 수 있습니다.","74"
"김포시\대곶면\index.html","김포 대곶면 출장마사지 | 이용권역 예약시간 안내 | 한국미인테라피","37","김포 대곶면 출장마사지 이용지역별 범위와 시간대를 보기 쉽게 안내합니다. 세부 지역에 따라 이용시간과 관련 정보를 확인할 수 있습니다.","75"
"김포시\마산동\index.html","김포 마산동 출장마사지 | 지역 범위 이용시간 확인 | 한국미인테라피","38","김포 마산동 출장마사지 지역별 이용 범위와 시간 정보를 한 페이지에 정리했습니다. 원하는 위치를 기준으로 세부 시간대와 지역정보를 살펴볼 수 있습니다.","84"
"김포시\사우동\index.html","김포 사우동 출장마사지 | 이용지역 예약문의 정보 | 한국미인테라피","37","김포 사우동 출장마사지 지역별 범위와 이용시간 정보를 정리해 안내합니다. 원하는 위치에 맞춰 세부 지역정보와 시간대를 확인할 수 있습니다.","77"
"김포시\양촌읍\index.html","김포 양촌읍 출장마사지 | 이용권역 예약시간 안내 | 한국미인테라피","37","김포 양촌읍 출장마사지 관련 지역 범위와 이용시간을 보기 쉽게 정리했습니다. 세부 지역을 선택해 해당 위치의 시간대 정보를 확인할 수 있습니다.","80"
"김포시\운양동\index.html","김포 운양동 출장마사지 | 지역 범위와 시간대 안내 | 한국미인테라피","38","김포 운양동 출장마사지 이용정보를 지역과 시간대 기준으로 확인할 수 있습니다. 세부 위치별 이용 범위와 시간 정보를 함께 살펴볼 수 있습니다.","79"
"김포시\월곶면\index.html","김포 월곶면 출장마사지 | 지역 범위와 시간대 안내 | 한국미인테라피","38","김포 월곶면 출장마사지 이용지역에 따른 범위와 시간대 정보를 안내합니다. 세부 위치별 지역정보와 이용시간을 확인할 수 있습니다.","71"
"김포시\장기동\index.html","김포 장기동 출장마사지 | 지역 범위와 시간대 안내 | 한국미인테라피","38","김포 장기동 출장마사지 이용지역별 범위와 시간대를 보기 쉽게 안내합니다. 세부 지역에 따라 이용시간과 관련 정보를 확인할 수 있습니다.","75"
"김포시\장기본동\index.html","김포 장기본동 출장마사지 | 지역 범위와 시간대 안내 | 한국미인테라피","39","김포 장기본동 출장마사지 지역정보를 기준으로 이용 가능한 범위와 시간대를 살펴볼 수 있습니다. 세부 위치와 이용시간을 한 페이지에서 확인할 수 있습니다.","85"
"김포시\통진읍\index.html","김포 통진읍 출장마사지 | 지역 범위와 시간대 안내 | 한국미인테라피","38","김포 통진읍 출장마사지 이용지역과 세부 시간 정보를 확인할 수 있습니다. 지역별 범위와 원하는 시간대를 살펴보기 쉽게 구성했습니다.","73"
"김포시\풍무동\index.html","김포 풍무동 출장마사지 | 이용권역 예약시간 안내 | 한국미인테라피","37","김포 풍무동 출장마사지 이용지역에 따른 범위와 시간대 정보를 안내합니다. 세부 위치별 지역정보와 이용시간을 확인할 수 있습니다.","71"
"김포시\하성면\index.html","김포 하성면 출장마사지 | 이용지역 예약문의 정보 | 한국미인테라피","37","김포 하성면 출장마사지 지역 범위와 이용 가능 시간 정보를 확인할 수 있습니다. 원하는 세부 지역의 이용시간과 관련 정보를 보기 쉽게 정리했습니다.","82"
"남동구\index.html","인천 남동구 출장마사지 | 지역 범위 이용시간 확인 | 한국미인테라피","38","인천 남동구 출장마사지 지역정보와 이용시간을 기준으로 세부 범위를 확인할 수 있습니다. 원하는 위치의 시간대 정보를 함께 정리했습니다.","75"
"남동구\간석동\index.html","인천 남동구 간석동 출장마사지 | 이용 가능지역 시간 확인 | 한국미인테라피","42","인천 남동구 간석동 출장마사지 지역 범위와 이용 가능 시간 정보를 확인할 수 있습니다. 원하는 세부 지역의 이용시간과 관련 정보를 보기 쉽게 정리했습니다.","86"
"남동구\고잔동\index.html","인천 남동구 고잔동 출장마사지 | 이용권역 예약시간 안내 | 한국미인테라피","41","인천 남동구 고잔동 출장마사지 이용 가능 범위와 시간대를 지역정보 중심으로 확인할 수 있습니다. 세부 지역별 이용시간도 함께 살펴볼 수 있습니다.","81"
"남동구\구월동\index.html","인천 남동구 구월동 출장마사지 | 지역 범위와 시간대 안내 | 한국미인테라피","42","인천 남동구 구월동 출장마사지 이용정보를 지역과 시간대 기준으로 확인할 수 있습니다. 세부 위치별 이용 범위와 시간 정보를 함께 살펴볼 수 있습니다.","83"
"남동구\남촌동\index.html","인천 남동구 남촌동 출장마사지 | 이용권역 예약시간 안내 | 한국미인테라피","41","인천 남동구 남촌동 출장마사지 이용 가능지역과 시간대 정보를 중심으로 구성했습니다. 원하는 지역의 세부 범위와 이용시간을 확인해보세요.","75"
"남동구\논현동\index.html","인천 남동구 논현동 출장마사지 | 지역 범위와 시간대 안내 | 한국미인테라피","42","인천 남동구 논현동 출장마사지 이용정보를 지역과 시간대 기준으로 확인할 수 있습니다. 세부 위치별 이용 범위와 시간 정보를 함께 살펴볼 수 있습니다.","83"
"남동구\도림동\index.html","인천 남동구 도림동 출장마사지 | 지역 범위와 시간대 안내 | 한국미인테라피","42","인천 남동구 도림동 출장마사지 이용 범위를 세부 지역과 시간대 기준으로 확인할 수 있습니다. 위치별 지역정보와 이용시간을 보기 쉽게 구성했습니다.","81"
"남동구\만수동\index.html","인천 남동구 만수동 출장마사지 | 이용권역 예약시간 안내 | 한국미인테라피","41","인천 남동구 만수동 출장마사지 이용 가능 범위와 시간대를 지역정보 중심으로 확인할 수 있습니다. 세부 지역별 이용시간도 함께 살펴볼 수 있습니다.","81"
"남동구\서창동\index.html","인천 남동구 서창동 출장마사지 | 이용 가능지역 시간 확인 | 한국미인테라피","42","인천 남동구 서창동 출장마사지 이용지역을 기준으로 세부 범위와 시간대 정보를 확인할 수 있습니다. 원하는 위치의 지역정보와 이용시간을 함께 살펴보세요.","84"
"남동구\장수동\index.html","인천 남동구 장수동 출장마사지 | 가까운 지역 시간대 정보 | 한국미인테라피","42","인천 남동구 장수동 출장마사지 지역별 이용 범위와 시간 정보를 한 페이지에 정리했습니다. 원하는 위치를 기준으로 세부 시간대와 지역정보를 살펴볼 수 있습니다.","88"
"남양주시\index.html","남양주 출장마사지 | 이용지역 예약문의 정보 | 한국미인테라피","34","남양주 출장마사지 지역정보를 바탕으로 이용 범위와 시간대를 확인할 수 있습니다. 세부 지역별 이용시간과 위치 정보를 함께 정리했습니다.","75"
"남양주시\금곡동\index.html","남양주 금곡동 출장마사지 | 가까운 지역 시간대 정보 | 한국미인테라피","39","남양주 금곡동 출장마사지 지역 범위와 이용 가능 시간 정보를 확인할 수 있습니다. 원하는 세부 지역의 이용시간과 관련 정보를 보기 쉽게 정리했습니다.","83"
"남양주시\다산동\index.html","남양주 다산동 출장마사지 | 지역 범위와 시간대 안내 | 한국미인테라피","39","남양주 다산동 출장마사지 지역정보와 이용 가능 시간대를 확인할 수 있습니다. 세부 지역별 범위와 시간 정보를 보기 쉽게 정리했습니다.","74"
"남양주시\별내동\index.html","남양주 별내동 출장마사지 | 이용권역 예약시간 안내 | 한국미인테라피","38","남양주 별내동 출장마사지 이용 범위를 세부 지역과 시간대 기준으로 확인할 수 있습니다. 위치별 지역정보와 이용시간을 보기 쉽게 구성했습니다.","78"
"남양주시\별내면\index.html","남양주 별내면 출장마사지 | 이용지역 예약문의 정보 | 한국미인테라피","38","남양주 별내면 출장마사지 지역정보와 이용시간을 기준으로 세부 범위를 확인할 수 있습니다. 원하는 위치의 시간대 정보를 함께 정리했습니다.","76"
"남양주시\수동면\index.html","남양주 수동면 출장마사지 | 지역 범위와 시간대 안내 | 한국미인테라피","39","남양주 수동면 출장마사지 이용지역과 세부 시간 정보를 확인할 수 있습니다. 지역별 범위와 원하는 시간대를 살펴보기 쉽게 구성했습니다.","74"
"남양주시\양정동\index.html","남양주 양정동 출장마사지 | 지역 선택 이용시간 안내 | 한국미인테라피","39","남양주 양정동 출장마사지 이용 가능 범위와 시간대를 지역정보 중심으로 확인할 수 있습니다. 세부 지역별 이용시간도 함께 살펴볼 수 있습니다.","78"
"남양주시\오남읍\index.html","남양주 오남읍 출장마사지 | 이용권역 예약시간 안내 | 한국미인테라피","38","남양주 오남읍 출장마사지 이용 범위를 세부 지역과 시간대 기준으로 확인할 수 있습니다. 위치별 지역정보와 이용시간을 보기 쉽게 구성했습니다.","78"
"남양주시\와부읍\index.html","남양주 와부읍 출장마사지 | 지역 범위와 시간대 안내 | 한국미인테라피","39","남양주 와부읍 출장마사지 지역정보와 이용 가능 시간대를 확인할 수 있습니다. 세부 지역별 범위와 시간 정보를 보기 쉽게 정리했습니다.","74"
"남양주시\조안면\index.html","남양주 조안면 출장마사지 | 이용지역 예약문의 정보 | 한국미인테라피","38","남양주 조안면 출장마사지 이용지역과 시간대 정보를 중심으로 안내합니다. 원하는 위치의 세부 지역정보와 이용시간을 확인할 수 있습니다.","74"
"남양주시\진건읍\index.html","남양주 진건읍 출장마사지 | 지역 범위와 시간대 안내 | 한국미인테라피","39","남양주 진건읍 출장마사지 지역정보와 이용 가능 시간대를 확인할 수 있습니다. 세부 지역별 범위와 시간 정보를 보기 쉽게 정리했습니다.","74"
"남양주시\진접읍\index.html","남양주 진접읍 출장마사지 | 가까운 지역 시간대 정보 | 한국미인테라피","39","남양주 진접읍 출장마사지 이용지역을 기준으로 세부 범위와 시간대 정보를 확인할 수 있습니다. 원하는 위치의 지역정보와 이용시간을 함께 살펴보세요.","81"
"남양주시\퇴계원읍\index.html","남양주 퇴계원읍 출장마사지 | 지역 범위와 시간대 안내 | 한국미인테라피","40","남양주 퇴계원읍 출장마사지 이용정보를 지역과 시간대 기준으로 확인할 수 있습니다. 세부 위치별 이용 범위와 시간 정보를 함께 살펴볼 수 있습니다.","81"
"남양주시\평내동\index.html","남양주 평내동 출장마사지 | 이용 가능지역 시간 확인 | 한국미인테라피","39","남양주 평내동 출장마사지 지역 범위와 시간대별 이용정보를 확인할 수 있습니다. 세부 위치를 기준으로 이용시간과 지역정보를 함께 살펴볼 수 있습니다.","82"
"남양주시\호평동\index.html","남양주 호평동 출장마사지 | 가까운 지역 시간대 정보 | 한국미인테라피","39","남양주 호평동 출장마사지 이용지역을 기준으로 세부 범위와 시간대 정보를 확인할 수 있습니다. 원하는 위치의 지역정보와 이용시간을 함께 살펴보세요.","81"
"남양주시\화도읍\index.html","남양주 화도읍 출장마사지 | 지역 범위와 시간대 안내 | 한국미인테라피","39","남양주 화도읍 출장마사지 이용 가능 범위와 시간대를 지역정보 중심으로 확인할 수 있습니다. 세부 지역별 이용시간도 함께 살펴볼 수 있습니다.","78"
"노원구\index.html","서울 노원구 출장마사지 | 지역 선택 이용시간 안내 | 한국미인테라피","38","서울 노원구 출장마사지 이용 가능 범위와 시간대를 지역정보 중심으로 확인할 수 있습니다. 세부 지역별 이용시간도 함께 살펴볼 수 있습니다.","77"
"노원구\공릉동\index.html","서울 노원구 공릉동 출장마사지 | 가까운 지역 시간대 정보 | 한국미인테라피","42","서울 노원구 공릉동 출장마사지 지역별 이용 범위와 시간 정보를 한 페이지에 정리했습니다. 원하는 위치를 기준으로 세부 시간대와 지역정보를 살펴볼 수 있습니다.","88"
"노원구\상계3,동\index.html","서울 노원구 상계3,동 출장마사지 | 지역 범위 이용시간 확인 | 한국미인테라피","44","서울 노원구 상계3,동 출장마사지 지역 안내와 이용시간 정보를 한곳에서 확인할 수 있습니다. 세부 위치별 이용 범위와 시간대 정보를 함께 살펴볼 수 있습니다.","88"
"노원구\상계6,동\index.html","서울 노원구 상계6,동 출장마사지 | 지역별 이용범위 문의 안내 | 한국미인테라피","45","서울 노원구 상계6,동 출장마사지 이용정보를 지역과 시간대 기준으로 확인할 수 있습니다. 세부 위치별 이용 범위와 시간 정보를 함께 살펴볼 수 있습니다.","85"
"노원구\상계동\index.html","서울 노원구 상계동 출장마사지 | 이용권역 예약시간 안내 | 한국미인테라피","41","서울 노원구 상계동 출장마사지 관련 지역 범위와 이용시간을 보기 쉽게 정리했습니다. 세부 지역을 선택해 해당 위치의 시간대 정보를 확인할 수 있습니다.","84"
"노원구\월계동\index.html","서울 노원구 월계동 출장마사지 | 이용지역 예약문의 정보 | 한국미인테라피","41","서울 노원구 월계동 출장마사지 지역과 시간대 정보를 중심으로 이용 범위를 정리했습니다. 원하는 세부 위치의 이용정보와 시간을 함께 확인할 수 있습니다.","84"
"노원구\중계2,동\index.html","서울 노원구 중계2,동 출장마사지 | 지역 선택 이용시간 안내 | 한국미인테라피","44","서울 노원구 중계2,동 출장마사지 이용 가능 범위와 시간대를 지역정보 중심으로 확인할 수 있습니다. 세부 지역별 이용시간도 함께 살펴볼 수 있습니다.","83"
"노원구\중계동\index.html","서울 노원구 중계동 출장마사지 | 이용권역 예약시간 안내 | 한국미인테라피","41","서울 노원구 중계동 출장마사지 이용지역 정보를 바탕으로 시간대와 세부 범위를 안내합니다. 지역별 이용시간을 한눈에 확인할 수 있도록 정리했습니다.","81"
"노원구\중계본동\index.html","서울 노원구 중계본동 출장마사지 | 이용권역 예약시간 안내 | 한국미인테라피","42","서울 노원구 중계본동 출장마사지 이용지역에 따른 범위와 시간대 정보를 안내합니다. 세부 위치별 지역정보와 이용시간을 확인할 수 있습니다.","76"
"노원구\하계동\index.html","서울 노원구 하계동 출장마사지 | 지역 범위 이용시간 확인 | 한국미인테라피","42","서울 노원구 하계동 출장마사지 지역 안내와 이용시간 정보를 한곳에서 확인할 수 있습니다. 세부 위치별 이용 범위와 시간대 정보를 함께 살펴볼 수 있습니다.","86"
"도봉구\index.html","서울 도봉구 출장마사지 | 이용지역 예약문의 정보 | 한국미인테라피","37","서울 도봉구 출장마사지 이용지역을 기준으로 세부 범위와 시간대 정보를 확인할 수 있습니다. 원하는 위치의 지역정보와 이용시간을 함께 살펴보세요.","80"
"도봉구\도봉동\index.html","서울 도봉구 도봉동 출장마사지 | 이용 가능지역 시간 확인 | 한국미인테라피","42","서울 도봉구 도봉동 출장마사지 지역 범위와 이용 가능 시간 정보를 확인할 수 있습니다. 원하는 세부 지역의 이용시간과 관련 정보를 보기 쉽게 정리했습니다.","86"
"도봉구\방학동\index.html","서울 도봉구 방학동 출장마사지 | 지역별 이용범위 문의 안내 | 한국미인테라피","43","서울 도봉구 방학동 출장마사지 지역정보와 이용 가능 시간대를 확인할 수 있습니다. 세부 지역별 범위와 시간 정보를 보기 쉽게 정리했습니다.","77"
"도봉구\쌍문동\index.html","서울 도봉구 쌍문동 출장마사지 | 이용 가능지역 시간 확인 | 한국미인테라피","42","서울 도봉구 쌍문동 출장마사지 이용 범위와 시간 정보를 지역별로 정리했습니다. 원하는 세부 지역의 이용시간과 관련 정보를 함께 확인할 수 있습니다.","82"
"도봉구\창동\index.html","서울 도봉구 창동 출장마사지 | 이용 가능지역 시간 확인 | 한국미인테라피","41","서울 도봉구 창동 출장마사지 지역정보를 바탕으로 이용 범위와 시간대를 확인할 수 있습니다. 세부 지역별 이용시간과 위치 정보를 함께 정리했습니다.","81"
"동대문구\index.html","서울 동대문구 출장마사지 | 지역 범위 이용시간 확인 | 한국미인테라피","39","서울 동대문구 출장마사지 지역 범위와 시간대별 이용정보를 확인할 수 있습니다. 세부 위치를 기준으로 이용시간과 지역정보를 함께 살펴볼 수 있습니다.","82"
"동대문구\답십리동\index.html","서울 동대문구 답십리동 출장마사지 | 지역별 이용범위 문의 안내 | 한국미인테라피","45","서울 동대문구 답십리동 출장마사지 이용지역 정보를 바탕으로 시간대와 세부 범위를 안내합니다. 지역별 이용시간을 한눈에 확인할 수 있도록 정리했습니다.","83"
"동대문구\신설동\index.html","서울 동대문구 신설동 출장마사지 | 이용권역 예약시간 안내 | 한국미인테라피","42","서울 동대문구 신설동 출장마사지 관련 지역 범위와 이용시간을 보기 쉽게 정리했습니다. 세부 지역을 선택해 해당 위치의 시간대 정보를 확인할 수 있습니다.","85"
"동대문구\용두동\index.html","서울 동대문구 용두동 출장마사지 | 이용 가능지역 시간 확인 | 한국미인테라피","43","서울 동대문구 용두동 출장마사지 지역정보를 바탕으로 이용 범위와 시간대를 확인할 수 있습니다. 세부 지역별 이용시간과 위치 정보를 함께 정리했습니다.","83"
"동대문구\이문동\index.html","서울 동대문구 이문동 출장마사지 | 이용권역 예약시간 안내 | 한국미인테라피","42","서울 동대문구 이문동 출장마사지 관련 지역 범위와 이용시간을 보기 쉽게 정리했습니다. 세부 지역을 선택해 해당 위치의 시간대 정보를 확인할 수 있습니다.","85"
"동대문구\장안동\index.html","서울 동대문구 장안동 출장마사지 | 가까운 지역 시간대 정보 | 한국미인테라피","43","서울 동대문구 장안동 출장마사지 지역 범위와 이용 가능 시간 정보를 확인할 수 있습니다. 원하는 세부 지역의 이용시간과 관련 정보를 보기 쉽게 정리했습니다.","87"
"동대문구\전농동\index.html","서울 동대문구 전농동 출장마사지 | 이용 가능지역 시간 확인 | 한국미인테라피","43","서울 동대문구 전농동 출장마사지 지역과 시간대 정보를 중심으로 이용 범위를 정리했습니다. 원하는 세부 위치의 이용정보와 시간을 함께 확인할 수 있습니다.","85"
"동대문구\제기동\index.html","서울 동대문구 제기동 출장마사지 | 이용권역 예약시간 안내 | 한국미인테라피","42","서울 동대문구 제기동 출장마사지 이용지역에 따른 범위와 시간대 정보를 안내합니다. 세부 위치별 지역정보와 이용시간을 확인할 수 있습니다.","76"
"동대문구\청량리동\index.html","서울 동대문구 청량리동 출장마사지 | 지역 선택 이용시간 안내 | 한국미인테라피","44","서울 동대문구 청량리동 출장마사지 이용지역과 세부 시간 정보를 확인할 수 있습니다. 지역별 범위와 원하는 시간대를 살펴보기 쉽게 구성했습니다.","79"
"동대문구\회기동\index.html","서울 동대문구 회기동 출장마사지 | 이용권역 예약시간 안내 | 한국미인테라피","42","서울 동대문구 회기동 출장마사지 이용지역에 따른 범위와 시간대 정보를 안내합니다. 세부 위치별 지역정보와 이용시간을 확인할 수 있습니다.","76"
"동대문구\휘경동\index.html","서울 동대문구 휘경동 출장마사지 | 가까운 지역 시간대 정보 | 한국미인테라피","43","서울 동대문구 휘경동 출장마사지 지역별 이용 범위와 시간 정보를 한 페이지에 정리했습니다. 원하는 위치를 기준으로 세부 시간대와 지역정보를 살펴볼 수 있습니다.","89"
"동두천시\index.html","동두천 출장마사지 | 이용지역 예약문의 정보 | 한국미인테라피","34","동두천 출장마사지 지역별 범위와 이용시간 정보를 정리해 안내합니다. 원하는 위치에 맞춰 세부 지역정보와 시간대를 확인할 수 있습니다.","74"
"동두천시\보산동\index.html","동두천 보산동 출장마사지 | 지역 범위와 시간대 안내 | 한국미인테라피","39","동두천 보산동 출장마사지 지역정보를 기준으로 이용 가능한 범위와 시간대를 살펴볼 수 있습니다. 세부 위치와 이용시간을 한 페이지에서 확인할 수 있습니다.","85"
"동두천시\불현동\index.html","동두천 불현동 출장마사지 | 지역 범위와 시간대 안내 | 한국미인테라피","39","동두천 불현동 출장마사지 지역정보를 기준으로 이용 가능한 범위와 시간대를 살펴볼 수 있습니다. 세부 위치와 이용시간을 한 페이지에서 확인할 수 있습니다.","85"
"동두천시\상패동\index.html","동두천 상패동 출장마사지 | 가까운 지역 시간대 정보 | 한국미인테라피","39","동두천 상패동 출장마사지 지역 범위와 이용 가능 시간 정보를 확인할 수 있습니다. 원하는 세부 지역의 이용시간과 관련 정보를 보기 쉽게 정리했습니다.","83"
"동두천시\생연동\index.html","동두천 생연동 출장마사지 | 이용 가능지역 시간 확인 | 한국미인테라피","39","동두천 생연동 출장마사지 지역정보와 이용시간을 기준으로 세부 범위를 확인할 수 있습니다. 원하는 위치의 시간대 정보를 함께 정리했습니다.","76"
"동두천시\소요동\index.html","동두천 소요동 출장마사지 | 이용권역 예약시간 안내 | 한국미인테라피","38","동두천 소요동 출장마사지 관련 지역 범위와 이용시간을 보기 쉽게 정리했습니다. 세부 지역을 선택해 해당 위치의 시간대 정보를 확인할 수 있습니다.","81"
"동두천시\송내동\index.html","동두천 송내동 출장마사지 | 이용 가능지역 시간 확인 | 한국미인테라피","39","동두천 송내동 출장마사지 지역정보를 바탕으로 이용 범위와 시간대를 확인할 수 있습니다. 세부 지역별 이용시간과 위치 정보를 함께 정리했습니다.","79"
"동두천시\중앙동\index.html","동두천 중앙동 출장마사지 | 지역별 이용범위 문의 안내 | 한국미인테라피","40","동두천 중앙동 출장마사지 관련 지역 범위와 이용시간을 보기 쉽게 정리했습니다. 세부 지역을 선택해 해당 위치의 시간대 정보를 확인할 수 있습니다.","81"
"동작구\index.html","서울 동작구 출장마사지 | 이용권역 예약시간 안내 | 한국미인테라피","37","서울 동작구 출장마사지 이용 가능 범위와 시간대를 지역정보 중심으로 확인할 수 있습니다. 세부 지역별 이용시간도 함께 살펴볼 수 있습니다.","77"
"동작구\노량진동\index.html","서울 동작구 노량진동 출장마사지 | 지역별 이용범위 문의 안내 | 한국미인테라피","44","서울 동작구 노량진동 출장마사지 이용정보를 지역과 시간대 기준으로 확인할 수 있습니다. 세부 위치별 이용 범위와 시간 정보를 함께 살펴볼 수 있습니다.","84"
"동작구\대방동\index.html","서울 동작구 대방동 출장마사지 | 지역 선택 이용시간 안내 | 한국미인테라피","42","서울 동작구 대방동 출장마사지 이용정보를 지역과 시간대 기준으로 확인할 수 있습니다. 세부 위치별 이용 범위와 시간 정보를 함께 살펴볼 수 있습니다.","83"
"동작구\사당동\index.html","서울 동작구 사당동 출장마사지 | 지역별 이용범위 문의 안내 | 한국미인테라피","43","서울 동작구 사당동 출장마사지 이용 가능 범위와 시간대를 지역정보 중심으로 확인할 수 있습니다. 세부 지역별 이용시간도 함께 살펴볼 수 있습니다.","81"
"동작구\상도동\index.html","서울 동작구 상도동 출장마사지 | 지역별 이용범위 문의 안내 | 한국미인테라피","43","서울 동작구 상도동 출장마사지 이용지역에 따른 범위와 시간대 정보를 안내합니다. 세부 위치별 지역정보와 이용시간을 확인할 수 있습니다.","75"
"동작구\신대방동\index.html","서울 동작구 신대방동 출장마사지 | 지역 선택 이용시간 안내 | 한국미인테라피","43","서울 동작구 신대방동 출장마사지 지역정보를 기준으로 이용 가능한 범위와 시간대를 살펴볼 수 있습니다. 세부 위치와 이용시간을 한 페이지에서 확인할 수 있습니다.","89"
"동작구\흑석동\index.html","서울 동작구 흑석동 출장마사지 | 이용지역 예약문의 정보 | 한국미인테라피","41","서울 동작구 흑석동 출장마사지 지역별 이용 범위와 시간 정보를 한 페이지에 정리했습니다. 원하는 위치를 기준으로 세부 시간대와 지역정보를 살펴볼 수 있습니다.","88"
"마포구\index.html","서울 마포구 출장마사지 | 지역별 이용범위 문의 안내 | 한국미인테라피","39","서울 마포구 출장마사지 지역별 이용정보와 시간대를 확인할 수 있도록 구성했습니다. 세부 위치에 따라 이용 범위와 시간 정보를 살펴볼 수 있습니다.","81"
"마포구\공덕동\index.html","서울 마포구 공덕동 출장마사지 | 가까운 지역 시간대 정보 | 한국미인테라피","42","서울 마포구 공덕동 출장마사지 지역 범위와 시간대별 이용정보를 확인할 수 있습니다. 세부 위치를 기준으로 이용시간과 지역정보를 함께 살펴볼 수 있습니다.","85"
"마포구\대흥동\index.html","서울 마포구 대흥동 출장마사지 | 지역 범위와 시간대 안내 | 한국미인테라피","42","서울 마포구 대흥동 출장마사지 지역별 이용정보와 시간대를 확인할 수 있도록 구성했습니다. 세부 위치에 따라 이용 범위와 시간 정보를 살펴볼 수 있습니다.","85"
"마포구\도화동\index.html","서울 마포구 도화동 출장마사지 | 지역 범위 이용시간 확인 | 한국미인테라피","42","서울 마포구 도화동 출장마사지 지역 범위와 시간대별 이용정보를 확인할 수 있습니다. 세부 위치를 기준으로 이용시간과 지역정보를 함께 살펴볼 수 있습니다.","85"
"마포구\망원동\index.html","서울 마포구 망원동 출장마사지 | 지역 범위와 시간대 안내 | 한국미인테라피","42","서울 마포구 망원동 출장마사지 이용지역과 세부 시간 정보를 확인할 수 있습니다. 지역별 범위와 원하는 시간대를 살펴보기 쉽게 구성했습니다.","77"
"마포구\상암동\index.html","서울 마포구 상암동 출장마사지 | 지역 범위와 시간대 안내 | 한국미인테라피","42","서울 마포구 상암동 출장마사지 이용지역별 범위와 시간대를 보기 쉽게 안내합니다. 세부 지역에 따라 이용시간과 관련 정보를 확인할 수 있습니다.","79"
"마포구\서강동\index.html","서울 마포구 서강동 출장마사지 | 이용권역 예약시간 안내 | 한국미인테라피","41","서울 마포구 서강동 출장마사지 이용 가능지역과 시간대 정보를 중심으로 구성했습니다. 원하는 지역의 세부 범위와 이용시간을 확인해보세요.","75"
"마포구\서교동\index.html","서울 마포구 서교동 출장마사지 | 이용지역 예약문의 정보 | 한국미인테라피","41","서울 마포구 서교동 출장마사지 지역과 시간대 정보를 중심으로 이용 범위를 정리했습니다. 원하는 세부 위치의 이용정보와 시간을 함께 확인할 수 있습니다.","84"
"마포구\성산동\index.html","서울 마포구 성산동 출장마사지 | 이용권역 예약시간 안내 | 한국미인테라피","41","서울 마포구 성산동 출장마사지 이용지역에 따른 범위와 시간대 정보를 안내합니다. 세부 위치별 지역정보와 이용시간을 확인할 수 있습니다.","75"
"마포구\신수동\index.html","서울 마포구 신수동 출장마사지 | 지역 범위 이용시간 확인 | 한국미인테라피","42","서울 마포구 신수동 출장마사지 지역별 이용 범위와 시간 정보를 한 페이지에 정리했습니다. 원하는 위치를 기준으로 세부 시간대와 지역정보를 살펴볼 수 있습니다.","88"
"마포구\아현동\index.html","서울 마포구 아현동 출장마사지 | 지역 범위 이용시간 확인 | 한국미인테라피","42","서울 마포구 아현동 출장마사지 지역 범위와 시간대별 이용정보를 확인할 수 있습니다. 세부 위치를 기준으로 이용시간과 지역정보를 함께 살펴볼 수 있습니다.","85"
"마포구\연남동\index.html","서울 마포구 연남동 출장마사지 | 지역 범위 이용시간 확인 | 한국미인테라피","42","서울 마포구 연남동 출장마사지 지역별 이용 범위와 시간 정보를 한 페이지에 정리했습니다. 원하는 위치를 기준으로 세부 시간대와 지역정보를 살펴볼 수 있습니다.","88"
"마포구\염리동\index.html","서울 마포구 염리동 출장마사지 | 지역 범위 이용시간 확인 | 한국미인테라피","42","서울 마포구 염리동 출장마사지 지역 범위와 시간대별 이용정보를 확인할 수 있습니다. 세부 위치를 기준으로 이용시간과 지역정보를 함께 살펴볼 수 있습니다.","85"
"마포구\용강동\index.html","서울 마포구 용강동 출장마사지 | 이용 가능지역 시간 확인 | 한국미인테라피","42","서울 마포구 용강동 출장마사지 이용 범위와 시간 정보를 지역별로 정리했습니다. 원하는 세부 지역의 이용시간과 관련 정보를 함께 확인할 수 있습니다.","82"
"마포구\합정동\index.html","서울 마포구 합정동 출장마사지 | 이용 가능지역 시간 확인 | 한국미인테라피","42","서울 마포구 합정동 출장마사지 지역별 범위와 이용시간 정보를 정리해 안내합니다. 원하는 위치에 맞춰 세부 지역정보와 시간대를 확인할 수 있습니다.","81"
"미추홀구\index.html","인천 미추홀구 출장마사지 | 지역별 이용범위 문의 안내 | 한국미인테라피","40","인천 미추홀구 출장마사지 지역정보를 기준으로 이용 가능한 범위와 시간대를 살펴볼 수 있습니다. 세부 위치와 이용시간을 한 페이지에서 확인할 수 있습니다.","85"
"미추홀구\관교동\index.html","인천 미추홀구 관교동 출장마사지 | 지역 범위 이용시간 확인 | 한국미인테라피","43","인천 미추홀구 관교동 출장마사지 이용지역을 기준으로 세부 범위와 시간대 정보를 확인할 수 있습니다. 원하는 위치의 지역정보와 이용시간을 함께 살펴보세요.","85"
"미추홀구\도화동\index.html","인천 미추홀구 도화동 출장마사지 | 지역 범위 이용시간 확인 | 한국미인테라피","43","인천 미추홀구 도화동 출장마사지 이용지역을 기준으로 세부 범위와 시간대 정보를 확인할 수 있습니다. 원하는 위치의 지역정보와 이용시간을 함께 살펴보세요.","85"
"미추홀구\문학동\index.html","인천 미추홀구 문학동 출장마사지 | 이용권역 예약시간 안내 | 한국미인테라피","42","인천 미추홀구 문학동 출장마사지 관련 지역 범위와 이용시간을 보기 쉽게 정리했습니다. 세부 지역을 선택해 해당 위치의 시간대 정보를 확인할 수 있습니다.","85"
"미추홀구\숭의동\index.html","인천 미추홀구 숭의동 출장마사지 | 지역 범위와 시간대 안내 | 한국미인테라피","43","인천 미추홀구 숭의동 출장마사지 이용 가능 범위와 시간대를 지역정보 중심으로 확인할 수 있습니다. 세부 지역별 이용시간도 함께 살펴볼 수 있습니다.","82"
"미추홀구\용현동\index.html","인천 미추홀구 용현동 출장마사지 | 지역 범위와 시간대 안내 | 한국미인테라피","43","인천 미추홀구 용현동 출장마사지 지역정보와 이용 가능 시간대를 확인할 수 있습니다. 세부 지역별 범위와 시간 정보를 보기 쉽게 정리했습니다.","78"
"미추홀구\주안동\index.html","인천 미추홀구 주안동 출장마사지 | 이용지역 예약문의 정보 | 한국미인테라피","42","인천 미추홀구 주안동 출장마사지 지역정보와 이용시간을 기준으로 세부 범위를 확인할 수 있습니다. 원하는 위치의 시간대 정보를 함께 정리했습니다.","80"
"미추홀구\학익동\index.html","인천 미추홀구 학익동 출장마사지 | 이용 가능지역 시간 확인 | 한국미인테라피","43","인천 미추홀구 학익동 출장마사지 이용지역과 시간대 정보를 중심으로 안내합니다. 원하는 위치의 세부 지역정보와 이용시간을 확인할 수 있습니다.","78"
"부천소사구\index.html","부천 소사구 출장마사지 | 지역별 이용범위 문의 안내 | 한국미인테라피","39","부천 소사구 출장마사지 이용 범위를 세부 지역과 시간대 기준으로 확인할 수 있습니다. 위치별 지역정보와 이용시간을 보기 쉽게 구성했습니다.","77"
"부천소사구\괴안동\index.html","부천 소사구 괴안동 출장마사지 | 이용지역 예약문의 정보 | 한국미인테라피","41","부천 소사구 괴안동 출장마사지 지역과 시간대 정보를 중심으로 이용 범위를 정리했습니다. 원하는 세부 위치의 이용정보와 시간을 함께 확인할 수 있습니다.","84"
"부천소사구\범박동\index.html","부천 소사구 범박동 출장마사지 | 이용권역 예약시간 안내 | 한국미인테라피","41","부천 소사구 범박동 출장마사지 이용 가능지역과 시간대 정보를 중심으로 구성했습니다. 원하는 지역의 세부 범위와 이용시간을 확인해보세요.","75"
"부천소사구\소사본동\index.html","부천 소사구 소사본동 출장마사지 | 지역 범위 이용시간 확인 | 한국미인테라피","43","부천 소사구 소사본동 출장마사지 지역별 이용시간과 세부 범위를 확인할 수 있습니다. 원하는 위치에 따른 시간대 정보를 함께 살펴볼 수 있습니다.","80"
"부천소사구\송내동\index.html","부천 소사구 송내동 출장마사지 | 지역 범위와 시간대 안내 | 한국미인테라피","42","부천 소사구 송내동 출장마사지 이용지역별 범위와 시간대를 보기 쉽게 안내합니다. 세부 지역에 따라 이용시간과 관련 정보를 확인할 수 있습니다.","79"
"부천소사구\심곡본동\index.html","부천 소사구 심곡본동 출장마사지 | 지역 범위와 시간대 안내 | 한국미인테라피","43","부천 소사구 심곡본동 출장마사지 이용 가능지역과 시간대 정보를 중심으로 구성했습니다. 원하는 지역의 세부 범위와 이용시간을 확인해보세요.","76"
"부천소사구\역곡동\index.html","부천 소사구 역곡동 출장마사지 | 이용 가능지역 시간 확인 | 한국미인테라피","42","부천 소사구 역곡동 출장마사지 지역과 시간대 정보를 중심으로 이용 범위를 정리했습니다. 원하는 세부 위치의 이용정보와 시간을 함께 확인할 수 있습니다.","84"
"부천소사구\옥길동\index.html","부천 소사구 옥길동 출장마사지 | 지역 범위와 시간대 안내 | 한국미인테라피","42","부천 소사구 옥길동 출장마사지 지역정보를 기준으로 이용 가능한 범위와 시간대를 살펴볼 수 있습니다. 세부 위치와 이용시간을 한 페이지에서 확인할 수 있습니다.","88"
"부천시\index.html","부천 출장마사지 | 지역별 이용범위 문의 안내 | 한국미인테라피","35","부천 출장마사지 이용정보를 지역과 시간대 기준으로 확인할 수 있습니다. 세부 위치별 이용 범위와 시간 정보를 함께 살펴볼 수 있습니다.","75"
"부천오정구\index.html","부천 오정구 출장마사지 | 이용지역 예약문의 정보 | 한국미인테라피","37","부천 오정구 출장마사지 이용지역을 기준으로 세부 범위와 시간대 정보를 확인할 수 있습니다. 원하는 위치의 지역정보와 이용시간을 함께 살펴보세요.","80"
"부천오정구\고강동\index.html","부천 오정구 고강동 출장마사지 | 이용 가능지역 시간 확인 | 한국미인테라피","42","부천 오정구 고강동 출장마사지 지역별 이용시간과 세부 범위를 확인할 수 있습니다. 원하는 위치에 따른 시간대 정보를 함께 살펴볼 수 있습니다.","79"
"부천오정구\고강본동\index.html","부천 오정구 고강본동 출장마사지 | 이용 가능지역 시간 확인 | 한국미인테라피","43","부천 오정구 고강본동 출장마사지 지역 범위와 시간대별 이용정보를 확인할 수 있습니다. 세부 위치를 기준으로 이용시간과 지역정보를 함께 살펴볼 수 있습니다.","86"
"부천오정구\성곡동\index.html","부천 오정구 성곡동 출장마사지 | 지역별 이용범위 문의 안내 | 한국미인테라피","43","부천 오정구 성곡동 출장마사지 이용 가능 범위와 시간대를 지역정보 중심으로 확인할 수 있습니다. 세부 지역별 이용시간도 함께 살펴볼 수 있습니다.","81"
"부천오정구\신흥동\index.html","부천 오정구 신흥동 출장마사지 | 이용 가능지역 시간 확인 | 한국미인테라피","42","부천 오정구 신흥동 출장마사지 지역 범위와 이용 가능 시간 정보를 확인할 수 있습니다. 원하는 세부 지역의 이용시간과 관련 정보를 보기 쉽게 정리했습니다.","86"
"부천오정구\오정동\index.html","부천 오정구 오정동 출장마사지 | 가까운 지역 시간대 정보 | 한국미인테라피","42","부천 오정구 오정동 출장마사지 지역정보와 이용시간을 기준으로 세부 범위를 확인할 수 있습니다. 원하는 위치의 시간대 정보를 함께 정리했습니다.","79"
"부천오정구\원종동\index.html","부천 오정구 원종동 출장마사지 | 이용 가능지역 시간 확인 | 한국미인테라피","42","부천 오정구 원종동 출장마사지 지역별 이용시간과 세부 범위를 확인할 수 있습니다. 원하는 위치에 따른 시간대 정보를 함께 살펴볼 수 있습니다.","79"
"부천원미구\index.html","부천 원미구 출장마사지 | 지역별 이용범위 문의 안내 | 한국미인테라피","39","부천 원미구 출장마사지 지역별 이용정보와 시간대를 확인할 수 있도록 구성했습니다. 세부 위치에 따라 이용 범위와 시간 정보를 살펴볼 수 있습니다.","81"
"부천원미구\도당동\index.html","부천 원미구 도당동 출장마사지 | 지역 범위와 시간대 안내 | 한국미인테라피","42","부천 원미구 도당동 출장마사지 이용 범위를 세부 지역과 시간대 기준으로 확인할 수 있습니다. 위치별 지역정보와 이용시간을 보기 쉽게 구성했습니다.","81"
"부천원미구\상동\index.html","부천 원미구 상동 출장마사지 | 이용권역 예약시간 안내 | 한국미인테라피","40","부천 원미구 상동 출장마사지 이용지역 정보를 바탕으로 시간대와 세부 범위를 안내합니다. 지역별 이용시간을 한눈에 확인할 수 있도록 정리했습니다.","80"
"부천원미구\소사동\index.html","부천 원미구 소사동 출장마사지 | 지역 범위 이용시간 확인 | 한국미인테라피","42","부천 원미구 소사동 출장마사지 지역별 이용 범위와 시간 정보를 한 페이지에 정리했습니다. 원하는 위치를 기준으로 세부 시간대와 지역정보를 살펴볼 수 있습니다.","88"
"부천원미구\심곡동\index.html","부천 원미구 심곡동 출장마사지 | 지역 범위와 시간대 안내 | 한국미인테라피","42","부천 원미구 심곡동 출장마사지 지역별 이용정보와 시간대를 확인할 수 있도록 구성했습니다. 세부 위치에 따라 이용 범위와 시간 정보를 살펴볼 수 있습니다.","85"
"부천원미구\약대동\index.html","부천 원미구 약대동 출장마사지 | 지역 범위와 시간대 안내 | 한국미인테라피","42","부천 원미구 약대동 출장마사지 이용지역과 세부 시간 정보를 확인할 수 있습니다. 지역별 범위와 원하는 시간대를 살펴보기 쉽게 구성했습니다.","77"
"부천원미구\역곡동\index.html","부천 원미구 역곡동 출장마사지 | 이용 가능지역 시간 확인 | 한국미인테라피","42","부천 원미구 역곡동 출장마사지 지역과 시간대 정보를 중심으로 이용 범위를 정리했습니다. 원하는 세부 위치의 이용정보와 시간을 함께 확인할 수 있습니다.","84"
"부천원미구\원미동\index.html","부천 원미구 원미동 출장마사지 | 지역 범위 이용시간 확인 | 한국미인테라피","42","부천 원미구 원미동 출장마사지 지역 범위와 시간대별 이용정보를 확인할 수 있습니다. 세부 위치를 기준으로 이용시간과 지역정보를 함께 살펴볼 수 있습니다.","85"
"부천원미구\중동\index.html","부천 원미구 중동 출장마사지 | 이용권역 예약시간 안내 | 한국미인테라피","40","부천 원미구 중동 출장마사지 이용지역 정보를 바탕으로 시간대와 세부 범위를 안내합니다. 지역별 이용시간을 한눈에 확인할 수 있도록 정리했습니다.","80"
"부천원미구\춘의동\index.html","부천 원미구 춘의동 출장마사지 | 지역 범위 이용시간 확인 | 한국미인테라피","42","부천 원미구 춘의동 출장마사지 지역 범위와 시간대별 이용정보를 확인할 수 있습니다. 세부 위치를 기준으로 이용시간과 지역정보를 함께 살펴볼 수 있습니다.","85"
"부평구\index.html","인천 부평구 출장마사지 | 지역 범위 이용시간 확인 | 한국미인테라피","38","인천 부평구 출장마사지 지역정보를 바탕으로 이용 범위와 시간대를 확인할 수 있습니다. 세부 지역별 이용시간과 위치 정보를 함께 정리했습니다.","78"
"부평구\갈산동\index.html","인천 부평구 갈산동 출장마사지 | 지역 범위와 시간대 안내 | 한국미인테라피","42","인천 부평구 갈산동 출장마사지 이용 범위를 세부 지역과 시간대 기준으로 확인할 수 있습니다. 위치별 지역정보와 이용시간을 보기 쉽게 구성했습니다.","81"
"부평구\부개동\index.html","인천 부평구 부개동 출장마사지 | 이용권역 예약시간 안내 | 한국미인테라피","41","인천 부평구 부개동 출장마사지 이용 가능 범위와 시간대를 지역정보 중심으로 확인할 수 있습니다. 세부 지역별 이용시간도 함께 살펴볼 수 있습니다.","81"
"부평구\부평동\index.html","인천 부평구 부평동 출장마사지 | 이용 가능지역 시간 확인 | 한국미인테라피","42","인천 부평구 부평동 출장마사지 지역별 이용시간과 세부 범위를 확인할 수 있습니다. 원하는 위치에 따른 시간대 정보를 함께 살펴볼 수 있습니다.","79"
"부평구\산곡동\index.html","인천 부평구 산곡동 출장마사지 | 이용 가능지역 시간 확인 | 한국미인테라피","42","인천 부평구 산곡동 출장마사지 이용지역을 기준으로 세부 범위와 시간대 정보를 확인할 수 있습니다. 원하는 위치의 지역정보와 이용시간을 함께 살펴보세요.","84"
"부평구\삼산동\index.html","인천 부평구 삼산동 출장마사지 | 이용권역 예약시간 안내 | 한국미인테라피","41","인천 부평구 삼산동 출장마사지 이용 가능 범위와 시간대를 지역정보 중심으로 확인할 수 있습니다. 세부 지역별 이용시간도 함께 살펴볼 수 있습니다.","81"
"부평구\십정동\index.html","인천 부평구 십정동 출장마사지 | 지역 선택 이용시간 안내 | 한국미인테라피","42","인천 부평구 십정동 출장마사지 지역별 이용정보와 시간대를 확인할 수 있도록 구성했습니다. 세부 위치에 따라 이용 범위와 시간 정보를 살펴볼 수 있습니다.","85"
"부평구\일신동\index.html","인천 부평구 일신동 출장마사지 | 이용권역 예약시간 안내 | 한국미인테라피","41","인천 부평구 일신동 출장마사지 이용 가능지역과 시간대 정보를 중심으로 구성했습니다. 원하는 지역의 세부 범위와 이용시간을 확인해보세요.","75"
"부평구\청천동\index.html","인천 부평구 청천동 출장마사지 | 이용 가능지역 시간 확인 | 한국미인테라피","42","인천 부평구 청천동 출장마사지 지역과 시간대 정보를 중심으로 이용 범위를 정리했습니다. 원하는 세부 위치의 이용정보와 시간을 함께 확인할 수 있습니다.","84"
"서구\index.html","인천 서구 출장마사지 | 지역별 이용범위 문의 안내 | 한국미인테라피","38","인천 서구 출장마사지 지역정보를 기준으로 이용 가능한 범위와 시간대를 살펴볼 수 있습니다. 세부 위치와 이용시간을 한 페이지에서 확인할 수 있습니다.","83"
"서구\가정동\index.html","인천 서구 가정동 출장마사지 | 지역 범위와 시간대 안내 | 한국미인테라피","41","인천 서구 가정동 출장마사지 이용지역과 세부 시간 정보를 확인할 수 있습니다. 지역별 범위와 원하는 시간대를 살펴보기 쉽게 구성했습니다.","76"
"서구\가좌동\index.html","인천 서구 가좌동 출장마사지 | 이용지역 예약문의 정보 | 한국미인테라피","40","인천 서구 가좌동 출장마사지 이용지역과 시간대 정보를 중심으로 안내합니다. 원하는 위치의 세부 지역정보와 이용시간을 확인할 수 있습니다.","76"
"서구\검암동\index.html","인천 서구 검암동 출장마사지 | 이용지역 예약문의 정보 | 한국미인테라피","40","인천 서구 검암동 출장마사지 지역정보를 바탕으로 이용 범위와 시간대를 확인할 수 있습니다. 세부 지역별 이용시간과 위치 정보를 함께 정리했습니다.","81"
"서구\경서동\index.html","인천 서구 경서동 출장마사지 | 이용권역 예약시간 안내 | 한국미인테라피","40","인천 서구 경서동 출장마사지 이용정보를 지역과 시간대 기준으로 확인할 수 있습니다. 세부 위치별 이용 범위와 시간 정보를 함께 살펴볼 수 있습니다.","82"
"서구\석남동\index.html","인천 서구 석남동 출장마사지 | 지역 범위와 시간대 안내 | 한국미인테라피","41","인천 서구 석남동 출장마사지 지역정보와 이용 가능 시간대를 확인할 수 있습니다. 세부 지역별 범위와 시간 정보를 보기 쉽게 정리했습니다.","76"
"서구\신현동\index.html","인천 서구 신현동 출장마사지 | 이용지역 예약문의 정보 | 한국미인테라피","40","인천 서구 신현동 출장마사지 이용지역과 시간대 정보를 중심으로 안내합니다. 원하는 위치의 세부 지역정보와 이용시간을 확인할 수 있습니다.","76"
"서구\연희동\index.html","인천 서구 연희동 출장마사지 | 이용지역 예약문의 정보 | 한국미인테라피","40","인천 서구 연희동 출장마사지 지역정보와 이용시간을 기준으로 세부 범위를 확인할 수 있습니다. 원하는 위치의 시간대 정보를 함께 정리했습니다.","78"
"서구\원창동\index.html","인천 서구 원창동 출장마사지 | 지역 범위와 시간대 안내 | 한국미인테라피","41","인천 서구 원창동 출장마사지 지역정보를 기준으로 이용 가능한 범위와 시간대를 살펴볼 수 있습니다. 세부 위치와 이용시간을 한 페이지에서 확인할 수 있습니다.","87"
"서구\청라동\index.html","인천 서구 청라동 출장마사지 | 이용권역 예약시간 안내 | 한국미인테라피","40","인천 서구 청라동 출장마사지 이용정보를 지역과 시간대 기준으로 확인할 수 있습니다. 세부 위치별 이용 범위와 시간 정보를 함께 살펴볼 수 있습니다.","82"
"서대문구\index.html","서울 서대문구 출장마사지 | 지역별 이용범위 문의 안내 | 한국미인테라피","40","서울 서대문구 출장마사지 지역정보를 기준으로 이용 가능한 범위와 시간대를 살펴볼 수 있습니다. 세부 위치와 이용시간을 한 페이지에서 확인할 수 있습니다.","85"
"서대문구\남가좌동\index.html","서울 서대문구 남가좌동 출장마사지 | 이용지역 예약문의 정보 | 한국미인테라피","43","서울 서대문구 남가좌동 출장마사지 지역과 시간대 정보를 중심으로 이용 범위를 정리했습니다. 원하는 세부 위치의 이용정보와 시간을 함께 확인할 수 있습니다.","86"
"서대문구\북가좌동\index.html","서울 서대문구 북가좌동 출장마사지 | 지역 범위와 시간대 안내 | 한국미인테라피","44","서울 서대문구 북가좌동 출장마사지 이용 범위를 세부 지역과 시간대 기준으로 확인할 수 있습니다. 위치별 지역정보와 이용시간을 보기 쉽게 구성했습니다.","83"
"서대문구\북아현동\index.html","서울 서대문구 북아현동 출장마사지 | 이용권역 예약시간 안내 | 한국미인테라피","43","서울 서대문구 북아현동 출장마사지 이용 가능지역과 시간대 정보를 중심으로 구성했습니다. 원하는 지역의 세부 범위와 이용시간을 확인해보세요.","77"
"서대문구\신촌동\index.html","서울 서대문구 신촌동 출장마사지 | 이용지역 예약문의 정보 | 한국미인테라피","42","서울 서대문구 신촌동 출장마사지 지역정보와 이용시간을 기준으로 세부 범위를 확인할 수 있습니다. 원하는 위치의 시간대 정보를 함께 정리했습니다.","80"
"서대문구\연희동\index.html","서울 서대문구 연희동 출장마사지 | 이용지역 예약문의 정보 | 한국미인테라피","42","서울 서대문구 연희동 출장마사지 이용지역과 시간대 정보를 중심으로 안내합니다. 원하는 위치의 세부 지역정보와 이용시간을 확인할 수 있습니다.","78"
"서대문구\천연동\index.html","서울 서대문구 천연동 출장마사지 | 이용지역 예약문의 정보 | 한국미인테라피","42","서울 서대문구 천연동 출장마사지 이용지역과 시간대 정보를 중심으로 안내합니다. 원하는 위치의 세부 지역정보와 이용시간을 확인할 수 있습니다.","78"
"서대문구\충현동\index.html","서울 서대문구 충현동 출장마사지 | 지역 범위와 시간대 안내 | 한국미인테라피","43","서울 서대문구 충현동 출장마사지 이용 가능 범위와 시간대를 지역정보 중심으로 확인할 수 있습니다. 세부 지역별 이용시간도 함께 살펴볼 수 있습니다.","82"
"서대문구\홍은동\index.html","서울 서대문구 홍은동 출장마사지 | 지역 범위와 시간대 안내 | 한국미인테라피","43","서울 서대문구 홍은동 출장마사지 이용 가능 범위와 시간대를 지역정보 중심으로 확인할 수 있습니다. 세부 지역별 이용시간도 함께 살펴볼 수 있습니다.","82"
"서대문구\홍제동\index.html","서울 서대문구 홍제동 출장마사지 | 이용권역 예약시간 안내 | 한국미인테라피","42","서울 서대문구 홍제동 출장마사지 이용정보를 지역과 시간대 기준으로 확인할 수 있습니다. 세부 위치별 이용 범위와 시간 정보를 함께 살펴볼 수 있습니다.","84"
"서울\index.html","서울 출장마사지 | 지역 선택 이용시간 안내 | 한국미인테라피","34","서울 출장마사지 이용지역 정보를 바탕으로 시간대와 세부 범위를 안내합니다. 지역별 이용시간을 한눈에 확인할 수 있도록 정리했습니다.","73"
"서초구\index.html","서울 서초구 출장마사지 | 지역별 이용범위 문의 안내 | 한국미인테라피","39","서울 서초구 출장마사지 이용 범위를 세부 지역과 시간대 기준으로 확인할 수 있습니다. 위치별 지역정보와 이용시간을 보기 쉽게 구성했습니다.","77"
"서초구\내곡동\index.html","서울 서초구 내곡동 출장마사지 | 지역 범위와 시간대 안내 | 한국미인테라피","42","서울 서초구 내곡동 출장마사지 지역별 이용정보와 시간대를 확인할 수 있도록 구성했습니다. 세부 위치에 따라 이용 범위와 시간 정보를 살펴볼 수 있습니다.","85"
"서초구\반포동\index.html","서울 서초구 반포동 출장마사지 | 이용지역 예약문의 정보 | 한국미인테라피","41","서울 서초구 반포동 출장마사지 지역별 범위와 이용시간 정보를 정리해 안내합니다. 원하는 위치에 맞춰 세부 지역정보와 시간대를 확인할 수 있습니다.","81"
"서초구\반포본동\index.html","서울 서초구 반포본동 출장마사지 | 이용지역 예약문의 정보 | 한국미인테라피","42","서울 서초구 반포본동 출장마사지 지역정보와 이용시간을 기준으로 세부 범위를 확인할 수 있습니다. 원하는 위치의 시간대 정보를 함께 정리했습니다.","80"
"서초구\방배동\index.html","서울 서초구 방배동 출장마사지 | 이용권역 예약시간 안내 | 한국미인테라피","41","서울 서초구 방배동 출장마사지 관련 지역 범위와 이용시간을 보기 쉽게 정리했습니다. 세부 지역을 선택해 해당 위치의 시간대 정보를 확인할 수 있습니다.","84"
"서초구\방배본동\index.html","서울 서초구 방배본동 출장마사지 | 이용권역 예약시간 안내 | 한국미인테라피","42","서울 서초구 방배본동 출장마사지 이용지역에 따른 범위와 시간대 정보를 안내합니다. 세부 위치별 지역정보와 이용시간을 확인할 수 있습니다.","76"
"서초구\서초동\index.html","서울 서초구 서초동 출장마사지 | 이용지역 예약문의 정보 | 한국미인테라피","41","서울 서초구 서초동 출장마사지 이용 범위와 시간 정보를 지역별로 정리했습니다. 원하는 세부 지역의 이용시간과 관련 정보를 함께 확인할 수 있습니다.","82"
"서초구\양재동\index.html","서울 서초구 양재동 출장마사지 | 지역 범위와 시간대 안내 | 한국미인테라피","42","서울 서초구 양재동 출장마사지 지역정보를 기준으로 이용 가능한 범위와 시간대를 살펴볼 수 있습니다. 세부 위치와 이용시간을 한 페이지에서 확인할 수 있습니다.","88"
"서초구\잠원동\index.html","서울 서초구 잠원동 출장마사지 | 지역 범위 이용시간 확인 | 한국미인테라피","42","서울 서초구 잠원동 출장마사지 지역 안내와 이용시간 정보를 한곳에서 확인할 수 있습니다. 세부 위치별 이용 범위와 시간대 정보를 함께 살펴볼 수 있습니다.","86"
"성남분당구\index.html","성남 분당구 출장마사지 | 지역 범위와 시간대 안내 | 한국미인테라피","38","성남 분당구 출장마사지 지역별 이용정보와 시간대를 확인할 수 있도록 구성했습니다. 세부 위치에 따라 이용 범위와 시간 정보를 살펴볼 수 있습니다.","81"
"성남분당구\구미동\index.html","성남 분당구 구미동 출장마사지 | 이용 가능지역 시간 확인 | 한국미인테라피","42","성남 분당구 구미동 출장마사지 지역별 범위와 이용시간 정보를 정리해 안내합니다. 원하는 위치에 맞춰 세부 지역정보와 시간대를 확인할 수 있습니다.","81"
"성남분당구\금곡동\index.html","성남 분당구 금곡동 출장마사지 | 지역별 이용범위 문의 안내 | 한국미인테라피","43","성남 분당구 금곡동 출장마사지 지역정보와 이용 가능 시간대를 확인할 수 있습니다. 세부 지역별 범위와 시간 정보를 보기 쉽게 정리했습니다.","77"
"성남분당구\백현동\index.html","성남 분당구 백현동 출장마사지 | 지역 선택 이용시간 안내 | 한국미인테라피","42","성남 분당구 백현동 출장마사지 이용지역별 범위와 시간대를 보기 쉽게 안내합니다. 세부 지역에 따라 이용시간과 관련 정보를 확인할 수 있습니다.","79"
"성남분당구\분당동\index.html","성남 분당구 분당동 출장마사지 | 지역 선택 이용시간 안내 | 한국미인테라피","42","성남 분당구 분당동 출장마사지 지역별 이용정보와 시간대를 확인할 수 있도록 구성했습니다. 세부 위치에 따라 이용 범위와 시간 정보를 살펴볼 수 있습니다.","85"
"성남분당구\삼평동\index.html","성남 분당구 삼평동 출장마사지 | 지역 선택 이용시간 안내 | 한국미인테라피","42","성남 분당구 삼평동 출장마사지 이용 범위를 세부 지역과 시간대 기준으로 확인할 수 있습니다. 위치별 지역정보와 이용시간을 보기 쉽게 구성했습니다.","81"
"성남분당구\서현동\index.html","성남 분당구 서현동 출장마사지 | 가까운 지역 시간대 정보 | 한국미인테라피","42","성남 분당구 서현동 출장마사지 지역별 이용 범위와 시간 정보를 한 페이지에 정리했습니다. 원하는 위치를 기준으로 세부 시간대와 지역정보를 살펴볼 수 있습니다.","88"
"성남분당구\수내동\index.html","성남 분당구 수내동 출장마사지 | 이용 가능지역 시간 확인 | 한국미인테라피","42","성남 분당구 수내동 출장마사지 이용 범위와 시간 정보를 지역별로 정리했습니다. 원하는 세부 지역의 이용시간과 관련 정보를 함께 확인할 수 있습니다.","82"
"성남분당구\야탑동\index.html","성남 분당구 야탑동 출장마사지 | 지역 선택 이용시간 안내 | 한국미인테라피","42","성남 분당구 야탑동 출장마사지 이용 범위를 세부 지역과 시간대 기준으로 확인할 수 있습니다. 위치별 지역정보와 이용시간을 보기 쉽게 구성했습니다.","81"
"성남분당구\운중동\index.html","성남 분당구 운중동 출장마사지 | 지역 선택 이용시간 안내 | 한국미인테라피","42","성남 분당구 운중동 출장마사지 이용 범위를 세부 지역과 시간대 기준으로 확인할 수 있습니다. 위치별 지역정보와 이용시간을 보기 쉽게 구성했습니다.","81"
"성남분당구\이매동\index.html","성남 분당구 이매동 출장마사지 | 가까운 지역 시간대 정보 | 한국미인테라피","42","성남 분당구 이매동 출장마사지 지역 범위와 시간대별 이용정보를 확인할 수 있습니다. 세부 위치를 기준으로 이용시간과 지역정보를 함께 살펴볼 수 있습니다.","85"
"성남분당구\정자동\index.html","성남 분당구 정자동 출장마사지 | 지역 선택 이용시간 안내 | 한국미인테라피","42","성남 분당구 정자동 출장마사지 지역정보를 기준으로 이용 가능한 범위와 시간대를 살펴볼 수 있습니다. 세부 위치와 이용시간을 한 페이지에서 확인할 수 있습니다.","88"
"성남분당구\판교동\index.html","성남 분당구 판교동 출장마사지 | 가까운 지역 시간대 정보 | 한국미인테라피","42","성남 분당구 판교동 출장마사지 지역별 이용 범위와 시간 정보를 한 페이지에 정리했습니다. 원하는 위치를 기준으로 세부 시간대와 지역정보를 살펴볼 수 있습니다.","88"
"성남수정구\index.html","성남 수정구 출장마사지 | 지역 범위와 시간대 안내 | 한국미인테라피","38","성남 수정구 출장마사지 지역별 이용정보와 시간대를 확인할 수 있도록 구성했습니다. 세부 위치에 따라 이용 범위와 시간 정보를 살펴볼 수 있습니다.","81"
"성남수정구\고등동\index.html","성남 수정구 고등동 출장마사지 | 지역별 이용범위 문의 안내 | 한국미인테라피","43","성남 수정구 고등동 출장마사지 이용 가능지역과 시간대 정보를 중심으로 구성했습니다. 원하는 지역의 세부 범위와 이용시간을 확인해보세요.","75"
"성남수정구\단대동\index.html","성남 수정구 단대동 출장마사지 | 가까운 지역 시간대 정보 | 한국미인테라피","42","성남 수정구 단대동 출장마사지 지역 범위와 시간대별 이용정보를 확인할 수 있습니다. 세부 위치를 기준으로 이용시간과 지역정보를 함께 살펴볼 수 있습니다.","85"
"성남수정구\복정동\index.html","성남 수정구 복정동 출장마사지 | 이용지역 예약문의 정보 | 한국미인테라피","41","성남 수정구 복정동 출장마사지 지역 안내와 이용시간 정보를 한곳에서 확인할 수 있습니다. 세부 위치별 이용 범위와 시간대 정보를 함께 살펴볼 수 있습니다.","86"
"성남수정구\산성동\index.html","성남 수정구 산성동 출장마사지 | 지역별 이용범위 문의 안내 | 한국미인테라피","43","성남 수정구 산성동 출장마사지 이용 가능 범위와 시간대를 지역정보 중심으로 확인할 수 있습니다. 세부 지역별 이용시간도 함께 살펴볼 수 있습니다.","81"
"성남수정구\수진동\index.html","성남 수정구 수진동 출장마사지 | 이용 가능지역 시간 확인 | 한국미인테라피","42","성남 수정구 수진동 출장마사지 지역과 시간대 정보를 중심으로 이용 범위를 정리했습니다. 원하는 세부 위치의 이용정보와 시간을 함께 확인할 수 있습니다.","84"
"성남수정구\시흥동\index.html","성남 수정구 시흥동 출장마사지 | 지역별 이용범위 문의 안내 | 한국미인테라피","43","성남 수정구 시흥동 출장마사지 이용 가능 범위와 시간대를 지역정보 중심으로 확인할 수 있습니다. 세부 지역별 이용시간도 함께 살펴볼 수 있습니다.","81"
"성남수정구\신촌동\index.html","성남 수정구 신촌동 출장마사지 | 이용 가능지역 시간 확인 | 한국미인테라피","42","성남 수정구 신촌동 출장마사지 이용 범위와 시간 정보를 지역별로 정리했습니다. 원하는 세부 지역의 이용시간과 관련 정보를 함께 확인할 수 있습니다.","82"
"성남수정구\신흥동\index.html","성남 수정구 신흥동 출장마사지 | 지역 선택 이용시간 안내 | 한국미인테라피","42","성남 수정구 신흥동 출장마사지 지역별 이용정보와 시간대를 확인할 수 있도록 구성했습니다. 세부 위치에 따라 이용 범위와 시간 정보를 살펴볼 수 있습니다.","85"
"성남수정구\양지동\index.html","성남 수정구 양지동 출장마사지 | 지역별 이용범위 문의 안내 | 한국미인테라피","43","성남 수정구 양지동 출장마사지 이용지역 정보를 바탕으로 시간대와 세부 범위를 안내합니다. 지역별 이용시간을 한눈에 확인할 수 있도록 정리했습니다.","81"
"성남수정구\위례동\index.html","성남 수정구 위례동 출장마사지 | 이용 가능지역 시간 확인 | 한국미인테라피","42","성남 수정구 위례동 출장마사지 지역과 시간대 정보를 중심으로 이용 범위를 정리했습니다. 원하는 세부 위치의 이용정보와 시간을 함께 확인할 수 있습니다.","84"
"성남수정구\태평동\index.html","성남 수정구 태평동 출장마사지 | 지역 선택 이용시간 안내 | 한국미인테라피","42","성남 수정구 태평동 출장마사지 이용정보를 지역과 시간대 기준으로 확인할 수 있습니다. 세부 위치별 이용 범위와 시간 정보를 함께 살펴볼 수 있습니다.","83"
"성남시\index.html","성남 출장마사지 | 지역 범위 이용시간 확인 | 한국미인테라피","34","성남 출장마사지 지역별 이용 범위와 시간 정보를 한 페이지에 정리했습니다. 원하는 위치를 기준으로 세부 시간대와 지역정보를 살펴볼 수 있습니다.","80"
"성남중원구\index.html","성남 중원구 출장마사지 | 이용권역 예약시간 안내 | 한국미인테라피","37","성남 중원구 출장마사지 이용지역에 따른 범위와 시간대 정보를 안내합니다. 세부 위치별 지역정보와 이용시간을 확인할 수 있습니다.","71"
"성남중원구\금광동\index.html","성남 중원구 금광동 출장마사지 | 지역 선택 이용시간 안내 | 한국미인테라피","42","성남 중원구 금광동 출장마사지 이용지역별 범위와 시간대를 보기 쉽게 안내합니다. 세부 지역에 따라 이용시간과 관련 정보를 확인할 수 있습니다.","79"
"성남중원구\도촌동\index.html","성남 중원구 도촌동 출장마사지 | 이용 가능지역 시간 확인 | 한국미인테라피","42","성남 중원구 도촌동 출장마사지 이용지역과 시간대 정보를 중심으로 안내합니다. 원하는 위치의 세부 지역정보와 이용시간을 확인할 수 있습니다.","77"
"성남중원구\상대원동\index.html","성남 중원구 상대원동 출장마사지 | 지역 선택 이용시간 안내 | 한국미인테라피","43","성남 중원구 상대원동 출장마사지 지역별 이용정보와 시간대를 확인할 수 있도록 구성했습니다. 세부 위치에 따라 이용 범위와 시간 정보를 살펴볼 수 있습니다.","86"
"성남중원구\성남동\index.html","성남 중원구 성남동 출장마사지 | 지역 선택 이용시간 안내 | 한국미인테라피","42","성남 중원구 성남동 출장마사지 지역정보와 이용 가능 시간대를 확인할 수 있습니다. 세부 지역별 범위와 시간 정보를 보기 쉽게 정리했습니다.","77"
"성남중원구\은행동\index.html","성남 중원구 은행동 출장마사지 | 지역 선택 이용시간 안내 | 한국미인테라피","42","성남 중원구 은행동 출장마사지 이용지역과 세부 시간 정보를 확인할 수 있습니다. 지역별 범위와 원하는 시간대를 살펴보기 쉽게 구성했습니다.","77"
"성남중원구\중앙동\index.html","성남 중원구 중앙동 출장마사지 | 지역 범위 이용시간 확인 | 한국미인테라피","42","성남 중원구 중앙동 출장마사지 지역정보를 바탕으로 이용 범위와 시간대를 확인할 수 있습니다. 세부 지역별 이용시간과 위치 정보를 함께 정리했습니다.","82"
"성남중원구\하대원동\index.html","성남 중원구 하대원동 출장마사지 | 이용 가능지역 시간 확인 | 한국미인테라피","43","성남 중원구 하대원동 출장마사지 지역별 범위와 이용시간 정보를 정리해 안내합니다. 원하는 위치에 맞춰 세부 지역정보와 시간대를 확인할 수 있습니다.","82"
"성동구\index.html","서울 성동구 출장마사지 | 이용권역 예약시간 안내 | 한국미인테라피","37","서울 성동구 출장마사지 이용 가능지역과 시간대 정보를 중심으로 구성했습니다. 원하는 지역의 세부 범위와 이용시간을 확인해보세요.","71"
"성동구\금호1가동\index.html","서울 성동구 금호1가동 출장마사지 | 지역 선택 이용시간 안내 | 한국미인테라피","44","서울 성동구 금호1가동 출장마사지 이용지역별 범위와 시간대를 보기 쉽게 안내합니다. 세부 지역에 따라 이용시간과 관련 정보를 확인할 수 있습니다.","81"
"성동구\금호2,3가동\index.html","서울 성동구 금호2,3가동 출장마사지 | 지역 선택 이용시간 안내 | 한국미인테라피","46","서울 성동구 금호2,3가동 출장마사지 이용지역별 범위와 시간대를 보기 쉽게 안내합니다. 세부 지역에 따라 이용시간과 관련 정보를 확인할 수 있습니다.","83"
"성동구\금호4가동\index.html","서울 성동구 금호4가동 출장마사지 | 가까운 지역 시간대 정보 | 한국미인테라피","44","서울 성동구 금호4가동 출장마사지 지역 범위와 시간대별 이용정보를 확인할 수 있습니다. 세부 위치를 기준으로 이용시간과 지역정보를 함께 살펴볼 수 있습니다.","87"
"성동구\마장동\index.html","서울 성동구 마장동 출장마사지 | 지역별 이용범위 문의 안내 | 한국미인테라피","43","서울 성동구 마장동 출장마사지 지역정보와 이용 가능 시간대를 확인할 수 있습니다. 세부 지역별 범위와 시간 정보를 보기 쉽게 정리했습니다.","77"
"성동구\사근동\index.html","서울 성동구 사근동 출장마사지 | 이용 가능지역 시간 확인 | 한국미인테라피","42","서울 성동구 사근동 출장마사지 지역과 시간대 정보를 중심으로 이용 범위를 정리했습니다. 원하는 세부 위치의 이용정보와 시간을 함께 확인할 수 있습니다.","84"
"성동구\성수1가동\index.html","서울 성동구 성수1가동 출장마사지 | 지역 범위 이용시간 확인 | 한국미인테라피","44","서울 성동구 성수1가동 출장마사지 지역정보를 바탕으로 이용 범위와 시간대를 확인할 수 있습니다. 세부 지역별 이용시간과 위치 정보를 함께 정리했습니다.","84"
"성동구\성수2가동\index.html","서울 성동구 성수2가동 출장마사지 | 이용권역 예약시간 안내 | 한국미인테라피","43","서울 성동구 성수2가동 출장마사지 이용 가능 범위와 시간대를 지역정보 중심으로 확인할 수 있습니다. 세부 지역별 이용시간도 함께 살펴볼 수 있습니다.","83"
"성동구\송정동\index.html","서울 성동구 송정동 출장마사지 | 이용지역 예약문의 정보 | 한국미인테라피","41","서울 성동구 송정동 출장마사지 지역 범위와 시간대별 이용정보를 확인할 수 있습니다. 세부 위치를 기준으로 이용시간과 지역정보를 함께 살펴볼 수 있습니다.","85"
"성동구\옥수동\index.html","서울 성동구 옥수동 출장마사지 | 지역별 이용범위 문의 안내 | 한국미인테라피","43","서울 성동구 옥수동 출장마사지 관련 지역 범위와 이용시간을 보기 쉽게 정리했습니다. 세부 지역을 선택해 해당 위치의 시간대 정보를 확인할 수 있습니다.","84"
"성동구\왕십리도선동\index.html","서울 성동구 왕십리도선동 출장마사지 | 지역 범위 이용시간 확인 | 한국미인테라피","45","서울 성동구 왕십리도선동 출장마사지 지역정보를 바탕으로 이용 범위와 시간대를 확인할 수 있습니다. 세부 지역별 이용시간과 위치 정보를 함께 정리했습니다.","85"
"성동구\왕십리동\index.html","서울 성동구 왕십리동 출장마사지 | 이용지역 예약문의 정보 | 한국미인테라피","42","서울 성동구 왕십리동 출장마사지 지역 범위와 이용 가능 시간 정보를 확인할 수 있습니다. 원하는 세부 지역의 이용시간과 관련 정보를 보기 쉽게 정리했습니다.","87"
"성동구\용답동\index.html","서울 성동구 용답동 출장마사지 | 이용지역 예약문의 정보 | 한국미인테라피","41","서울 성동구 용답동 출장마사지 지역 범위와 시간대별 이용정보를 확인할 수 있습니다. 세부 위치를 기준으로 이용시간과 지역정보를 함께 살펴볼 수 있습니다.","85"
"성동구\응봉동\index.html","서울 성동구 응봉동 출장마사지 | 지역 범위 이용시간 확인 | 한국미인테라피","42","서울 성동구 응봉동 출장마사지 이용 범위와 시간 정보를 지역별로 정리했습니다. 원하는 세부 지역의 이용시간과 관련 정보를 함께 확인할 수 있습니다.","82"
"성동구\행당동\index.html","서울 성동구 행당동 출장마사지 | 지역 범위 이용시간 확인 | 한국미인테라피","42","서울 성동구 행당동 출장마사지 지역별 범위와 이용시간 정보를 정리해 안내합니다. 원하는 위치에 맞춰 세부 지역정보와 시간대를 확인할 수 있습니다.","81"
"성북구\index.html","서울 성북구 출장마사지 | 이용권역 예약시간 안내 | 한국미인테라피","37","서울 성북구 출장마사지 지역정보와 이용 가능 시간대를 확인할 수 있습니다. 세부 지역별 범위와 시간 정보를 보기 쉽게 정리했습니다.","73"
"성북구\길음동\index.html","서울 성북구 길음동 출장마사지 | 가까운 지역 시간대 정보 | 한국미인테라피","42","서울 성북구 길음동 출장마사지 지역 범위와 시간대별 이용정보를 확인할 수 있습니다. 세부 위치를 기준으로 이용시간과 지역정보를 함께 살펴볼 수 있습니다.","85"
"성북구\돈암동\index.html","서울 성북구 돈암동 출장마사지 | 가까운 지역 시간대 정보 | 한국미인테라피","42","서울 성북구 돈암동 출장마사지 지역 안내와 이용시간 정보를 한곳에서 확인할 수 있습니다. 세부 위치별 이용 범위와 시간대 정보를 함께 살펴볼 수 있습니다.","86"
"성북구\동선동\index.html","서울 성북구 동선동 출장마사지 | 지역 선택 이용시간 안내 | 한국미인테라피","42","서울 성북구 동선동 출장마사지 이용지역과 세부 시간 정보를 확인할 수 있습니다. 지역별 범위와 원하는 시간대를 살펴보기 쉽게 구성했습니다.","77"
"성북구\보문동\index.html","서울 성북구 보문동 출장마사지 | 가까운 지역 시간대 정보 | 한국미인테라피","42","서울 성북구 보문동 출장마사지 지역 안내와 이용시간 정보를 한곳에서 확인할 수 있습니다. 세부 위치별 이용 범위와 시간대 정보를 함께 살펴볼 수 있습니다.","86"
"성북구\삼선동\index.html","서울 성북구 삼선동 출장마사지 | 가까운 지역 시간대 정보 | 한국미인테라피","42","서울 성북구 삼선동 출장마사지 지역 안내와 이용시간 정보를 한곳에서 확인할 수 있습니다. 세부 위치별 이용 범위와 시간대 정보를 함께 살펴볼 수 있습니다.","86"
"성북구\석관동\index.html","서울 성북구 석관동 출장마사지 | 지역별 이용범위 문의 안내 | 한국미인테라피","43","서울 성북구 석관동 출장마사지 관련 지역 범위와 이용시간을 보기 쉽게 정리했습니다. 세부 지역을 선택해 해당 위치의 시간대 정보를 확인할 수 있습니다.","84"
"성북구\성북동\index.html","서울 성북구 성북동 출장마사지 | 지역 범위 이용시간 확인 | 한국미인테라피","42","서울 성북구 성북동 출장마사지 지역과 시간대 정보를 중심으로 이용 범위를 정리했습니다. 원하는 세부 위치의 이용정보와 시간을 함께 확인할 수 있습니다.","84"
"성북구\안암동\index.html","서울 성북구 안암동 출장마사지 | 가까운 지역 시간대 정보 | 한국미인테라피","42","서울 성북구 안암동 출장마사지 지역 안내와 이용시간 정보를 한곳에서 확인할 수 있습니다. 세부 위치별 이용 범위와 시간대 정보를 함께 살펴볼 수 있습니다.","86"
"성북구\월곡동\index.html","서울 성북구 월곡동 출장마사지 | 지역별 이용범위 문의 안내 | 한국미인테라피","43","서울 성북구 월곡동 출장마사지 이용 가능지역과 시간대 정보를 중심으로 구성했습니다. 원하는 지역의 세부 범위와 이용시간을 확인해보세요.","75"
"성북구\장위동\index.html","서울 성북구 장위동 출장마사지 | 지역 선택 이용시간 안내 | 한국미인테라피","42","서울 성북구 장위동 출장마사지 지역정보를 기준으로 이용 가능한 범위와 시간대를 살펴볼 수 있습니다. 세부 위치와 이용시간을 한 페이지에서 확인할 수 있습니다.","88"
"성북구\정릉동\index.html","서울 성북구 정릉동 출장마사지 | 이용지역 예약문의 정보 | 한국미인테라피","41","서울 성북구 정릉동 출장마사지 지역 범위와 시간대별 이용정보를 확인할 수 있습니다. 세부 위치를 기준으로 이용시간과 지역정보를 함께 살펴볼 수 있습니다.","85"
"성북구\종암동\index.html","서울 성북구 종암동 출장마사지 | 지역 선택 이용시간 안내 | 한국미인테라피","42","서울 성북구 종암동 출장마사지 이용지역과 세부 시간 정보를 확인할 수 있습니다. 지역별 범위와 원하는 시간대를 살펴보기 쉽게 구성했습니다.","77"
"송파구\index.html","서울 송파구 출장마사지 | 이용지역 예약문의 정보 | 한국미인테라피","37","서울 송파구 출장마사지 이용 범위와 시간 정보를 지역별로 정리했습니다. 원하는 세부 지역의 이용시간과 관련 정보를 함께 확인할 수 있습니다.","78"
"송파구\가락동\index.html","서울 송파구 가락동 출장마사지 | 이용 가능지역 시간 확인 | 한국미인테라피","42","서울 송파구 가락동 출장마사지 지역별 범위와 이용시간 정보를 정리해 안내합니다. 원하는 위치에 맞춰 세부 지역정보와 시간대를 확인할 수 있습니다.","81"
"송파구\가락본동\index.html","서울 송파구 가락본동 출장마사지 | 이용 가능지역 시간 확인 | 한국미인테라피","43","서울 송파구 가락본동 출장마사지 이용지역과 시간대 정보를 중심으로 안내합니다. 원하는 위치의 세부 지역정보와 이용시간을 확인할 수 있습니다.","78"
"송파구\거여동\index.html","서울 송파구 거여동 출장마사지 | 지역 범위와 시간대 안내 | 한국미인테라피","42","서울 송파구 거여동 출장마사지 이용지역과 세부 시간 정보를 확인할 수 있습니다. 지역별 범위와 원하는 시간대를 살펴보기 쉽게 구성했습니다.","77"
"송파구\마천동\index.html","서울 송파구 마천동 출장마사지 | 지역 범위와 시간대 안내 | 한국미인테라피","42","서울 송파구 마천동 출장마사지 이용지역별 범위와 시간대를 보기 쉽게 안내합니다. 세부 지역에 따라 이용시간과 관련 정보를 확인할 수 있습니다.","79"
"송파구\문정동\index.html","서울 송파구 문정동 출장마사지 | 이용 가능지역 시간 확인 | 한국미인테라피","42","서울 송파구 문정동 출장마사지 이용 범위와 시간 정보를 지역별로 정리했습니다. 원하는 세부 지역의 이용시간과 관련 정보를 함께 확인할 수 있습니다.","82"
"송파구\방이동\index.html","서울 송파구 방이동 출장마사지 | 이용 가능지역 시간 확인 | 한국미인테라피","42","서울 송파구 방이동 출장마사지 이용지역과 시간대 정보를 중심으로 안내합니다. 원하는 위치의 세부 지역정보와 이용시간을 확인할 수 있습니다.","77"
"송파구\삼전동\index.html","서울 송파구 삼전동 출장마사지 | 이용권역 예약시간 안내 | 한국미인테라피","41","서울 송파구 삼전동 출장마사지 이용지역 정보를 바탕으로 시간대와 세부 범위를 안내합니다. 지역별 이용시간을 한눈에 확인할 수 있도록 정리했습니다.","81"
"송파구\석촌동\index.html","서울 송파구 석촌동 출장마사지 | 가까운 지역 시간대 정보 | 한국미인테라피","42","서울 송파구 석촌동 출장마사지 지역별 이용시간과 세부 범위를 확인할 수 있습니다. 원하는 위치에 따른 시간대 정보를 함께 살펴볼 수 있습니다.","79"
"송파구\송파동\index.html","서울 송파구 송파동 출장마사지 | 이용 가능지역 시간 확인 | 한국미인테라피","42","서울 송파구 송파동 출장마사지 지역정보와 이용시간을 기준으로 세부 범위를 확인할 수 있습니다. 원하는 위치의 시간대 정보를 함께 정리했습니다.","79"
"송파구\오금동\index.html","서울 송파구 오금동 출장마사지 | 지역 범위와 시간대 안내 | 한국미인테라피","42","서울 송파구 오금동 출장마사지 이용지역과 세부 시간 정보를 확인할 수 있습니다. 지역별 범위와 원하는 시간대를 살펴보기 쉽게 구성했습니다.","77"
"송파구\오륜동\index.html","서울 송파구 오륜동 출장마사지 | 이용권역 예약시간 안내 | 한국미인테라피","41","서울 송파구 오륜동 출장마사지 이용지역에 따른 범위와 시간대 정보를 안내합니다. 세부 위치별 지역정보와 이용시간을 확인할 수 있습니다.","75"
"송파구\위례동\index.html","서울 송파구 위례동 출장마사지 | 지역 범위와 시간대 안내 | 한국미인테라피","42","서울 송파구 위례동 출장마사지 이용지역과 세부 시간 정보를 확인할 수 있습니다. 지역별 범위와 원하는 시간대를 살펴보기 쉽게 구성했습니다.","77"
"송파구\잠실동\index.html","서울 송파구 잠실동 출장마사지 | 지역 범위와 시간대 안내 | 한국미인테라피","42","서울 송파구 잠실동 출장마사지 이용지역별 범위와 시간대를 보기 쉽게 안내합니다. 세부 지역에 따라 이용시간과 관련 정보를 확인할 수 있습니다.","79"
"송파구\잠실본동\index.html","서울 송파구 잠실본동 출장마사지 | 지역 범위와 시간대 안내 | 한국미인테라피","43","서울 송파구 잠실본동 출장마사지 이용지역별 범위와 시간대를 보기 쉽게 안내합니다. 세부 지역에 따라 이용시간과 관련 정보를 확인할 수 있습니다.","80"
"송파구\장지동\index.html","서울 송파구 장지동 출장마사지 | 이용 가능지역 시간 확인 | 한국미인테라피","42","서울 송파구 장지동 출장마사지 지역정보를 바탕으로 이용 범위와 시간대를 확인할 수 있습니다. 세부 지역별 이용시간과 위치 정보를 함께 정리했습니다.","82"
"송파구\풍납동\index.html","서울 송파구 풍납동 출장마사지 | 지역 선택 이용시간 안내 | 한국미인테라피","42","서울 송파구 풍납동 출장마사지 지역정보를 기준으로 이용 가능한 범위와 시간대를 살펴볼 수 있습니다. 세부 위치와 이용시간을 한 페이지에서 확인할 수 있습니다.","88"
"수원권선구\index.html","수원 권선구 출장마사지 | 지역별 이용범위 문의 안내 | 한국미인테라피","39","수원 권선구 출장마사지 이용정보를 지역과 시간대 기준으로 확인할 수 있습니다. 세부 위치별 이용 범위와 시간 정보를 함께 살펴볼 수 있습니다.","79"
"수원권선구\곡선동\index.html","수원 권선구 곡선동 출장마사지 | 이용권역 예약시간 안내 | 한국미인테라피","41","수원 권선구 곡선동 출장마사지 관련 지역 범위와 이용시간을 보기 쉽게 정리했습니다. 세부 지역을 선택해 해당 위치의 시간대 정보를 확인할 수 있습니다.","84"
"수원권선구\구운동\index.html","수원 권선구 구운동 출장마사지 | 지역 범위 이용시간 확인 | 한국미인테라피","42","수원 권선구 구운동 출장마사지 지역 안내와 이용시간 정보를 한곳에서 확인할 수 있습니다. 세부 위치별 이용 범위와 시간대 정보를 함께 살펴볼 수 있습니다.","86"
"수원권선구\권선동\index.html","수원 권선구 권선동 출장마사지 | 이용지역 예약문의 정보 | 한국미인테라피","41","수원 권선구 권선동 출장마사지 지역별 범위와 이용시간 정보를 정리해 안내합니다. 원하는 위치에 맞춰 세부 지역정보와 시간대를 확인할 수 있습니다.","81"
"수원권선구\금곡동\index.html","수원 권선구 금곡동 출장마사지 | 이용권역 예약시간 안내 | 한국미인테라피","41","수원 권선구 금곡동 출장마사지 지역정보와 이용 가능 시간대를 확인할 수 있습니다. 세부 지역별 범위와 시간 정보를 보기 쉽게 정리했습니다.","77"
"수원권선구\서둔동\index.html","수원 권선구 서둔동 출장마사지 | 지역 범위 이용시간 확인 | 한국미인테라피","42","수원 권선구 서둔동 출장마사지 지역 안내와 이용시간 정보를 한곳에서 확인할 수 있습니다. 세부 위치별 이용 범위와 시간대 정보를 함께 살펴볼 수 있습니다.","86"
"수원권선구\세류동\index.html","수원 권선구 세류동 출장마사지 | 지역 범위 이용시간 확인 | 한국미인테라피","42","수원 권선구 세류동 출장마사지 지역별 이용 범위와 시간 정보를 한 페이지에 정리했습니다. 원하는 위치를 기준으로 세부 시간대와 지역정보를 살펴볼 수 있습니다.","88"
"수원권선구\입북동\index.html","수원 권선구 입북동 출장마사지 | 이용 가능지역 시간 확인 | 한국미인테라피","42","수원 권선구 입북동 출장마사지 지역과 시간대 정보를 중심으로 이용 범위를 정리했습니다. 원하는 세부 위치의 이용정보와 시간을 함께 확인할 수 있습니다.","84"
"수원권선구\평동\index.html","수원 권선구 평동 출장마사지 | 이용권역 예약시간 안내 | 한국미인테라피","40","수원 권선구 평동 출장마사지 이용지역에 따른 범위와 시간대 정보를 안내합니다. 세부 위치별 지역정보와 이용시간을 확인할 수 있습니다.","74"
"수원권선구\호매실동\index.html","수원 권선구 호매실동 출장마사지 | 지역 범위 이용시간 확인 | 한국미인테라피","43","수원 권선구 호매실동 출장마사지 지역 범위와 이용 가능 시간 정보를 확인할 수 있습니다. 원하는 세부 지역의 이용시간과 관련 정보를 보기 쉽게 정리했습니다.","87"
"수원시\index.html","수원 출장마사지 | 지역 선택 이용시간 안내 | 한국미인테라피","34","수원 출장마사지 지역정보와 이용 가능 시간대를 확인할 수 있습니다. 세부 지역별 범위와 시간 정보를 보기 쉽게 정리했습니다.","69"
"수원영통구\index.html","수원 영통구 출장마사지 | 지역 범위와 시간대 안내 | 한국미인테라피","38","수원 영통구 출장마사지 지역별 이용정보와 시간대를 확인할 수 있도록 구성했습니다. 세부 위치에 따라 이용 범위와 시간 정보를 살펴볼 수 있습니다.","81"
"수원영통구\광교동\index.html","수원 영통구 광교동 출장마사지 | 지역별 이용범위 문의 안내 | 한국미인테라피","43","수원 영통구 광교동 출장마사지 이용지역에 따른 범위와 시간대 정보를 안내합니다. 세부 위치별 지역정보와 이용시간을 확인할 수 있습니다.","75"
"수원영통구\망포동\index.html","수원 영통구 망포동 출장마사지 | 지역별 이용범위 문의 안내 | 한국미인테라피","43","수원 영통구 망포동 출장마사지 이용지역에 따른 범위와 시간대 정보를 안내합니다. 세부 위치별 지역정보와 이용시간을 확인할 수 있습니다.","75"
"수원영통구\매탄동\index.html","수원 영통구 매탄동 출장마사지 | 가까운 지역 시간대 정보 | 한국미인테라피","42","수원 영통구 매탄동 출장마사지 지역 범위와 시간대별 이용정보를 확인할 수 있습니다. 세부 위치를 기준으로 이용시간과 지역정보를 함께 살펴볼 수 있습니다.","85"
"수원영통구\영통동\index.html","수원 영통구 영통동 출장마사지 | 지역 범위 이용시간 확인 | 한국미인테라피","42","수원 영통구 영통동 출장마사지 지역별 범위와 이용시간 정보를 정리해 안내합니다. 원하는 위치에 맞춰 세부 지역정보와 시간대를 확인할 수 있습니다.","81"
"수원영통구\원천동\index.html","수원 영통구 원천동 출장마사지 | 이용 가능지역 시간 확인 | 한국미인테라피","42","수원 영통구 원천동 출장마사지 이용 범위와 시간 정보를 지역별로 정리했습니다. 원하는 세부 지역의 이용시간과 관련 정보를 함께 확인할 수 있습니다.","82"
"수원장안구\index.html","수원 장안구 출장마사지 | 이용지역 예약문의 정보 | 한국미인테라피","37","수원 장안구 출장마사지 지역별 범위와 이용시간 정보를 정리해 안내합니다. 원하는 위치에 맞춰 세부 지역정보와 시간대를 확인할 수 있습니다.","77"
"수원장안구\송죽동\index.html","수원 장안구 송죽동 출장마사지 | 지역 선택 이용시간 안내 | 한국미인테라피","42","수원 장안구 송죽동 출장마사지 이용지역과 세부 시간 정보를 확인할 수 있습니다. 지역별 범위와 원하는 시간대를 살펴보기 쉽게 구성했습니다.","77"
"수원장안구\연무동\index.html","수원 장안구 연무동 출장마사지 | 지역 범위와 시간대 안내 | 한국미인테라피","42","수원 장안구 연무동 출장마사지 지역정보를 기준으로 이용 가능한 범위와 시간대를 살펴볼 수 있습니다. 세부 위치와 이용시간을 한 페이지에서 확인할 수 있습니다.","88"
"수원장안구\영화동\index.html","수원 장안구 영화동 출장마사지 | 이용 가능지역 시간 확인 | 한국미인테라피","42","수원 장안구 영화동 출장마사지 지역정보를 바탕으로 이용 범위와 시간대를 확인할 수 있습니다. 세부 지역별 이용시간과 위치 정보를 함께 정리했습니다.","82"
"수원장안구\율천동\index.html","수원 장안구 율천동 출장마사지 | 지역 범위와 시간대 안내 | 한국미인테라피","42","수원 장안구 율천동 출장마사지 지역정보를 기준으로 이용 가능한 범위와 시간대를 살펴볼 수 있습니다. 세부 위치와 이용시간을 한 페이지에서 확인할 수 있습니다.","88"
"수원장안구\정자동\index.html","수원 장안구 정자동 출장마사지 | 이용 가능지역 시간 확인 | 한국미인테라피","42","수원 장안구 정자동 출장마사지 지역정보와 이용시간을 기준으로 세부 범위를 확인할 수 있습니다. 원하는 위치의 시간대 정보를 함께 정리했습니다.","79"
"수원장안구\조원동\index.html","수원 장안구 조원동 출장마사지 | 이용권역 예약시간 안내 | 한국미인테라피","41","수원 장안구 조원동 출장마사지 이용지역에 따른 범위와 시간대 정보를 안내합니다. 세부 위치별 지역정보와 이용시간을 확인할 수 있습니다.","75"
"수원장안구\파장동\index.html","수원 장안구 파장동 출장마사지 | 가까운 지역 시간대 정보 | 한국미인테라피","42","수원 장안구 파장동 출장마사지 지역별 이용 범위와 시간 정보를 한 페이지에 정리했습니다. 원하는 위치를 기준으로 세부 시간대와 지역정보를 살펴볼 수 있습니다.","88"
"수원팔달구\index.html","수원 팔달구 출장마사지 | 지역 선택 이용시간 안내 | 한국미인테라피","38","수원 팔달구 출장마사지 이용 가능 범위와 시간대를 지역정보 중심으로 확인할 수 있습니다. 세부 지역별 이용시간도 함께 살펴볼 수 있습니다.","77"
"수원팔달구\고등동\index.html","수원 팔달구 고등동 출장마사지 | 지역 범위와 시간대 안내 | 한국미인테라피","42","수원 팔달구 고등동 출장마사지 이용 범위를 세부 지역과 시간대 기준으로 확인할 수 있습니다. 위치별 지역정보와 이용시간을 보기 쉽게 구성했습니다.","81"
"수원팔달구\매교동\index.html","수원 팔달구 매교동 출장마사지 | 지역 범위 이용시간 확인 | 한국미인테라피","42","수원 팔달구 매교동 출장마사지 지역별 이용 범위와 시간 정보를 한 페이지에 정리했습니다. 원하는 위치를 기준으로 세부 시간대와 지역정보를 살펴볼 수 있습니다.","88"
"수원팔달구\매산동\index.html","수원 팔달구 매산동 출장마사지 | 지역 범위 이용시간 확인 | 한국미인테라피","42","수원 팔달구 매산동 출장마사지 지역 범위와 시간대별 이용정보를 확인할 수 있습니다. 세부 위치를 기준으로 이용시간과 지역정보를 함께 살펴볼 수 있습니다.","85"
"수원팔달구\우만동\index.html","수원 팔달구 우만동 출장마사지 | 지역 범위 이용시간 확인 | 한국미인테라피","42","수원 팔달구 우만동 출장마사지 지역별 이용 범위와 시간 정보를 한 페이지에 정리했습니다. 원하는 위치를 기준으로 세부 시간대와 지역정보를 살펴볼 수 있습니다.","88"
"수원팔달구\인계동\index.html","수원 팔달구 인계동 출장마사지 | 지역 범위 이용시간 확인 | 한국미인테라피","42","수원 팔달구 인계동 출장마사지 지역별 이용 범위와 시간 정보를 한 페이지에 정리했습니다. 원하는 위치를 기준으로 세부 시간대와 지역정보를 살펴볼 수 있습니다.","88"
"수원팔달구\지동\index.html","수원 팔달구 지동 출장마사지 | 이용지역 예약문의 정보 | 한국미인테라피","40","수원 팔달구 지동 출장마사지 이용지역과 시간대 정보를 중심으로 안내합니다. 원하는 위치의 세부 지역정보와 이용시간을 확인할 수 있습니다.","76"
"수원팔달구\행궁동\index.html","수원 팔달구 행궁동 출장마사지 | 이용 가능지역 시간 확인 | 한국미인테라피","42","수원 팔달구 행궁동 출장마사지 이용 범위와 시간 정보를 지역별로 정리했습니다. 원하는 세부 지역의 이용시간과 관련 정보를 함께 확인할 수 있습니다.","82"
"수원팔달구\화서동\index.html","수원 팔달구 화서동 출장마사지 | 이용지역 예약문의 정보 | 한국미인테라피","41","수원 팔달구 화서동 출장마사지 이용 범위와 시간 정보를 지역별로 정리했습니다. 원하는 세부 지역의 이용시간과 관련 정보를 함께 확인할 수 있습니다.","82"
"시흥시\index.html","시흥 출장마사지 | 지역 범위 이용시간 확인 | 한국미인테라피","34","시흥 출장마사지 지역정보와 이용시간을 기준으로 세부 범위를 확인할 수 있습니다. 원하는 위치의 시간대 정보를 함께 정리했습니다.","71"
"시흥시\거북섬동\index.html","시흥 거북섬동 출장마사지 | 가까운 지역 시간대 정보 | 한국미인테라피","39","시흥 거북섬동 출장마사지 지역별 범위와 이용시간 정보를 정리해 안내합니다. 원하는 위치에 맞춰 세부 지역정보와 시간대를 확인할 수 있습니다.","78"
"시흥시\과림동\index.html","시흥 과림동 출장마사지 | 지역 범위와 시간대 안내 | 한국미인테라피","38","시흥 과림동 출장마사지 이용정보를 지역과 시간대 기준으로 확인할 수 있습니다. 세부 위치별 이용 범위와 시간 정보를 함께 살펴볼 수 있습니다.","79"
"시흥시\군자동\index.html","시흥 군자동 출장마사지 | 지역 범위와 시간대 안내 | 한국미인테라피","38","시흥 군자동 출장마사지 지역별 이용정보와 시간대를 확인할 수 있도록 구성했습니다. 세부 위치에 따라 이용 범위와 시간 정보를 살펴볼 수 있습니다.","81"
"시흥시\능곡동\index.html","시흥 능곡동 출장마사지 | 지역별 이용범위 문의 안내 | 한국미인테라피","39","시흥 능곡동 출장마사지 이용 가능 범위와 시간대를 지역정보 중심으로 확인할 수 있습니다. 세부 지역별 이용시간도 함께 살펴볼 수 있습니다.","77"
"시흥시\대야동\index.html","시흥 대야동 출장마사지 | 이용권역 예약시간 안내 | 한국미인테라피","37","시흥 대야동 출장마사지 지역정보와 이용 가능 시간대를 확인할 수 있습니다. 세부 지역별 범위와 시간 정보를 보기 쉽게 정리했습니다.","73"
"시흥시\매화동\index.html","시흥 매화동 출장마사지 | 지역 범위와 시간대 안내 | 한국미인테라피","38","시흥 매화동 출장마사지 이용 범위를 세부 지역과 시간대 기준으로 확인할 수 있습니다. 위치별 지역정보와 이용시간을 보기 쉽게 구성했습니다.","77"
"시흥시\목감동\index.html","시흥 목감동 출장마사지 | 이용 가능지역 시간 확인 | 한국미인테라피","38","시흥 목감동 출장마사지 지역과 시간대 정보를 중심으로 이용 범위를 정리했습니다. 원하는 세부 위치의 이용정보와 시간을 함께 확인할 수 있습니다.","80"
"시흥시\배곧동\index.html","시흥 배곧동 출장마사지 | 이용지역 예약문의 정보 | 한국미인테라피","37","시흥 배곧동 출장마사지 지역별 범위와 이용시간 정보를 정리해 안내합니다. 원하는 위치에 맞춰 세부 지역정보와 시간대를 확인할 수 있습니다.","77"
"시흥시\신천동\index.html","시흥 신천동 출장마사지 | 이용권역 예약시간 안내 | 한국미인테라피","37","시흥 신천동 출장마사지 이용 가능지역과 시간대 정보를 중심으로 구성했습니다. 원하는 지역의 세부 범위와 이용시간을 확인해보세요.","71"
"시흥시\신현동\index.html","시흥 신현동 출장마사지 | 이용권역 예약시간 안내 | 한국미인테라피","37","시흥 신현동 출장마사지 이용 가능 범위와 시간대를 지역정보 중심으로 확인할 수 있습니다. 세부 지역별 이용시간도 함께 살펴볼 수 있습니다.","77"
"시흥시\연성동\index.html","시흥 연성동 출장마사지 | 이용 가능지역 시간 확인 | 한국미인테라피","38","시흥 연성동 출장마사지 지역별 이용시간과 세부 범위를 확인할 수 있습니다. 원하는 위치에 따른 시간대 정보를 함께 살펴볼 수 있습니다.","75"
"시흥시\월곶동\index.html","시흥 월곶동 출장마사지 | 지역 선택 이용시간 안내 | 한국미인테라피","38","시흥 월곶동 출장마사지 이용지역 정보를 바탕으로 시간대와 세부 범위를 안내합니다. 지역별 이용시간을 한눈에 확인할 수 있도록 정리했습니다.","77"
"시흥시\은행동\index.html","시흥 은행동 출장마사지 | 이용 가능지역 시간 확인 | 한국미인테라피","38","시흥 은행동 출장마사지 지역 범위와 이용 가능 시간 정보를 확인할 수 있습니다. 원하는 세부 지역의 이용시간과 관련 정보를 보기 쉽게 정리했습니다.","82"
"시흥시\장곡동\index.html","시흥 장곡동 출장마사지 | 지역별 이용범위 문의 안내 | 한국미인테라피","39","시흥 장곡동 출장마사지 이용 가능 범위와 시간대를 지역정보 중심으로 확인할 수 있습니다. 세부 지역별 이용시간도 함께 살펴볼 수 있습니다.","77"
"시흥시\정왕동\index.html","시흥 정왕동 출장마사지 | 지역 선택 이용시간 안내 | 한국미인테라피","38","시흥 정왕동 출장마사지 지역별 이용정보와 시간대를 확인할 수 있도록 구성했습니다. 세부 위치에 따라 이용 범위와 시간 정보를 살펴볼 수 있습니다.","81"
"시흥시\정왕본동\index.html","시흥 정왕본동 출장마사지 | 지역 선택 이용시간 안내 | 한국미인테라피","39","시흥 정왕본동 출장마사지 이용 가능 범위와 시간대를 지역정보 중심으로 확인할 수 있습니다. 세부 지역별 이용시간도 함께 살펴볼 수 있습니다.","78"
"아산\index.html","아산 출장마사지 | 지역 선택 이용시간 안내 | 한국미인테라피","34","아산 출장마사지 이용지역 정보를 바탕으로 시간대와 세부 범위를 안내합니다. 지역별 이용시간을 한눈에 확인할 수 있도록 정리했습니다.","73"
"아산\도고면\index.html","아산 도고면 출장마사지 | 지역별 이용범위 문의 안내 | 한국미인테라피","39","아산 도고면 출장마사지 이용지역별 범위와 시간대를 보기 쉽게 안내합니다. 세부 지역에 따라 이용시간과 관련 정보를 확인할 수 있습니다.","75"
"아산\둔포면\index.html","아산 둔포면 출장마사지 | 지역 선택 이용시간 안내 | 한국미인테라피","38","아산 둔포면 출장마사지 이용지역에 따른 범위와 시간대 정보를 안내합니다. 세부 위치별 지역정보와 이용시간을 확인할 수 있습니다.","71"
"아산\배방읍\index.html","아산 배방읍 출장마사지 | 이용권역 예약시간 안내 | 한국미인테라피","37","아산 배방읍 출장마사지 관련 지역 범위와 이용시간을 보기 쉽게 정리했습니다. 세부 지역을 선택해 해당 위치의 시간대 정보를 확인할 수 있습니다.","80"
"아산\선장면\index.html","아산 선장면 출장마사지 | 이용지역 예약문의 정보 | 한국미인테라피","37","아산 선장면 출장마사지 지역과 시간대 정보를 중심으로 이용 범위를 정리했습니다. 원하는 세부 위치의 이용정보와 시간을 함께 확인할 수 있습니다.","80"
"아산\송악면\index.html","아산 송악면 출장마사지 | 지역 범위와 시간대 안내 | 한국미인테라피","38","아산 송악면 출장마사지 지역정보를 기준으로 이용 가능한 범위와 시간대를 살펴볼 수 있습니다. 세부 위치와 이용시간을 한 페이지에서 확인할 수 있습니다.","84"
"아산\신창면\index.html","아산 신창면 출장마사지 | 이용지역 예약문의 정보 | 한국미인테라피","37","아산 신창면 출장마사지 이용 범위와 시간 정보를 지역별로 정리했습니다. 원하는 세부 지역의 이용시간과 관련 정보를 함께 확인할 수 있습니다.","78"
"아산\염치읍\index.html","아산 염치읍 출장마사지 | 이용지역 예약문의 정보 | 한국미인테라피","37","아산 염치읍 출장마사지 이용지역과 시간대 정보를 중심으로 안내합니다. 원하는 위치의 세부 지역정보와 이용시간을 확인할 수 있습니다.","73"
"아산\영인면\index.html","아산 영인면 출장마사지 | 지역 범위 이용시간 확인 | 한국미인테라피","38","아산 영인면 출장마사지 이용지역을 기준으로 세부 범위와 시간대 정보를 확인할 수 있습니다. 원하는 위치의 지역정보와 이용시간을 함께 살펴보세요.","80"
"아산\온양1동\index.html","아산 온양1동 출장마사지 | 이용 가능지역 시간 확인 | 한국미인테라피","39","아산 온양1동 출장마사지 이용 범위와 시간 정보를 지역별로 정리했습니다. 원하는 세부 지역의 이용시간과 관련 정보를 함께 확인할 수 있습니다.","79"
"아산\온양2동\index.html","아산 온양2동 출장마사지 | 지역 선택 이용시간 안내 | 한국미인테라피","39","아산 온양2동 출장마사지 이용 범위를 세부 지역과 시간대 기준으로 확인할 수 있습니다. 위치별 지역정보와 이용시간을 보기 쉽게 구성했습니다.","78"
"아산\온양3동\index.html","아산 온양3동 출장마사지 | 지역 범위 이용시간 확인 | 한국미인테라피","39","아산 온양3동 출장마사지 지역 범위와 이용 가능 시간 정보를 확인할 수 있습니다. 원하는 세부 지역의 이용시간과 관련 정보를 보기 쉽게 정리했습니다.","83"
"아산\온양4동\index.html","아산 온양4동 출장마사지 | 이용권역 예약시간 안내 | 한국미인테라피","38","아산 온양4동 출장마사지 관련 지역 범위와 이용시간을 보기 쉽게 정리했습니다. 세부 지역을 선택해 해당 위치의 시간대 정보를 확인할 수 있습니다.","81"
"아산\온양5동\index.html","아산 온양5동 출장마사지 | 가까운 지역 시간대 정보 | 한국미인테라피","39","아산 온양5동 출장마사지 지역 범위와 시간대별 이용정보를 확인할 수 있습니다. 세부 위치를 기준으로 이용시간과 지역정보를 함께 살펴볼 수 있습니다.","82"
"아산\온양6동\index.html","아산 온양6동 출장마사지 | 지역별 이용범위 문의 안내 | 한국미인테라피","40","아산 온양6동 출장마사지 이용 가능 범위와 시간대를 지역정보 중심으로 확인할 수 있습니다. 세부 지역별 이용시간도 함께 살펴볼 수 있습니다.","78"
"아산\음봉면\index.html","아산 음봉면 출장마사지 | 이용지역 예약문의 정보 | 한국미인테라피","37","아산 음봉면 출장마사지 이용 범위와 시간 정보를 지역별로 정리했습니다. 원하는 세부 지역의 이용시간과 관련 정보를 함께 확인할 수 있습니다.","78"
"아산\인주면\index.html","아산 인주면 출장마사지 | 지역별 이용범위 문의 안내 | 한국미인테라피","39","아산 인주면 출장마사지 이용지역과 세부 시간 정보를 확인할 수 있습니다. 지역별 범위와 원하는 시간대를 살펴보기 쉽게 구성했습니다.","73"
"아산\탕정면\index.html","아산 탕정면 출장마사지 | 이용권역 예약시간 안내 | 한국미인테라피","37","아산 탕정면 출장마사지 이용지역에 따른 범위와 시간대 정보를 안내합니다. 세부 위치별 지역정보와 이용시간을 확인할 수 있습니다.","71"
"안산단원구\index.html","안산 단원구 출장마사지 | 지역 선택 이용시간 안내 | 한국미인테라피","38","안산 단원구 출장마사지 지역정보와 이용 가능 시간대를 확인할 수 있습니다. 세부 지역별 범위와 시간 정보를 보기 쉽게 정리했습니다.","73"
"안산단원구\고잔동\index.html","안산 단원구 고잔동 출장마사지 | 지역 범위 이용시간 확인 | 한국미인테라피","42","안산 단원구 고잔동 출장마사지 지역별 이용 범위와 시간 정보를 한 페이지에 정리했습니다. 원하는 위치를 기준으로 세부 시간대와 지역정보를 살펴볼 수 있습니다.","88"
"안산단원구\대부동\index.html","안산 단원구 대부동 출장마사지 | 이용지역 예약문의 정보 | 한국미인테라피","41","안산 단원구 대부동 출장마사지 이용 범위와 시간 정보를 지역별로 정리했습니다. 원하는 세부 지역의 이용시간과 관련 정보를 함께 확인할 수 있습니다.","82"
"안산단원구\백운동\index.html","안산 단원구 백운동 출장마사지 | 이용권역 예약시간 안내 | 한국미인테라피","41","안산 단원구 백운동 출장마사지 관련 지역 범위와 이용시간을 보기 쉽게 정리했습니다. 세부 지역을 선택해 해당 위치의 시간대 정보를 확인할 수 있습니다.","84"
"안산단원구\선부동\index.html","안산 단원구 선부동 출장마사지 | 이용지역 예약문의 정보 | 한국미인테라피","41","안산 단원구 선부동 출장마사지 지역별 범위와 이용시간 정보를 정리해 안내합니다. 원하는 위치에 맞춰 세부 지역정보와 시간대를 확인할 수 있습니다.","81"
"안산단원구\신길동\index.html","안산 단원구 신길동 출장마사지 | 이용지역 예약문의 정보 | 한국미인테라피","41","안산 단원구 신길동 출장마사지 이용 범위와 시간 정보를 지역별로 정리했습니다. 원하는 세부 지역의 이용시간과 관련 정보를 함께 확인할 수 있습니다.","82"
"안산단원구\와동\index.html","안산 단원구 와동 출장마사지 | 이용지역 예약문의 정보 | 한국미인테라피","40","안산 단원구 와동 출장마사지 이용지역과 시간대 정보를 중심으로 안내합니다. 원하는 위치의 세부 지역정보와 이용시간을 확인할 수 있습니다.","76"
"안산단원구\원곡동\index.html","안산 단원구 원곡동 출장마사지 | 지역 범위와 시간대 안내 | 한국미인테라피","42","안산 단원구 원곡동 출장마사지 이용 범위를 세부 지역과 시간대 기준으로 확인할 수 있습니다. 위치별 지역정보와 이용시간을 보기 쉽게 구성했습니다.","81"
"안산단원구\중앙동\index.html","안산 단원구 중앙동 출장마사지 | 이용 가능지역 시간 확인 | 한국미인테라피","42","안산 단원구 중앙동 출장마사지 지역별 범위와 이용시간 정보를 정리해 안내합니다. 원하는 위치에 맞춰 세부 지역정보와 시간대를 확인할 수 있습니다.","81"
"안산단원구\초지동\index.html","안산 단원구 초지동 출장마사지 | 이용지역 예약문의 정보 | 한국미인테라피","41","안산 단원구 초지동 출장마사지 지역과 시간대 정보를 중심으로 이용 범위를 정리했습니다. 원하는 세부 위치의 이용정보와 시간을 함께 확인할 수 있습니다.","84"
"안산단원구\호수동\index.html","안산 단원구 호수동 출장마사지 | 이용지역 예약문의 정보 | 한국미인테라피","41","안산 단원구 호수동 출장마사지 지역과 시간대 정보를 중심으로 이용 범위를 정리했습니다. 원하는 세부 위치의 이용정보와 시간을 함께 확인할 수 있습니다.","84"
"안산상록구\index.html","안산 상록구 출장마사지 | 지역 범위와 시간대 안내 | 한국미인테라피","38","안산 상록구 출장마사지 이용정보를 지역과 시간대 기준으로 확인할 수 있습니다. 세부 위치별 이용 범위와 시간 정보를 함께 살펴볼 수 있습니다.","79"
"안산상록구\반월동\index.html","안산 상록구 반월동 출장마사지 | 이용 가능지역 시간 확인 | 한국미인테라피","42","안산 상록구 반월동 출장마사지 이용 범위와 시간 정보를 지역별로 정리했습니다. 원하는 세부 지역의 이용시간과 관련 정보를 함께 확인할 수 있습니다.","82"
"안산상록구\본오동\index.html","안산 상록구 본오동 출장마사지 | 이용 가능지역 시간 확인 | 한국미인테라피","42","안산 상록구 본오동 출장마사지 지역별 범위와 이용시간 정보를 정리해 안내합니다. 원하는 위치에 맞춰 세부 지역정보와 시간대를 확인할 수 있습니다.","81"
"안산상록구\부곡동\index.html","안산 상록구 부곡동 출장마사지 | 지역별 이용범위 문의 안내 | 한국미인테라피","43","안산 상록구 부곡동 출장마사지 이용 가능 범위와 시간대를 지역정보 중심으로 확인할 수 있습니다. 세부 지역별 이용시간도 함께 살펴볼 수 있습니다.","81"
"안산상록구\사동\index.html","안산 상록구 사동 출장마사지 | 이용 가능지역 시간 확인 | 한국미인테라피","41","안산 상록구 사동 출장마사지 지역정보를 바탕으로 이용 범위와 시간대를 확인할 수 있습니다. 세부 지역별 이용시간과 위치 정보를 함께 정리했습니다.","81"
"안산상록구\사이동\index.html","안산 상록구 사이동 출장마사지 | 가까운 지역 시간대 정보 | 한국미인테라피","42","안산 상록구 사이동 출장마사지 지역별 이용 범위와 시간 정보를 한 페이지에 정리했습니다. 원하는 위치를 기준으로 세부 시간대와 지역정보를 살펴볼 수 있습니다.","88"
"안산상록구\성포동\index.html","안산 상록구 성포동 출장마사지 | 지역 선택 이용시간 안내 | 한국미인테라피","42","안산 상록구 성포동 출장마사지 이용지역과 세부 시간 정보를 확인할 수 있습니다. 지역별 범위와 원하는 시간대를 살펴보기 쉽게 구성했습니다.","77"
"안산상록구\안산동\index.html","안산 상록구 안산동 출장마사지 | 가까운 지역 시간대 정보 | 한국미인테라피","42","안산 상록구 안산동 출장마사지 지역별 이용 범위와 시간 정보를 한 페이지에 정리했습니다. 원하는 위치를 기준으로 세부 시간대와 지역정보를 살펴볼 수 있습니다.","88"
"안산상록구\월피동\index.html","안산 상록구 월피동 출장마사지 | 가까운 지역 시간대 정보 | 한국미인테라피","42","안산 상록구 월피동 출장마사지 지역별 이용 범위와 시간 정보를 한 페이지에 정리했습니다. 원하는 위치를 기준으로 세부 시간대와 지역정보를 살펴볼 수 있습니다.","88"
"안산상록구\이동\index.html","안산 상록구 이동 출장마사지 | 이용 가능지역 시간 확인 | 한국미인테라피","41","안산 상록구 이동 출장마사지 이용지역과 시간대 정보를 중심으로 안내합니다. 원하는 위치의 세부 지역정보와 이용시간을 확인할 수 있습니다.","76"
"안산상록구\일동\index.html","안산 상록구 일동 출장마사지 | 이용 가능지역 시간 확인 | 한국미인테라피","41","안산 상록구 일동 출장마사지 이용지역과 시간대 정보를 중심으로 안내합니다. 원하는 위치의 세부 지역정보와 이용시간을 확인할 수 있습니다.","76"
"안산상록구\해양동\index.html","안산 상록구 해양동 출장마사지 | 지역 선택 이용시간 안내 | 한국미인테라피","42","안산 상록구 해양동 출장마사지 이용 범위를 세부 지역과 시간대 기준으로 확인할 수 있습니다. 위치별 지역정보와 이용시간을 보기 쉽게 구성했습니다.","81"
"안산시\index.html","안산 출장마사지 | 지역 선택 이용시간 안내 | 한국미인테라피","34","안산 출장마사지 지역정보와 이용 가능 시간대를 확인할 수 있습니다. 세부 지역별 범위와 시간 정보를 보기 쉽게 정리했습니다.","69"
"안성시\index.html","안성 출장마사지 | 지역 범위 이용시간 확인 | 한국미인테라피","34","안성 출장마사지 이용지역과 시간대 정보를 중심으로 안내합니다. 원하는 위치의 세부 지역정보와 이용시간을 확인할 수 있습니다.","69"
"안성시\고삼면\index.html","안성 고삼면 출장마사지 | 이용지역 예약문의 정보 | 한국미인테라피","37","안성 고삼면 출장마사지 지역 범위와 이용 가능 시간 정보를 확인할 수 있습니다. 원하는 세부 지역의 이용시간과 관련 정보를 보기 쉽게 정리했습니다.","82"
"안성시\공도읍\index.html","안성 공도읍 출장마사지 | 가까운 지역 시간대 정보 | 한국미인테라피","38","안성 공도읍 출장마사지 지역 안내와 이용시간 정보를 한곳에서 확인할 수 있습니다. 세부 위치별 이용 범위와 시간대 정보를 함께 살펴볼 수 있습니다.","82"
"안성시\금광면\index.html","안성 금광면 출장마사지 | 이용권역 예약시간 안내 | 한국미인테라피","37","안성 금광면 출장마사지 이용지역과 세부 시간 정보를 확인할 수 있습니다. 지역별 범위와 원하는 시간대를 살펴보기 쉽게 구성했습니다.","73"
"안성시\대덕면\index.html","안성 대덕면 출장마사지 | 지역 범위와 시간대 안내 | 한국미인테라피","38","안성 대덕면 출장마사지 관련 지역 범위와 이용시간을 보기 쉽게 정리했습니다. 세부 지역을 선택해 해당 위치의 시간대 정보를 확인할 수 있습니다.","80"
"안성시\미양면\index.html","안성 미양면 출장마사지 | 이용권역 예약시간 안내 | 한국미인테라피","37","안성 미양면 출장마사지 이용지역과 세부 시간 정보를 확인할 수 있습니다. 지역별 범위와 원하는 시간대를 살펴보기 쉽게 구성했습니다.","73"
"안성시\보개면\index.html","안성 보개면 출장마사지 | 지역 범위 이용시간 확인 | 한국미인테라피","38","안성 보개면 출장마사지 지역정보와 이용시간을 기준으로 세부 범위를 확인할 수 있습니다. 원하는 위치의 시간대 정보를 함께 정리했습니다.","75"
"안성시\삼죽면\index.html","안성 삼죽면 출장마사지 | 이용권역 예약시간 안내 | 한국미인테라피","37","안성 삼죽면 출장마사지 이용지역과 세부 시간 정보를 확인할 수 있습니다. 지역별 범위와 원하는 시간대를 살펴보기 쉽게 구성했습니다.","73"
"안성시\서운면\index.html","안성 서운면 출장마사지 | 지역 범위 이용시간 확인 | 한국미인테라피","38","안성 서운면 출장마사지 지역정보와 이용시간을 기준으로 세부 범위를 확인할 수 있습니다. 원하는 위치의 시간대 정보를 함께 정리했습니다.","75"
"안성시\안성동\index.html","안성 안성동 출장마사지 | 이용 가능지역 시간 확인 | 한국미인테라피","38","안성 안성동 출장마사지 지역 범위와 이용 가능 시간 정보를 확인할 수 있습니다. 원하는 세부 지역의 이용시간과 관련 정보를 보기 쉽게 정리했습니다.","82"
"안성시\양성면\index.html","안성 양성면 출장마사지 | 가까운 지역 시간대 정보 | 한국미인테라피","38","안성 양성면 출장마사지 지역정보를 바탕으로 이용 범위와 시간대를 확인할 수 있습니다. 세부 지역별 이용시간과 위치 정보를 함께 정리했습니다.","78"
"안성시\원곡면\index.html","안성 원곡면 출장마사지 | 이용권역 예약시간 안내 | 한국미인테라피","37","안성 원곡면 출장마사지 이용지역과 세부 시간 정보를 확인할 수 있습니다. 지역별 범위와 원하는 시간대를 살펴보기 쉽게 구성했습니다.","73"
"안성시\일죽면\index.html","안성 일죽면 출장마사지 | 이용권역 예약시간 안내 | 한국미인테라피","37","안성 일죽면 출장마사지 이용지역별 범위와 시간대를 보기 쉽게 안내합니다. 세부 지역에 따라 이용시간과 관련 정보를 확인할 수 있습니다.","75"
"안성시\죽산면\index.html","안성 죽산면 출장마사지 | 지역 범위와 시간대 안내 | 한국미인테라피","38","안성 죽산면 출장마사지 이용정보를 지역과 시간대 기준으로 확인할 수 있습니다. 세부 위치별 이용 범위와 시간 정보를 함께 살펴볼 수 있습니다.","79"
"안양동안구\index.html","안양 동안구 출장마사지 | 이용권역 예약시간 안내 | 한국미인테라피","37","안양 동안구 출장마사지 지역정보와 이용 가능 시간대를 확인할 수 있습니다. 세부 지역별 범위와 시간 정보를 보기 쉽게 정리했습니다.","73"
"안양동안구\갈산동\index.html","안양 동안구 갈산동 출장마사지 | 이용 가능지역 시간 확인 | 한국미인테라피","42","안양 동안구 갈산동 출장마사지 지역과 시간대 정보를 중심으로 이용 범위를 정리했습니다. 원하는 세부 위치의 이용정보와 시간을 함께 확인할 수 있습니다.","84"
"안양동안구\관양동\index.html","안양 동안구 관양동 출장마사지 | 지역 선택 이용시간 안내 | 한국미인테라피","42","안양 동안구 관양동 출장마사지 지역별 이용정보와 시간대를 확인할 수 있도록 구성했습니다. 세부 위치에 따라 이용 범위와 시간 정보를 살펴볼 수 있습니다.","85"
"안양동안구\귀인동\index.html","안양 동안구 귀인동 출장마사지 | 이용 가능지역 시간 확인 | 한국미인테라피","42","안양 동안구 귀인동 출장마사지 이용 범위와 시간 정보를 지역별로 정리했습니다. 원하는 세부 지역의 이용시간과 관련 정보를 함께 확인할 수 있습니다.","82"
"안양동안구\달안동\index.html","안양 동안구 달안동 출장마사지 | 가까운 지역 시간대 정보 | 한국미인테라피","42","안양 동안구 달안동 출장마사지 지역 안내와 이용시간 정보를 한곳에서 확인할 수 있습니다. 세부 위치별 이용 범위와 시간대 정보를 함께 살펴볼 수 있습니다.","86"
"안양동안구\범계동\index.html","안양 동안구 범계동 출장마사지 | 이용 가능지역 시간 확인 | 한국미인테라피","42","안양 동안구 범계동 출장마사지 지역과 시간대 정보를 중심으로 이용 범위를 정리했습니다. 원하는 세부 위치의 이용정보와 시간을 함께 확인할 수 있습니다.","84"
"안양동안구\부림동\index.html","안양 동안구 부림동 출장마사지 | 가까운 지역 시간대 정보 | 한국미인테라피","42","안양 동안구 부림동 출장마사지 지역 범위와 시간대별 이용정보를 확인할 수 있습니다. 세부 위치를 기준으로 이용시간과 지역정보를 함께 살펴볼 수 있습니다.","85"
"안양동안구\부흥동\index.html","안양 동안구 부흥동 출장마사지 | 지역별 이용범위 문의 안내 | 한국미인테라피","43","안양 동안구 부흥동 출장마사지 이용 가능지역과 시간대 정보를 중심으로 구성했습니다. 원하는 지역의 세부 범위와 이용시간을 확인해보세요.","75"
"안양동안구\비산동\index.html","안양 동안구 비산동 출장마사지 | 가까운 지역 시간대 정보 | 한국미인테라피","42","안양 동안구 비산동 출장마사지 지역별 이용 범위와 시간 정보를 한 페이지에 정리했습니다. 원하는 위치를 기준으로 세부 시간대와 지역정보를 살펴볼 수 있습니다.","88"
"안양동안구\신촌동\index.html","안양 동안구 신촌동 출장마사지 | 가까운 지역 시간대 정보 | 한국미인테라피","42","안양 동안구 신촌동 출장마사지 지역별 이용 범위와 시간 정보를 한 페이지에 정리했습니다. 원하는 위치를 기준으로 세부 시간대와 지역정보를 살펴볼 수 있습니다.","88"
"안양동안구\인덕원동\index.html","안양 동안구 인덕원동 출장마사지 | 지역별 이용범위 문의 안내 | 한국미인테라피","44","안양 동안구 인덕원동 출장마사지 지역별 이용정보와 시간대를 확인할 수 있도록 구성했습니다. 세부 위치에 따라 이용 범위와 시간 정보를 살펴볼 수 있습니다.","86"
"안양동안구\평안동\index.html","안양 동안구 평안동 출장마사지 | 지역 선택 이용시간 안내 | 한국미인테라피","42","안양 동안구 평안동 출장마사지 지역정보를 기준으로 이용 가능한 범위와 시간대를 살펴볼 수 있습니다. 세부 위치와 이용시간을 한 페이지에서 확인할 수 있습니다.","88"
"안양동안구\평촌동\index.html","안양 동안구 평촌동 출장마사지 | 지역별 이용범위 문의 안내 | 한국미인테라피","43","안양 동안구 평촌동 출장마사지 이용지역 정보를 바탕으로 시간대와 세부 범위를 안내합니다. 지역별 이용시간을 한눈에 확인할 수 있도록 정리했습니다.","81"
"안양동안구\호계동\index.html","안양 동안구 호계동 출장마사지 | 가까운 지역 시간대 정보 | 한국미인테라피","42","안양 동안구 호계동 출장마사지 지역 안내와 이용시간 정보를 한곳에서 확인할 수 있습니다. 세부 위치별 이용 범위와 시간대 정보를 함께 살펴볼 수 있습니다.","86"
"안양만안구\index.html","안양 만안구 출장마사지 | 이용지역 예약문의 정보 | 한국미인테라피","37","안양 만안구 출장마사지 지역별 이용시간과 세부 범위를 확인할 수 있습니다. 원하는 위치에 따른 시간대 정보를 함께 살펴볼 수 있습니다.","75"
"안양만안구\명학동\index.html","안양 만안구 명학동 출장마사지 | 지역 선택 이용시간 안내 | 한국미인테라피","42","안양 만안구 명학동 출장마사지 이용정보를 지역과 시간대 기준으로 확인할 수 있습니다. 세부 위치별 이용 범위와 시간 정보를 함께 살펴볼 수 있습니다.","83"
"안양만안구\박달동\index.html","안양 만안구 박달동 출장마사지 | 가까운 지역 시간대 정보 | 한국미인테라피","42","안양 만안구 박달동 출장마사지 지역별 이용 범위와 시간 정보를 한 페이지에 정리했습니다. 원하는 위치를 기준으로 세부 시간대와 지역정보를 살펴볼 수 있습니다.","88"
"안양만안구\병목안동\index.html","안양 만안구 병목안동 출장마사지 | 지역별 이용범위 문의 안내 | 한국미인테라피","44","안양 만안구 병목안동 출장마사지 이용 범위를 세부 지역과 시간대 기준으로 확인할 수 있습니다. 위치별 지역정보와 이용시간을 보기 쉽게 구성했습니다.","82"
"안양만안구\석수동\index.html","안양 만안구 석수동 출장마사지 | 이용 가능지역 시간 확인 | 한국미인테라피","42","안양 만안구 석수동 출장마사지 지역별 범위와 이용시간 정보를 정리해 안내합니다. 원하는 위치에 맞춰 세부 지역정보와 시간대를 확인할 수 있습니다.","81"
"안양만안구\안양동\index.html","안양 만안구 안양동 출장마사지 | 가까운 지역 시간대 정보 | 한국미인테라피","42","안양 만안구 안양동 출장마사지 지역정보를 바탕으로 이용 범위와 시간대를 확인할 수 있습니다. 세부 지역별 이용시간과 위치 정보를 함께 정리했습니다.","82"
"안양만안구\충훈동\index.html","안양 만안구 충훈동 출장마사지 | 가까운 지역 시간대 정보 | 한국미인테라피","42","안양 만안구 충훈동 출장마사지 지역별 이용 범위와 시간 정보를 한 페이지에 정리했습니다. 원하는 위치를 기준으로 세부 시간대와 지역정보를 살펴볼 수 있습니다.","88"
"안양만안구\호현동\index.html","안양 만안구 호현동 출장마사지 | 지역 범위와 시간대 안내 | 한국미인테라피","42","안양 만안구 호현동 출장마사지 이용 범위를 세부 지역과 시간대 기준으로 확인할 수 있습니다. 위치별 지역정보와 이용시간을 보기 쉽게 구성했습니다.","81"
"안양시\index.html","안양 출장마사지 | 지역 범위 이용시간 확인 | 한국미인테라피","34","안양 출장마사지 지역정보와 이용시간을 기준으로 세부 범위를 확인할 수 있습니다. 원하는 위치의 시간대 정보를 함께 정리했습니다.","71"
"양주시\index.html","양주 출장마사지 | 이용지역 예약문의 정보 | 한국미인테라피","33","양주 출장마사지 이용 범위와 시간 정보를 지역별로 정리했습니다. 원하는 세부 지역의 이용시간과 관련 정보를 함께 확인할 수 있습니다.","74"
"양주시\광적면\index.html","양주 광적면 출장마사지 | 이용 가능지역 시간 확인 | 한국미인테라피","38","양주 광적면 출장마사지 지역과 시간대 정보를 중심으로 이용 범위를 정리했습니다. 원하는 세부 위치의 이용정보와 시간을 함께 확인할 수 있습니다.","80"
"양주시\남면\index.html","양주 남면 출장마사지 | 이용지역 예약문의 정보 | 한국미인테라피","36","양주 남면 출장마사지 지역별 범위와 이용시간 정보를 정리해 안내합니다. 원하는 위치에 맞춰 세부 지역정보와 시간대를 확인할 수 있습니다.","76"
"양주시\백석읍\index.html","양주 백석읍 출장마사지 | 지역별 이용범위 문의 안내 | 한국미인테라피","39","양주 백석읍 출장마사지 이용지역에 따른 범위와 시간대 정보를 안내합니다. 세부 위치별 지역정보와 이용시간을 확인할 수 있습니다.","71"
"양주시\양주동\index.html","양주 양주동 출장마사지 | 이용 가능지역 시간 확인 | 한국미인테라피","38","양주 양주동 출장마사지 지역정보를 바탕으로 이용 범위와 시간대를 확인할 수 있습니다. 세부 지역별 이용시간과 위치 정보를 함께 정리했습니다.","78"
"양주시\옥정동\index.html","양주 옥정동 출장마사지 | 지역별 이용범위 문의 안내 | 한국미인테라피","39","양주 옥정동 출장마사지 이용지역 정보를 바탕으로 시간대와 세부 범위를 안내합니다. 지역별 이용시간을 한눈에 확인할 수 있도록 정리했습니다.","77"
"양주시\은현면\index.html","양주 은현면 출장마사지 | 지역 범위 이용시간 확인 | 한국미인테라피","38","양주 은현면 출장마사지 지역 범위와 시간대별 이용정보를 확인할 수 있습니다. 세부 위치를 기준으로 이용시간과 지역정보를 함께 살펴볼 수 있습니다.","81"
"양주시\장흥면\index.html","양주 장흥면 출장마사지 | 이용 가능지역 시간 확인 | 한국미인테라피","38","양주 장흥면 출장마사지 지역별 범위와 이용시간 정보를 정리해 안내합니다. 원하는 위치에 맞춰 세부 지역정보와 시간대를 확인할 수 있습니다.","77"
"양주시\회천동\index.html","양주 회천동 출장마사지 | 이용권역 예약시간 안내 | 한국미인테라피","37","양주 회천동 출장마사지 이용지역 정보를 바탕으로 시간대와 세부 범위를 안내합니다. 지역별 이용시간을 한눈에 확인할 수 있도록 정리했습니다.","77"
"양천구\index.html","서울 양천구 출장마사지 | 이용지역 예약문의 정보 | 한국미인테라피","37","서울 양천구 출장마사지 지역과 시간대 정보를 중심으로 이용 범위를 정리했습니다. 원하는 세부 위치의 이용정보와 시간을 함께 확인할 수 있습니다.","80"
"양천구\목동\index.html","서울 양천구 목동 출장마사지 | 가까운 지역 시간대 정보 | 한국미인테라피","41","서울 양천구 목동 출장마사지 지역 안내와 이용시간 정보를 한곳에서 확인할 수 있습니다. 세부 위치별 이용 범위와 시간대 정보를 함께 살펴볼 수 있습니다.","85"
"양천구\신월동\index.html","서울 양천구 신월동 출장마사지 | 지역 범위와 시간대 안내 | 한국미인테라피","42","서울 양천구 신월동 출장마사지 지역정보를 기준으로 이용 가능한 범위와 시간대를 살펴볼 수 있습니다. 세부 위치와 이용시간을 한 페이지에서 확인할 수 있습니다.","88"
"양천구\신정동\index.html","서울 양천구 신정동 출장마사지 | 이용 가능지역 시간 확인 | 한국미인테라피","42","서울 양천구 신정동 출장마사지 이용 범위와 시간 정보를 지역별로 정리했습니다. 원하는 세부 지역의 이용시간과 관련 정보를 함께 확인할 수 있습니다.","82"
"양평군\index.html","양평군 출장마사지 | 지역 범위와 시간대 안내 | 한국미인테라피","35","양평군 출장마사지 지역별 이용정보와 시간대를 확인할 수 있도록 구성했습니다. 세부 위치에 따라 이용 범위와 시간 정보를 살펴볼 수 있습니다.","78"
"양평군\강상면\index.html","양평군 강상면 출장마사지 | 지역별 이용범위 문의 안내 | 한국미인테라피","40","양평군 강상면 출장마사지 이용 가능지역과 시간대 정보를 중심으로 구성했습니다. 원하는 지역의 세부 범위와 이용시간을 확인해보세요.","72"
"양평군\강하면\index.html","양평군 강하면 출장마사지 | 가까운 지역 시간대 정보 | 한국미인테라피","39","양평군 강하면 출장마사지 지역 안내와 이용시간 정보를 한곳에서 확인할 수 있습니다. 세부 위치별 이용 범위와 시간대 정보를 함께 살펴볼 수 있습니다.","83"
"양평군\개군면\index.html","양평군 개군면 출장마사지 | 이용권역 예약시간 안내 | 한국미인테라피","38","양평군 개군면 출장마사지 이용 가능지역과 시간대 정보를 중심으로 구성했습니다. 원하는 지역의 세부 범위와 이용시간을 확인해보세요.","72"
"양평군\단월면\index.html","양평군 단월면 출장마사지 | 이용권역 예약시간 안내 | 한국미인테라피","38","양평군 단월면 출장마사지 이용 가능지역과 시간대 정보를 중심으로 구성했습니다. 원하는 지역의 세부 범위와 이용시간을 확인해보세요.","72"
"양평군\서종면\index.html","양평군 서종면 출장마사지 | 이용 가능지역 시간 확인 | 한국미인테라피","39","양평군 서종면 출장마사지 지역 범위와 이용 가능 시간 정보를 확인할 수 있습니다. 원하는 세부 지역의 이용시간과 관련 정보를 보기 쉽게 정리했습니다.","83"
"양평군\양동면\index.html","양평군 양동면 출장마사지 | 지역 선택 이용시간 안내 | 한국미인테라피","39","양평군 양동면 출장마사지 이용정보를 지역과 시간대 기준으로 확인할 수 있습니다. 세부 위치별 이용 범위와 시간 정보를 함께 살펴볼 수 있습니다.","80"
"양평군\양서면\index.html","양평군 양서면 출장마사지 | 가까운 지역 시간대 정보 | 한국미인테라피","39","양평군 양서면 출장마사지 지역 범위와 시간대별 이용정보를 확인할 수 있습니다. 세부 위치를 기준으로 이용시간과 지역정보를 함께 살펴볼 수 있습니다.","82"
"양평군\양평읍\index.html","양평군 양평읍 출장마사지 | 지역 범위 이용시간 확인 | 한국미인테라피","39","양평군 양평읍 출장마사지 지역과 시간대 정보를 중심으로 이용 범위를 정리했습니다. 원하는 세부 위치의 이용정보와 시간을 함께 확인할 수 있습니다.","81"
"양평군\옥천면\index.html","양평군 옥천면 출장마사지 | 이용 가능지역 시간 확인 | 한국미인테라피","39","양평군 옥천면 출장마사지 이용 범위와 시간 정보를 지역별로 정리했습니다. 원하는 세부 지역의 이용시간과 관련 정보를 함께 확인할 수 있습니다.","79"
"양평군\용문면\index.html","양평군 용문면 출장마사지 | 이용 가능지역 시간 확인 | 한국미인테라피","39","양평군 용문면 출장마사지 지역과 시간대 정보를 중심으로 이용 범위를 정리했습니다. 원하는 세부 위치의 이용정보와 시간을 함께 확인할 수 있습니다.","81"
"양평군\지평면\index.html","양평군 지평면 출장마사지 | 이용 가능지역 시간 확인 | 한국미인테라피","39","양평군 지평면 출장마사지 지역 범위와 이용 가능 시간 정보를 확인할 수 있습니다. 원하는 세부 지역의 이용시간과 관련 정보를 보기 쉽게 정리했습니다.","83"
"양평군\청운면\index.html","양평군 청운면 출장마사지 | 이용 가능지역 시간 확인 | 한국미인테라피","39","양평군 청운면 출장마사지 이용 범위와 시간 정보를 지역별로 정리했습니다. 원하는 세부 지역의 이용시간과 관련 정보를 함께 확인할 수 있습니다.","79"
"여주시\index.html","여주 출장마사지 | 지역 선택 이용시간 안내 | 한국미인테라피","34","여주 출장마사지 지역정보와 이용 가능 시간대를 확인할 수 있습니다. 세부 지역별 범위와 시간 정보를 보기 쉽게 정리했습니다.","69"
"여주시\가남읍\index.html","여주 가남읍 출장마사지 | 지역 범위 이용시간 확인 | 한국미인테라피","38","여주 가남읍 출장마사지 지역 안내와 이용시간 정보를 한곳에서 확인할 수 있습니다. 세부 위치별 이용 범위와 시간대 정보를 함께 살펴볼 수 있습니다.","82"
"여주시\강천면\index.html","여주 강천면 출장마사지 | 지역 범위 이용시간 확인 | 한국미인테라피","38","여주 강천면 출장마사지 지역 안내와 이용시간 정보를 한곳에서 확인할 수 있습니다. 세부 위치별 이용 범위와 시간대 정보를 함께 살펴볼 수 있습니다.","82"
"여주시\금사면\index.html","여주 금사면 출장마사지 | 지역별 이용범위 문의 안내 | 한국미인테라피","39","여주 금사면 출장마사지 지역별 이용정보와 시간대를 확인할 수 있도록 구성했습니다. 세부 위치에 따라 이용 범위와 시간 정보를 살펴볼 수 있습니다.","81"
"여주시\대신면\index.html","여주 대신면 출장마사지 | 지역 선택 이용시간 안내 | 한국미인테라피","38","여주 대신면 출장마사지 지역정보와 이용 가능 시간대를 확인할 수 있습니다. 세부 지역별 범위와 시간 정보를 보기 쉽게 정리했습니다.","73"
"여주시\북내면\index.html","여주 북내면 출장마사지 | 이용지역 예약문의 정보 | 한국미인테라피","37","여주 북내면 출장마사지 지역별 범위와 이용시간 정보를 정리해 안내합니다. 원하는 위치에 맞춰 세부 지역정보와 시간대를 확인할 수 있습니다.","77"
"여주시\산북면\index.html","여주 산북면 출장마사지 | 지역 범위 이용시간 확인 | 한국미인테라피","38","여주 산북면 출장마사지 지역정보를 바탕으로 이용 범위와 시간대를 확인할 수 있습니다. 세부 지역별 이용시간과 위치 정보를 함께 정리했습니다.","78"
"여주시\세종대왕면\index.html","여주 세종대왕면 출장마사지 | 이용권역 예약시간 안내 | 한국미인테라피","39","여주 세종대왕면 출장마사지 이용지역별 범위와 시간대를 보기 쉽게 안내합니다. 세부 지역에 따라 이용시간과 관련 정보를 확인할 수 있습니다.","77"
"여주시\여흥동\index.html","여주 여흥동 출장마사지 | 지역 범위와 시간대 안내 | 한국미인테라피","38","여주 여흥동 출장마사지 지역별 이용정보와 시간대를 확인할 수 있도록 구성했습니다. 세부 위치에 따라 이용 범위와 시간 정보를 살펴볼 수 있습니다.","81"
"여주시\오학동\index.html","여주 오학동 출장마사지 | 이용권역 예약시간 안내 | 한국미인테라피","37","여주 오학동 출장마사지 이용 가능 범위와 시간대를 지역정보 중심으로 확인할 수 있습니다. 세부 지역별 이용시간도 함께 살펴볼 수 있습니다.","77"
"여주시\점동면\index.html","여주 점동면 출장마사지 | 지역 범위 이용시간 확인 | 한국미인테라피","38","여주 점동면 출장마사지 지역정보와 이용시간을 기준으로 세부 범위를 확인할 수 있습니다. 원하는 위치의 시간대 정보를 함께 정리했습니다.","75"
"여주시\중앙동\index.html","여주 중앙동 출장마사지 | 이용 가능지역 시간 확인 | 한국미인테라피","38","여주 중앙동 출장마사지 이용 범위와 시간 정보를 지역별로 정리했습니다. 원하는 세부 지역의 이용시간과 관련 정보를 함께 확인할 수 있습니다.","78"
"여주시\흥천면\index.html","여주 흥천면 출장마사지 | 지역 범위 이용시간 확인 | 한국미인테라피","38","여주 흥천면 출장마사지 지역 안내와 이용시간 정보를 한곳에서 확인할 수 있습니다. 세부 위치별 이용 범위와 시간대 정보를 함께 살펴볼 수 있습니다.","82"
"연수구\index.html","인천 연수구 출장마사지 | 지역 선택 이용시간 안내 | 한국미인테라피","38","인천 연수구 출장마사지 이용 가능지역과 시간대 정보를 중심으로 구성했습니다. 원하는 지역의 세부 범위와 이용시간을 확인해보세요.","71"
"연수구\동춘동\index.html","인천 연수구 동춘동 출장마사지 | 지역 범위와 시간대 안내 | 한국미인테라피","42","인천 연수구 동춘동 출장마사지 지역정보를 기준으로 이용 가능한 범위와 시간대를 살펴볼 수 있습니다. 세부 위치와 이용시간을 한 페이지에서 확인할 수 있습니다.","88"
"연수구\선학동\index.html","인천 연수구 선학동 출장마사지 | 지역 범위와 시간대 안내 | 한국미인테라피","42","인천 연수구 선학동 출장마사지 이용 범위를 세부 지역과 시간대 기준으로 확인할 수 있습니다. 위치별 지역정보와 이용시간을 보기 쉽게 구성했습니다.","81"
"연수구\송도동\index.html","인천 연수구 송도동 출장마사지 | 이용권역 예약시간 안내 | 한국미인테라피","41","인천 연수구 송도동 출장마사지 이용지역에 따른 범위와 시간대 정보를 안내합니다. 세부 위치별 지역정보와 이용시간을 확인할 수 있습니다.","75"
"연수구\연수동\index.html","인천 연수구 연수동 출장마사지 | 이용지역 예약문의 정보 | 한국미인테라피","41","인천 연수구 연수동 출장마사지 지역과 시간대 정보를 중심으로 이용 범위를 정리했습니다. 원하는 세부 위치의 이용정보와 시간을 함께 확인할 수 있습니다.","84"
"연수구\옥련동\index.html","인천 연수구 옥련동 출장마사지 | 이용권역 예약시간 안내 | 한국미인테라피","41","인천 연수구 옥련동 출장마사지 이용지역에 따른 범위와 시간대 정보를 안내합니다. 세부 위치별 지역정보와 이용시간을 확인할 수 있습니다.","75"
"연수구\청학동\index.html","인천 연수구 청학동 출장마사지 | 가까운 지역 시간대 정보 | 한국미인테라피","42","인천 연수구 청학동 출장마사지 지역 안내와 이용시간 정보를 한곳에서 확인할 수 있습니다. 세부 위치별 이용 범위와 시간대 정보를 함께 살펴볼 수 있습니다.","86"
"연천군\index.html","연천군 출장마사지 | 지역 선택 이용시간 안내 | 한국미인테라피","35","연천군 출장마사지 이용 가능지역과 시간대 정보를 중심으로 구성했습니다. 원하는 지역의 세부 범위와 이용시간을 확인해보세요.","68"
"연천군\군남면\index.html","연천군 군남면 출장마사지 | 지역 선택 이용시간 안내 | 한국미인테라피","39","연천군 군남면 출장마사지 이용 가능 범위와 시간대를 지역정보 중심으로 확인할 수 있습니다. 세부 지역별 이용시간도 함께 살펴볼 수 있습니다.","78"
"연천군\미산면\index.html","연천군 미산면 출장마사지 | 지역 선택 이용시간 안내 | 한국미인테라피","39","연천군 미산면 출장마사지 이용 가능지역과 시간대 정보를 중심으로 구성했습니다. 원하는 지역의 세부 범위와 이용시간을 확인해보세요.","72"
"연천군\백학면\index.html","연천군 백학면 출장마사지 | 이용권역 예약시간 안내 | 한국미인테라피","38","연천군 백학면 출장마사지 이용 가능 범위와 시간대를 지역정보 중심으로 확인할 수 있습니다. 세부 지역별 이용시간도 함께 살펴볼 수 있습니다.","78"
"연천군\신서면\index.html","연천군 신서면 출장마사지 | 지역별 이용범위 문의 안내 | 한국미인테라피","40","연천군 신서면 출장마사지 지역별 이용정보와 시간대를 확인할 수 있도록 구성했습니다. 세부 위치에 따라 이용 범위와 시간 정보를 살펴볼 수 있습니다.","82"
"연천군\연천읍\index.html","연천군 연천읍 출장마사지 | 이용지역 예약문의 정보 | 한국미인테라피","38","연천군 연천읍 출장마사지 지역별 범위와 이용시간 정보를 정리해 안내합니다. 원하는 위치에 맞춰 세부 지역정보와 시간대를 확인할 수 있습니다.","78"
"연천군\왕징면\index.html","연천군 왕징면 출장마사지 | 이용권역 예약시간 안내 | 한국미인테라피","38","연천군 왕징면 출장마사지 이용 가능지역과 시간대 정보를 중심으로 구성했습니다. 원하는 지역의 세부 범위와 이용시간을 확인해보세요.","72"
"연천군\장남면\index.html","연천군 장남면 출장마사지 | 이용지역 예약문의 정보 | 한국미인테라피","38","연천군 장남면 출장마사지 지역과 시간대 정보를 중심으로 이용 범위를 정리했습니다. 원하는 세부 위치의 이용정보와 시간을 함께 확인할 수 있습니다.","81"
"연천군\전곡읍\index.html","연천군 전곡읍 출장마사지 | 지역 범위와 시간대 안내 | 한국미인테라피","39","연천군 전곡읍 출장마사지 이용 범위를 세부 지역과 시간대 기준으로 확인할 수 있습니다. 위치별 지역정보와 이용시간을 보기 쉽게 구성했습니다.","78"
"연천군\중면\index.html","연천군 중면 출장마사지 | 지역 범위 이용시간 확인 | 한국미인테라피","38","연천군 중면 출장마사지 지역별 이용 범위와 시간 정보를 한 페이지에 정리했습니다. 원하는 위치를 기준으로 세부 시간대와 지역정보를 살펴볼 수 있습니다.","84"
"연천군\청산면\index.html","연천군 청산면 출장마사지 | 이용지역 예약문의 정보 | 한국미인테라피","38","연천군 청산면 출장마사지 지역별 범위와 이용시간 정보를 정리해 안내합니다. 원하는 위치에 맞춰 세부 지역정보와 시간대를 확인할 수 있습니다.","78"
"영등포구\index.html","서울 영등포구 출장마사지 | 지역 범위와 시간대 안내 | 한국미인테라피","39","서울 영등포구 출장마사지 지역정보를 기준으로 이용 가능한 범위와 시간대를 살펴볼 수 있습니다. 세부 위치와 이용시간을 한 페이지에서 확인할 수 있습니다.","85"
"영등포구\당산동\index.html","서울 영등포구 당산동 출장마사지 | 지역별 이용범위 문의 안내 | 한국미인테라피","44","서울 영등포구 당산동 출장마사지 이용정보를 지역과 시간대 기준으로 확인할 수 있습니다. 세부 위치별 이용 범위와 시간 정보를 함께 살펴볼 수 있습니다.","84"
"영등포구\대림동\index.html","서울 영등포구 대림동 출장마사지 | 이용 가능지역 시간 확인 | 한국미인테라피","43","서울 영등포구 대림동 출장마사지 지역정보를 바탕으로 이용 범위와 시간대를 확인할 수 있습니다. 세부 지역별 이용시간과 위치 정보를 함께 정리했습니다.","83"
"영등포구\도림동\index.html","서울 영등포구 도림동 출장마사지 | 가까운 지역 시간대 정보 | 한국미인테라피","43","서울 영등포구 도림동 출장마사지 지역별 이용시간과 세부 범위를 확인할 수 있습니다. 원하는 위치에 따른 시간대 정보를 함께 살펴볼 수 있습니다.","80"
"영등포구\문래동\index.html","서울 영등포구 문래동 출장마사지 | 가까운 지역 시간대 정보 | 한국미인테라피","43","서울 영등포구 문래동 출장마사지 지역별 이용시간과 세부 범위를 확인할 수 있습니다. 원하는 위치에 따른 시간대 정보를 함께 살펴볼 수 있습니다.","80"
"영등포구\신길동\index.html","서울 영등포구 신길동 출장마사지 | 가까운 지역 시간대 정보 | 한국미인테라피","43","서울 영등포구 신길동 출장마사지 이용지역을 기준으로 세부 범위와 시간대 정보를 확인할 수 있습니다. 원하는 위치의 지역정보와 이용시간을 함께 살펴보세요.","85"
"영등포구\양평동\index.html","서울 영등포구 양평동 출장마사지 | 이용지역 예약문의 정보 | 한국미인테라피","42","서울 영등포구 양평동 출장마사지 이용지역을 기준으로 세부 범위와 시간대 정보를 확인할 수 있습니다. 원하는 위치의 지역정보와 이용시간을 함께 살펴보세요.","85"
"영등포구\여의동\index.html","서울 영등포구 여의동 출장마사지 | 이용 가능지역 시간 확인 | 한국미인테라피","43","서울 영등포구 여의동 출장마사지 지역정보와 이용시간을 기준으로 세부 범위를 확인할 수 있습니다. 원하는 위치의 시간대 정보를 함께 정리했습니다.","80"
"영등포구\영등포동\index.html","서울 영등포구 영등포동 출장마사지 | 지역 범위 이용시간 확인 | 한국미인테라피","44","서울 영등포구 영등포동 출장마사지 지역별 범위와 이용시간 정보를 정리해 안내합니다. 원하는 위치에 맞춰 세부 지역정보와 시간대를 확인할 수 있습니다.","83"
"영등포구\영등포본동\index.html","서울 영등포구 영등포본동 출장마사지 | 지역 범위 이용시간 확인 | 한국미인테라피","45","서울 영등포구 영등포본동 출장마사지 이용지역과 시간대 정보를 중심으로 안내합니다. 원하는 위치의 세부 지역정보와 이용시간을 확인할 수 있습니다.","80"
"영종구\index.html","인천 영종구 출장마사지 | 지역 범위와 시간대 안내 | 한국미인테라피","38","인천 영종구 출장마사지 이용 범위를 세부 지역과 시간대 기준으로 확인할 수 있습니다. 위치별 지역정보와 이용시간을 보기 쉽게 구성했습니다.","77"
"영종구\영종동\index.html","인천 영종구 영종동 출장마사지 | 지역 범위 이용시간 확인 | 한국미인테라피","42","인천 영종구 영종동 출장마사지 지역별 범위와 이용시간 정보를 정리해 안내합니다. 원하는 위치에 맞춰 세부 지역정보와 시간대를 확인할 수 있습니다.","81"
"영종구\용유동\index.html","인천 영종구 용유동 출장마사지 | 지역별 이용범위 문의 안내 | 한국미인테라피","43","인천 영종구 용유동 출장마사지 이용지역에 따른 범위와 시간대 정보를 안내합니다. 세부 위치별 지역정보와 이용시간을 확인할 수 있습니다.","75"
"영종구\운서동\index.html","인천 영종구 운서동 출장마사지 | 가까운 지역 시간대 정보 | 한국미인테라피","42","인천 영종구 운서동 출장마사지 지역별 이용 범위와 시간 정보를 한 페이지에 정리했습니다. 원하는 위치를 기준으로 세부 시간대와 지역정보를 살펴볼 수 있습니다.","88"
"오산시\index.html","오산 출장마사지 | 지역별 이용범위 문의 안내 | 한국미인테라피","35","오산 출장마사지 이용정보를 지역과 시간대 기준으로 확인할 수 있습니다. 세부 위치별 이용 범위와 시간 정보를 함께 살펴볼 수 있습니다.","75"
"오산시\남촌동\index.html","오산 남촌동 출장마사지 | 이용지역 예약문의 정보 | 한국미인테라피","37","오산 남촌동 출장마사지 지역별 범위와 이용시간 정보를 정리해 안내합니다. 원하는 위치에 맞춰 세부 지역정보와 시간대를 확인할 수 있습니다.","77"
"오산시\대원동\index.html","오산 대원동 출장마사지 | 지역 범위 이용시간 확인 | 한국미인테라피","38","오산 대원동 출장마사지 지역 안내와 이용시간 정보를 한곳에서 확인할 수 있습니다. 세부 위치별 이용 범위와 시간대 정보를 함께 살펴볼 수 있습니다.","82"
"오산시\세마동\index.html","오산 세마동 출장마사지 | 지역 범위 이용시간 확인 | 한국미인테라피","38","오산 세마동 출장마사지 지역별 이용 범위와 시간 정보를 한 페이지에 정리했습니다. 원하는 위치를 기준으로 세부 시간대와 지역정보를 살펴볼 수 있습니다.","84"
"오산시\신장동\index.html","오산 신장동 출장마사지 | 지역 범위와 시간대 안내 | 한국미인테라피","38","오산 신장동 출장마사지 지역별 이용정보와 시간대를 확인할 수 있도록 구성했습니다. 세부 위치에 따라 이용 범위와 시간 정보를 살펴볼 수 있습니다.","81"
"오산시\중앙동\index.html","오산 중앙동 출장마사지 | 가까운 지역 시간대 정보 | 한국미인테라피","38","오산 중앙동 출장마사지 지역별 이용 범위와 시간 정보를 한 페이지에 정리했습니다. 원하는 위치를 기준으로 세부 시간대와 지역정보를 살펴볼 수 있습니다.","84"
"오산시\초평동\index.html","오산 초평동 출장마사지 | 이용권역 예약시간 안내 | 한국미인테라피","37","오산 초평동 출장마사지 이용 가능지역과 시간대 정보를 중심으로 구성했습니다. 원하는 지역의 세부 범위와 이용시간을 확인해보세요.","71"
"옹진군\index.html","인천 옹진군 출장마사지 | 지역 범위 이용시간 확인 | 한국미인테라피","38","인천 옹진군 출장마사지 지역별 이용 범위와 시간 정보를 한 페이지에 정리했습니다. 원하는 위치를 기준으로 세부 시간대와 지역정보를 살펴볼 수 있습니다.","84"
"옹진군\대청면\index.html","인천 옹진군 대청면 출장마사지 | 지역 범위와 시간대 안내 | 한국미인테라피","42","인천 옹진군 대청면 출장마사지 이용 범위를 세부 지역과 시간대 기준으로 확인할 수 있습니다. 위치별 지역정보와 이용시간을 보기 쉽게 구성했습니다.","81"
"옹진군\덕적면\index.html","인천 옹진군 덕적면 출장마사지 | 이용 가능지역 시간 확인 | 한국미인테라피","42","인천 옹진군 덕적면 출장마사지 지역별 범위와 이용시간 정보를 정리해 안내합니다. 원하는 위치에 맞춰 세부 지역정보와 시간대를 확인할 수 있습니다.","81"
"옹진군\백령면\index.html","인천 옹진군 백령면 출장마사지 | 가까운 지역 시간대 정보 | 한국미인테라피","42","인천 옹진군 백령면 출장마사지 지역 안내와 이용시간 정보를 한곳에서 확인할 수 있습니다. 세부 위치별 이용 범위와 시간대 정보를 함께 살펴볼 수 있습니다.","86"
"옹진군\북도면\index.html","인천 옹진군 북도면 출장마사지 | 지역 범위와 시간대 안내 | 한국미인테라피","42","인천 옹진군 북도면 출장마사지 이용지역별 범위와 시간대를 보기 쉽게 안내합니다. 세부 지역에 따라 이용시간과 관련 정보를 확인할 수 있습니다.","79"
"옹진군\연평면\index.html","인천 옹진군 연평면 출장마사지 | 이용권역 예약시간 안내 | 한국미인테라피","41","인천 옹진군 연평면 출장마사지 이용 가능지역과 시간대 정보를 중심으로 구성했습니다. 원하는 지역의 세부 범위와 이용시간을 확인해보세요.","75"
"옹진군\영흥면\index.html","인천 옹진군 영흥면 출장마사지 | 이용 가능지역 시간 확인 | 한국미인테라피","42","인천 옹진군 영흥면 출장마사지 이용 범위와 시간 정보를 지역별로 정리했습니다. 원하는 세부 지역의 이용시간과 관련 정보를 함께 확인할 수 있습니다.","82"
"옹진군\자월면\index.html","인천 옹진군 자월면 출장마사지 | 이용지역 예약문의 정보 | 한국미인테라피","41","인천 옹진군 자월면 출장마사지 지역과 시간대 정보를 중심으로 이용 범위를 정리했습니다. 원하는 세부 위치의 이용정보와 시간을 함께 확인할 수 있습니다.","84"
"용산구\index.html","서울 용산구 출장마사지 | 지역 범위 이용시간 확인 | 한국미인테라피","38","서울 용산구 출장마사지 지역별 이용 범위와 시간 정보를 한 페이지에 정리했습니다. 원하는 위치를 기준으로 세부 시간대와 지역정보를 살펴볼 수 있습니다.","84"
"용산구\남영동\index.html","서울 용산구 남영동 출장마사지 | 이용 가능지역 시간 확인 | 한국미인테라피","42","서울 용산구 남영동 출장마사지 지역과 시간대 정보를 중심으로 이용 범위를 정리했습니다. 원하는 세부 위치의 이용정보와 시간을 함께 확인할 수 있습니다.","84"
"용산구\보광동\index.html","서울 용산구 보광동 출장마사지 | 가까운 지역 시간대 정보 | 한국미인테라피","42","서울 용산구 보광동 출장마사지 지역 안내와 이용시간 정보를 한곳에서 확인할 수 있습니다. 세부 위치별 이용 범위와 시간대 정보를 함께 살펴볼 수 있습니다.","86"
"용산구\서빙고동\index.html","서울 용산구 서빙고동 출장마사지 | 가까운 지역 시간대 정보 | 한국미인테라피","43","서울 용산구 서빙고동 출장마사지 지역별 이용시간과 세부 범위를 확인할 수 있습니다. 원하는 위치에 따른 시간대 정보를 함께 살펴볼 수 있습니다.","80"
"용산구\용문동\index.html","서울 용산구 용문동 출장마사지 | 이용 가능지역 시간 확인 | 한국미인테라피","42","서울 용산구 용문동 출장마사지 지역정보를 바탕으로 이용 범위와 시간대를 확인할 수 있습니다. 세부 지역별 이용시간과 위치 정보를 함께 정리했습니다.","82"
"용산구\용산2가동\index.html","서울 용산구 용산2가동 출장마사지 | 지역 범위 이용시간 확인 | 한국미인테라피","44","서울 용산구 용산2가동 출장마사지 지역 범위와 시간대별 이용정보를 확인할 수 있습니다. 세부 위치를 기준으로 이용시간과 지역정보를 함께 살펴볼 수 있습니다.","87"
"용산구\원효로동\index.html","서울 용산구 원효로동 출장마사지 | 이용권역 예약시간 안내 | 한국미인테라피","42","서울 용산구 원효로동 출장마사지 이용지역 정보를 바탕으로 시간대와 세부 범위를 안내합니다. 지역별 이용시간을 한눈에 확인할 수 있도록 정리했습니다.","82"
"용산구\이촌동\index.html","서울 용산구 이촌동 출장마사지 | 지역 범위와 시간대 안내 | 한국미인테라피","42","서울 용산구 이촌동 출장마사지 이용지역과 세부 시간 정보를 확인할 수 있습니다. 지역별 범위와 원하는 시간대를 살펴보기 쉽게 구성했습니다.","77"
"용산구\이태원동\index.html","서울 용산구 이태원동 출장마사지 | 지역 범위와 시간대 안내 | 한국미인테라피","43","서울 용산구 이태원동 출장마사지 지역정보를 기준으로 이용 가능한 범위와 시간대를 살펴볼 수 있습니다. 세부 위치와 이용시간을 한 페이지에서 확인할 수 있습니다.","89"
"용산구\청파동\index.html","서울 용산구 청파동 출장마사지 | 이용 가능지역 시간 확인 | 한국미인테라피","42","서울 용산구 청파동 출장마사지 이용지역과 시간대 정보를 중심으로 안내합니다. 원하는 위치의 세부 지역정보와 이용시간을 확인할 수 있습니다.","77"
"용산구\한강로동\index.html","서울 용산구 한강로동 출장마사지 | 가까운 지역 시간대 정보 | 한국미인테라피","43","서울 용산구 한강로동 출장마사지 이용지역을 기준으로 세부 범위와 시간대 정보를 확인할 수 있습니다. 원하는 위치의 지역정보와 이용시간을 함께 살펴보세요.","85"
"용산구\한남동\index.html","서울 용산구 한남동 출장마사지 | 이용권역 예약시간 안내 | 한국미인테라피","41","서울 용산구 한남동 출장마사지 이용지역 정보를 바탕으로 시간대와 세부 범위를 안내합니다. 지역별 이용시간을 한눈에 확인할 수 있도록 정리했습니다.","81"
"용산구\효창동\index.html","서울 용산구 효창동 출장마사지 | 가까운 지역 시간대 정보 | 한국미인테라피","42","서울 용산구 효창동 출장마사지 지역 범위와 시간대별 이용정보를 확인할 수 있습니다. 세부 위치를 기준으로 이용시간과 지역정보를 함께 살펴볼 수 있습니다.","85"
"용산구\후암동\index.html","서울 용산구 후암동 출장마사지 | 지역 범위와 시간대 안내 | 한국미인테라피","42","서울 용산구 후암동 출장마사지 이용지역별 범위와 시간대를 보기 쉽게 안내합니다. 세부 지역에 따라 이용시간과 관련 정보를 확인할 수 있습니다.","79"
"용인기흥구\index.html","용인 기흥구 출장마사지 | 지역 범위와 시간대 안내 | 한국미인테라피","38","용인 기흥구 출장마사지 지역별 이용정보와 시간대를 확인할 수 있도록 구성했습니다. 세부 위치에 따라 이용 범위와 시간 정보를 살펴볼 수 있습니다.","81"
"용인기흥구\구갈동\index.html","용인 기흥구 구갈동 출장마사지 | 이용 가능지역 시간 확인 | 한국미인테라피","42","용인 기흥구 구갈동 출장마사지 지역과 시간대 정보를 중심으로 이용 범위를 정리했습니다. 원하는 세부 위치의 이용정보와 시간을 함께 확인할 수 있습니다.","84"
"용인기흥구\구성동\index.html","용인 기흥구 구성동 출장마사지 | 지역 선택 이용시간 안내 | 한국미인테라피","42","용인 기흥구 구성동 출장마사지 이용정보를 지역과 시간대 기준으로 확인할 수 있습니다. 세부 위치별 이용 범위와 시간 정보를 함께 살펴볼 수 있습니다.","83"
"용인기흥구\기흥동\index.html","용인 기흥구 기흥동 출장마사지 | 지역 선택 이용시간 안내 | 한국미인테라피","42","용인 기흥구 기흥동 출장마사지 지역별 이용정보와 시간대를 확인할 수 있도록 구성했습니다. 세부 위치에 따라 이용 범위와 시간 정보를 살펴볼 수 있습니다.","85"
"용인기흥구\동백동\index.html","용인 기흥구 동백동 출장마사지 | 이용지역 예약문의 정보 | 한국미인테라피","41","용인 기흥구 동백동 출장마사지 지역 안내와 이용시간 정보를 한곳에서 확인할 수 있습니다. 세부 위치별 이용 범위와 시간대 정보를 함께 살펴볼 수 있습니다.","86"
"용인기흥구\마북동\index.html","용인 기흥구 마북동 출장마사지 | 지역별 이용범위 문의 안내 | 한국미인테라피","43","용인 기흥구 마북동 출장마사지 지역정보와 이용 가능 시간대를 확인할 수 있습니다. 세부 지역별 범위와 시간 정보를 보기 쉽게 정리했습니다.","77"
"용인기흥구\보라동\index.html","용인 기흥구 보라동 출장마사지 | 가까운 지역 시간대 정보 | 한국미인테라피","42","용인 기흥구 보라동 출장마사지 지역별 이용 범위와 시간 정보를 한 페이지에 정리했습니다. 원하는 위치를 기준으로 세부 시간대와 지역정보를 살펴볼 수 있습니다.","88"
"용인기흥구\보정동\index.html","용인 기흥구 보정동 출장마사지 | 지역별 이용범위 문의 안내 | 한국미인테라피","43","용인 기흥구 보정동 출장마사지 지역정보와 이용 가능 시간대를 확인할 수 있습니다. 세부 지역별 범위와 시간 정보를 보기 쉽게 정리했습니다.","77"
"용인기흥구\상갈동\index.html","용인 기흥구 상갈동 출장마사지 | 지역별 이용범위 문의 안내 | 한국미인테라피","43","용인 기흥구 상갈동 출장마사지 이용지역에 따른 범위와 시간대 정보를 안내합니다. 세부 위치별 지역정보와 이용시간을 확인할 수 있습니다.","75"
"용인기흥구\상하동\index.html","용인 기흥구 상하동 출장마사지 | 지역별 이용범위 문의 안내 | 한국미인테라피","43","용인 기흥구 상하동 출장마사지 이용지역에 따른 범위와 시간대 정보를 안내합니다. 세부 위치별 지역정보와 이용시간을 확인할 수 있습니다.","75"
"용인기흥구\서농동\index.html","용인 기흥구 서농동 출장마사지 | 지역별 이용범위 문의 안내 | 한국미인테라피","43","용인 기흥구 서농동 출장마사지 이용 가능지역과 시간대 정보를 중심으로 구성했습니다. 원하는 지역의 세부 범위와 이용시간을 확인해보세요.","75"
"용인기흥구\신갈동\index.html","용인 기흥구 신갈동 출장마사지 | 가까운 지역 시간대 정보 | 한국미인테라피","42","용인 기흥구 신갈동 출장마사지 지역별 이용 범위와 시간 정보를 한 페이지에 정리했습니다. 원하는 위치를 기준으로 세부 시간대와 지역정보를 살펴볼 수 있습니다.","88"
"용인기흥구\영덕동\index.html","용인 기흥구 영덕동 출장마사지 | 지역 범위 이용시간 확인 | 한국미인테라피","42","용인 기흥구 영덕동 출장마사지 이용 범위와 시간 정보를 지역별로 정리했습니다. 원하는 세부 지역의 이용시간과 관련 정보를 함께 확인할 수 있습니다.","82"
"용인수지구\index.html","용인 수지구 출장마사지 | 지역 범위 이용시간 확인 | 한국미인테라피","38","용인 수지구 출장마사지 지역 범위와 시간대별 이용정보를 확인할 수 있습니다. 세부 위치를 기준으로 이용시간과 지역정보를 함께 살펴볼 수 있습니다.","81"
"용인수지구\동천동\index.html","용인 수지구 동천동 출장마사지 | 가까운 지역 시간대 정보 | 한국미인테라피","42","용인 수지구 동천동 출장마사지 지역별 이용시간과 세부 범위를 확인할 수 있습니다. 원하는 위치에 따른 시간대 정보를 함께 살펴볼 수 있습니다.","79"
"용인수지구\상현동\index.html","용인 수지구 상현동 출장마사지 | 가까운 지역 시간대 정보 | 한국미인테라피","42","용인 수지구 상현동 출장마사지 이용지역을 기준으로 세부 범위와 시간대 정보를 확인할 수 있습니다. 원하는 위치의 지역정보와 이용시간을 함께 살펴보세요.","84"
"용인수지구\성복동\index.html","용인 수지구 성복동 출장마사지 | 지역별 이용범위 문의 안내 | 한국미인테라피","43","용인 수지구 성복동 출장마사지 이용지역에 따른 범위와 시간대 정보를 안내합니다. 세부 위치별 지역정보와 이용시간을 확인할 수 있습니다.","75"
"용인수지구\신봉동\index.html","용인 수지구 신봉동 출장마사지 | 이용 가능지역 시간 확인 | 한국미인테라피","42","용인 수지구 신봉동 출장마사지 이용 범위와 시간 정보를 지역별로 정리했습니다. 원하는 세부 지역의 이용시간과 관련 정보를 함께 확인할 수 있습니다.","82"
"용인수지구\죽전동\index.html","용인 수지구 죽전동 출장마사지 | 이용 가능지역 시간 확인 | 한국미인테라피","42","용인 수지구 죽전동 출장마사지 지역정보를 바탕으로 이용 범위와 시간대를 확인할 수 있습니다. 세부 지역별 이용시간과 위치 정보를 함께 정리했습니다.","82"
"용인수지구\풍덕천동\index.html","용인 수지구 풍덕천동 출장마사지 | 지역별 이용범위 문의 안내 | 한국미인테라피","44","용인 수지구 풍덕천동 출장마사지 이용지역에 따른 범위와 시간대 정보를 안내합니다. 세부 위치별 지역정보와 이용시간을 확인할 수 있습니다.","76"
"용인시\index.html","용인 출장마사지 | 지역 범위 이용시간 확인 | 한국미인테라피","34","용인 출장마사지 지역 안내와 이용시간 정보를 한곳에서 확인할 수 있습니다. 세부 위치별 이용 범위와 시간대 정보를 함께 살펴볼 수 있습니다.","78"
"용인처인구\index.html","용인 처인구 출장마사지 | 지역 범위 이용시간 확인 | 한국미인테라피","38","용인 처인구 출장마사지 지역별 이용 범위와 시간 정보를 한 페이지에 정리했습니다. 원하는 위치를 기준으로 세부 시간대와 지역정보를 살펴볼 수 있습니다.","84"
"용인처인구\남사읍\index.html","용인 처인구 남사읍 출장마사지 | 지역 범위와 시간대 안내 | 한국미인테라피","42","용인 처인구 남사읍 출장마사지 이용지역별 범위와 시간대를 보기 쉽게 안내합니다. 세부 지역에 따라 이용시간과 관련 정보를 확인할 수 있습니다.","79"
"용인처인구\동부동\index.html","용인 처인구 동부동 출장마사지 | 이용 가능지역 시간 확인 | 한국미인테라피","42","용인 처인구 동부동 출장마사지 이용지역과 시간대 정보를 중심으로 안내합니다. 원하는 위치의 세부 지역정보와 이용시간을 확인할 수 있습니다.","77"
"용인처인구\모현읍\index.html","용인 처인구 모현읍 출장마사지 | 지역 범위와 시간대 안내 | 한국미인테라피","42","용인 처인구 모현읍 출장마사지 이용지역과 세부 시간 정보를 확인할 수 있습니다. 지역별 범위와 원하는 시간대를 살펴보기 쉽게 구성했습니다.","77"
"용인처인구\백암면\index.html","용인 처인구 백암면 출장마사지 | 지역 범위와 시간대 안내 | 한국미인테라피","42","용인 처인구 백암면 출장마사지 이용지역과 세부 시간 정보를 확인할 수 있습니다. 지역별 범위와 원하는 시간대를 살펴보기 쉽게 구성했습니다.","77"
"용인처인구\삼가동\index.html","용인 처인구 삼가동 출장마사지 | 이용권역 예약시간 안내 | 한국미인테라피","41","용인 처인구 삼가동 출장마사지 이용지역 정보를 바탕으로 시간대와 세부 범위를 안내합니다. 지역별 이용시간을 한눈에 확인할 수 있도록 정리했습니다.","81"
"용인처인구\양지읍\index.html","용인 처인구 양지읍 출장마사지 | 가까운 지역 시간대 정보 | 한국미인테라피","42","용인 처인구 양지읍 출장마사지 지역별 이용시간과 세부 범위를 확인할 수 있습니다. 원하는 위치에 따른 시간대 정보를 함께 살펴볼 수 있습니다.","79"
"용인처인구\역북동\index.html","용인 처인구 역북동 출장마사지 | 지역별 이용범위 문의 안내 | 한국미인테라피","43","용인 처인구 역북동 출장마사지 이용지역 정보를 바탕으로 시간대와 세부 범위를 안내합니다. 지역별 이용시간을 한눈에 확인할 수 있도록 정리했습니다.","81"
"용인처인구\원삼면\index.html","용인 처인구 원삼면 출장마사지 | 이용지역 예약문의 정보 | 한국미인테라피","41","용인 처인구 원삼면 출장마사지 지역별 범위와 이용시간 정보를 정리해 안내합니다. 원하는 위치에 맞춰 세부 지역정보와 시간대를 확인할 수 있습니다.","81"
"용인처인구\유림동\index.html","용인 처인구 유림동 출장마사지 | 이용권역 예약시간 안내 | 한국미인테라피","41","용인 처인구 유림동 출장마사지 이용지역 정보를 바탕으로 시간대와 세부 범위를 안내합니다. 지역별 이용시간을 한눈에 확인할 수 있도록 정리했습니다.","81"
"용인처인구\이동읍\index.html","용인 처인구 이동읍 출장마사지 | 이용 가능지역 시간 확인 | 한국미인테라피","42","용인 처인구 이동읍 출장마사지 지역과 시간대 정보를 중심으로 이용 범위를 정리했습니다. 원하는 세부 위치의 이용정보와 시간을 함께 확인할 수 있습니다.","84"
"용인처인구\중앙동\index.html","용인 처인구 중앙동 출장마사지 | 지역 선택 이용시간 안내 | 한국미인테라피","42","용인 처인구 중앙동 출장마사지 이용지역과 세부 시간 정보를 확인할 수 있습니다. 지역별 범위와 원하는 시간대를 살펴보기 쉽게 구성했습니다.","77"
"용인처인구\포곡읍\index.html","용인 처인구 포곡읍 출장마사지 | 이용 가능지역 시간 확인 | 한국미인테라피","42","용인 처인구 포곡읍 출장마사지 지역별 범위와 이용시간 정보를 정리해 안내합니다. 원하는 위치에 맞춰 세부 지역정보와 시간대를 확인할 수 있습니다.","81"
"은평구\index.html","서울 은평구 출장마사지 | 지역 범위 이용시간 확인 | 한국미인테라피","38","서울 은평구 출장마사지 이용지역과 시간대 정보를 중심으로 안내합니다. 원하는 위치의 세부 지역정보와 이용시간을 확인할 수 있습니다.","73"
"은평구\갈현동\index.html","서울 은평구 갈현동 출장마사지 | 이용권역 예약시간 안내 | 한국미인테라피","41","서울 은평구 갈현동 출장마사지 이용 가능지역과 시간대 정보를 중심으로 구성했습니다. 원하는 지역의 세부 범위와 이용시간을 확인해보세요.","75"
"은평구\구산동\index.html","서울 은평구 구산동 출장마사지 | 이용권역 예약시간 안내 | 한국미인테라피","41","서울 은평구 구산동 출장마사지 지역정보와 이용 가능 시간대를 확인할 수 있습니다. 세부 지역별 범위와 시간 정보를 보기 쉽게 정리했습니다.","77"
"은평구\녹번동\index.html","서울 은평구 녹번동 출장마사지 | 이용 가능지역 시간 확인 | 한국미인테라피","42","서울 은평구 녹번동 출장마사지 지역별 범위와 이용시간 정보를 정리해 안내합니다. 원하는 위치에 맞춰 세부 지역정보와 시간대를 확인할 수 있습니다.","81"
"은평구\대조동\index.html","서울 은평구 대조동 출장마사지 | 지역 범위와 시간대 안내 | 한국미인테라피","42","서울 은평구 대조동 출장마사지 지역별 이용정보와 시간대를 확인할 수 있도록 구성했습니다. 세부 위치에 따라 이용 범위와 시간 정보를 살펴볼 수 있습니다.","85"
"은평구\불광동\index.html","서울 은평구 불광동 출장마사지 | 이용 가능지역 시간 확인 | 한국미인테라피","42","서울 은평구 불광동 출장마사지 지역 범위와 이용 가능 시간 정보를 확인할 수 있습니다. 원하는 세부 지역의 이용시간과 관련 정보를 보기 쉽게 정리했습니다.","86"
"은평구\수색동\index.html","서울 은평구 수색동 출장마사지 | 이용 가능지역 시간 확인 | 한국미인테라피","42","서울 은평구 수색동 출장마사지 지역 범위와 이용 가능 시간 정보를 확인할 수 있습니다. 원하는 세부 지역의 이용시간과 관련 정보를 보기 쉽게 정리했습니다.","86"
"은평구\신사동\index.html","서울 은평구 신사동 출장마사지 | 이용권역 예약시간 안내 | 한국미인테라피","41","서울 은평구 신사동 출장마사지 이용 가능 범위와 시간대를 지역정보 중심으로 확인할 수 있습니다. 세부 지역별 이용시간도 함께 살펴볼 수 있습니다.","81"
"은평구\역촌동\index.html","서울 은평구 역촌동 출장마사지 | 이용 가능지역 시간 확인 | 한국미인테라피","42","서울 은평구 역촌동 출장마사지 이용 범위와 시간 정보를 지역별로 정리했습니다. 원하는 세부 지역의 이용시간과 관련 정보를 함께 확인할 수 있습니다.","82"
"은평구\응암동\index.html","서울 은평구 응암동 출장마사지 | 가까운 지역 시간대 정보 | 한국미인테라피","42","서울 은평구 응암동 출장마사지 지역 안내와 이용시간 정보를 한곳에서 확인할 수 있습니다. 세부 위치별 이용 범위와 시간대 정보를 함께 살펴볼 수 있습니다.","86"
"은평구\증산동\index.html","서울 은평구 증산동 출장마사지 | 가까운 지역 시간대 정보 | 한국미인테라피","42","서울 은평구 증산동 출장마사지 지역 안내와 이용시간 정보를 한곳에서 확인할 수 있습니다. 세부 위치별 이용 범위와 시간대 정보를 함께 살펴볼 수 있습니다.","86"
"은평구\진관동\index.html","서울 은평구 진관동 출장마사지 | 이용권역 예약시간 안내 | 한국미인테라피","41","서울 은평구 진관동 출장마사지 지역정보와 이용 가능 시간대를 확인할 수 있습니다. 세부 지역별 범위와 시간 정보를 보기 쉽게 정리했습니다.","77"
"의왕시\index.html","의왕 출장마사지 | 이용지역 예약문의 정보 | 한국미인테라피","33","의왕 출장마사지 지역별 이용시간과 세부 범위를 확인할 수 있습니다. 원하는 위치에 따른 시간대 정보를 함께 살펴볼 수 있습니다.","71"
"의왕시\고천동\index.html","의왕 고천동 출장마사지 | 지역 범위와 시간대 안내 | 한국미인테라피","38","의왕 고천동 출장마사지 이용정보를 지역과 시간대 기준으로 확인할 수 있습니다. 세부 위치별 이용 범위와 시간 정보를 함께 살펴볼 수 있습니다.","79"
"의왕시\내손동\index.html","의왕 내손동 출장마사지 | 지역 범위와 시간대 안내 | 한국미인테라피","38","의왕 내손동 출장마사지 지역별 이용정보와 시간대를 확인할 수 있도록 구성했습니다. 세부 위치에 따라 이용 범위와 시간 정보를 살펴볼 수 있습니다.","81"
"의왕시\부곡동\index.html","의왕 부곡동 출장마사지 | 가까운 지역 시간대 정보 | 한국미인테라피","38","의왕 부곡동 출장마사지 이용지역과 시간대 정보를 중심으로 안내합니다. 원하는 위치의 세부 지역정보와 이용시간을 확인할 수 있습니다.","73"
"의왕시\오전동\index.html","의왕 오전동 출장마사지 | 이용권역 예약시간 안내 | 한국미인테라피","37","의왕 오전동 출장마사지 지역정보와 이용 가능 시간대를 확인할 수 있습니다. 세부 지역별 범위와 시간 정보를 보기 쉽게 정리했습니다.","73"
"의왕시\청계동\index.html","의왕 청계동 출장마사지 | 가까운 지역 시간대 정보 | 한국미인테라피","38","의왕 청계동 출장마사지 지역 안내와 이용시간 정보를 한곳에서 확인할 수 있습니다. 세부 위치별 이용 범위와 시간대 정보를 함께 살펴볼 수 있습니다.","82"
"의정부시\index.html","의정부 출장마사지 | 이용지역 예약문의 정보 | 한국미인테라피","34","의정부 출장마사지 이용지역과 시간대 정보를 중심으로 안내합니다. 원하는 위치의 세부 지역정보와 이용시간을 확인할 수 있습니다.","70"
"의정부시\가능동\index.html","의정부 가능동 출장마사지 | 이용 가능지역 시간 확인 | 한국미인테라피","39","의정부 가능동 출장마사지 지역정보를 바탕으로 이용 범위와 시간대를 확인할 수 있습니다. 세부 지역별 이용시간과 위치 정보를 함께 정리했습니다.","79"
"의정부시\고산동\index.html","의정부 고산동 출장마사지 | 이용권역 예약시간 안내 | 한국미인테라피","38","의정부 고산동 출장마사지 이용정보를 지역과 시간대 기준으로 확인할 수 있습니다. 세부 위치별 이용 범위와 시간 정보를 함께 살펴볼 수 있습니다.","80"
"의정부시\녹양동\index.html","의정부 녹양동 출장마사지 | 지역별 이용범위 문의 안내 | 한국미인테라피","40","의정부 녹양동 출장마사지 이용 범위를 세부 지역과 시간대 기준으로 확인할 수 있습니다. 위치별 지역정보와 이용시간을 보기 쉽게 구성했습니다.","78"
"의정부시\송산동\index.html","의정부 송산동 출장마사지 | 가까운 지역 시간대 정보 | 한국미인테라피","39","의정부 송산동 출장마사지 이용 범위와 시간 정보를 지역별로 정리했습니다. 원하는 세부 지역의 이용시간과 관련 정보를 함께 확인할 수 있습니다.","79"
"의정부시\신곡동\index.html","의정부 신곡동 출장마사지 | 가까운 지역 시간대 정보 | 한국미인테라피","39","의정부 신곡동 출장마사지 이용지역을 기준으로 세부 범위와 시간대 정보를 확인할 수 있습니다. 원하는 위치의 지역정보와 이용시간을 함께 살펴보세요.","81"
"의정부시\의정부동\index.html","의정부 의정부동 출장마사지 | 이용 가능지역 시간 확인 | 한국미인테라피","40","의정부 의정부동 출장마사지 이용 범위와 시간 정보를 지역별로 정리했습니다. 원하는 세부 지역의 이용시간과 관련 정보를 함께 확인할 수 있습니다.","80"
"의정부시\자금동\index.html","의정부 자금동 출장마사지 | 이용권역 예약시간 안내 | 한국미인테라피","38","의정부 자금동 출장마사지 이용 범위를 세부 지역과 시간대 기준으로 확인할 수 있습니다. 위치별 지역정보와 이용시간을 보기 쉽게 구성했습니다.","78"
"의정부시\장암동\index.html","의정부 장암동 출장마사지 | 가까운 지역 시간대 정보 | 한국미인테라피","39","의정부 장암동 출장마사지 지역별 범위와 이용시간 정보를 정리해 안내합니다. 원하는 위치에 맞춰 세부 지역정보와 시간대를 확인할 수 있습니다.","78"
"의정부시\호원동\index.html","의정부 호원동 출장마사지 | 이용권역 예약시간 안내 | 한국미인테라피","38","의정부 호원동 출장마사지 지역별 이용정보와 시간대를 확인할 수 있도록 구성했습니다. 세부 위치에 따라 이용 범위와 시간 정보를 살펴볼 수 있습니다.","82"
"의정부시\흥선동\index.html","의정부 흥선동 출장마사지 | 이용 가능지역 시간 확인 | 한국미인테라피","39","의정부 흥선동 출장마사지 지역 범위와 시간대별 이용정보를 확인할 수 있습니다. 세부 위치를 기준으로 이용시간과 지역정보를 함께 살펴볼 수 있습니다.","82"
"이천시\index.html","이천 출장마사지 | 지역 선택 이용시간 안내 | 한국미인테라피","34","이천 출장마사지 이용 가능 범위와 시간대를 지역정보 중심으로 확인할 수 있습니다. 세부 지역별 이용시간도 함께 살펴볼 수 있습니다.","73"
"이천시\관고동\index.html","이천 관고동 출장마사지 | 이용지역 예약문의 정보 | 한국미인테라피","37","이천 관고동 출장마사지 이용 범위와 시간 정보를 지역별로 정리했습니다. 원하는 세부 지역의 이용시간과 관련 정보를 함께 확인할 수 있습니다.","78"
"이천시\대월면\index.html","이천 대월면 출장마사지 | 지역별 이용범위 문의 안내 | 한국미인테라피","39","이천 대월면 출장마사지 이용정보를 지역과 시간대 기준으로 확인할 수 있습니다. 세부 위치별 이용 범위와 시간 정보를 함께 살펴볼 수 있습니다.","79"
"이천시\마장면\index.html","이천 마장면 출장마사지 | 이용지역 예약문의 정보 | 한국미인테라피","37","이천 마장면 출장마사지 지역 범위와 이용 가능 시간 정보를 확인할 수 있습니다. 원하는 세부 지역의 이용시간과 관련 정보를 보기 쉽게 정리했습니다.","82"
"이천시\모가면\index.html","이천 모가면 출장마사지 | 지역 선택 이용시간 안내 | 한국미인테라피","38","이천 모가면 출장마사지 이용 가능지역과 시간대 정보를 중심으로 구성했습니다. 원하는 지역의 세부 범위와 이용시간을 확인해보세요.","71"
"이천시\백사면\index.html","이천 백사면 출장마사지 | 이용지역 예약문의 정보 | 한국미인테라피","37","이천 백사면 출장마사지 이용 범위와 시간 정보를 지역별로 정리했습니다. 원하는 세부 지역의 이용시간과 관련 정보를 함께 확인할 수 있습니다.","78"
"이천시\부발읍\index.html","이천 부발읍 출장마사지 | 이용지역 예약문의 정보 | 한국미인테라피","37","이천 부발읍 출장마사지 지역별 범위와 이용시간 정보를 정리해 안내합니다. 원하는 위치에 맞춰 세부 지역정보와 시간대를 확인할 수 있습니다.","77"
"이천시\설성면\index.html","이천 설성면 출장마사지 | 이용지역 예약문의 정보 | 한국미인테라피","37","이천 설성면 출장마사지 지역 범위와 이용 가능 시간 정보를 확인할 수 있습니다. 원하는 세부 지역의 이용시간과 관련 정보를 보기 쉽게 정리했습니다.","82"
"이천시\신둔면\index.html","이천 신둔면 출장마사지 | 지역별 이용범위 문의 안내 | 한국미인테라피","39","이천 신둔면 출장마사지 지역별 이용정보와 시간대를 확인할 수 있도록 구성했습니다. 세부 위치에 따라 이용 범위와 시간 정보를 살펴볼 수 있습니다.","81"
"이천시\율면\index.html","이천 율면 출장마사지 | 지역 선택 이용시간 안내 | 한국미인테라피","37","이천 율면 출장마사지 이용지역 정보를 바탕으로 시간대와 세부 범위를 안내합니다. 지역별 이용시간을 한눈에 확인할 수 있도록 정리했습니다.","76"
"이천시\장호원읍\index.html","이천 장호원읍 출장마사지 | 지역 범위와 시간대 안내 | 한국미인테라피","39","이천 장호원읍 출장마사지 이용지역과 세부 시간 정보를 확인할 수 있습니다. 지역별 범위와 원하는 시간대를 살펴보기 쉽게 구성했습니다.","74"
"이천시\중리동\index.html","이천 중리동 출장마사지 | 이용권역 예약시간 안내 | 한국미인테라피","37","이천 중리동 출장마사지 관련 지역 범위와 이용시간을 보기 쉽게 정리했습니다. 세부 지역을 선택해 해당 위치의 시간대 정보를 확인할 수 있습니다.","80"
"이천시\증포동\index.html","이천 증포동 출장마사지 | 지역 범위와 시간대 안내 | 한국미인테라피","38","이천 증포동 출장마사지 지역정보를 기준으로 이용 가능한 범위와 시간대를 살펴볼 수 있습니다. 세부 위치와 이용시간을 한 페이지에서 확인할 수 있습니다.","84"
"이천시\창전동\index.html","이천 창전동 출장마사지 | 지역 범위와 시간대 안내 | 한국미인테라피","38","이천 창전동 출장마사지 지역정보를 기준으로 이용 가능한 범위와 시간대를 살펴볼 수 있습니다. 세부 위치와 이용시간을 한 페이지에서 확인할 수 있습니다.","84"
"이천시\호법면\index.html","이천 호법면 출장마사지 | 이용지역 예약문의 정보 | 한국미인테라피","37","이천 호법면 출장마사지 이용지역을 기준으로 세부 범위와 시간대 정보를 확인할 수 있습니다. 원하는 위치의 지역정보와 이용시간을 함께 살펴보세요.","80"
"인천\index.html","인천 출장마사지 | 지역 선택 이용시간 안내 | 한국미인테라피","34","인천 출장마사지 관련 지역 범위와 이용시간을 보기 쉽게 정리했습니다. 세부 지역을 선택해 해당 위치의 시간대 정보를 확인할 수 있습니다.","76"
"제물포구\index.html","인천 제물포구 출장마사지 | 지역별 이용범위 문의 안내 | 한국미인테라피","40","인천 제물포구 출장마사지 이용지역별 범위와 시간대를 보기 쉽게 안내합니다. 세부 지역에 따라 이용시간과 관련 정보를 확인할 수 있습니다.","76"
"제물포구\개항동\index.html","인천 제물포구 개항동 출장마사지 | 이용권역 예약시간 안내 | 한국미인테라피","42","인천 제물포구 개항동 출장마사지 이용지역 정보를 바탕으로 시간대와 세부 범위를 안내합니다. 지역별 이용시간을 한눈에 확인할 수 있도록 정리했습니다.","82"
"제물포구\금창동\index.html","인천 제물포구 금창동 출장마사지 | 지역 범위와 시간대 안내 | 한국미인테라피","43","인천 제물포구 금창동 출장마사지 지역정보를 기준으로 이용 가능한 범위와 시간대를 살펴볼 수 있습니다. 세부 위치와 이용시간을 한 페이지에서 확인할 수 있습니다.","89"
"제물포구\도원동\index.html","인천 제물포구 도원동 출장마사지 | 이용지역 예약문의 정보 | 한국미인테라피","42","인천 제물포구 도원동 출장마사지 이용지역과 시간대 정보를 중심으로 안내합니다. 원하는 위치의 세부 지역정보와 이용시간을 확인할 수 있습니다.","78"
"제물포구\동인천동\index.html","인천 제물포구 동인천동 출장마사지 | 지역 범위와 시간대 안내 | 한국미인테라피","44","인천 제물포구 동인천동 출장마사지 이용 범위를 세부 지역과 시간대 기준으로 확인할 수 있습니다. 위치별 지역정보와 이용시간을 보기 쉽게 구성했습니다.","83"
"제물포구\만석동\index.html","인천 제물포구 만석동 출장마사지 | 이용권역 예약시간 안내 | 한국미인테라피","42","인천 제물포구 만석동 출장마사지 이용지역 정보를 바탕으로 시간대와 세부 범위를 안내합니다. 지역별 이용시간을 한눈에 확인할 수 있도록 정리했습니다.","82"
"제물포구\송림동\index.html","인천 제물포구 송림동 출장마사지 | 지역 범위와 시간대 안내 | 한국미인테라피","43","인천 제물포구 송림동 출장마사지 이용 가능 범위와 시간대를 지역정보 중심으로 확인할 수 있습니다. 세부 지역별 이용시간도 함께 살펴볼 수 있습니다.","82"
"제물포구\송현동\index.html","인천 제물포구 송현동 출장마사지 | 지역 범위와 시간대 안내 | 한국미인테라피","43","인천 제물포구 송현동 출장마사지 지역정보와 이용 가능 시간대를 확인할 수 있습니다. 세부 지역별 범위와 시간 정보를 보기 쉽게 정리했습니다.","78"
"제물포구\신포동\index.html","인천 제물포구 신포동 출장마사지 | 이용지역 예약문의 정보 | 한국미인테라피","42","인천 제물포구 신포동 출장마사지 지역정보와 이용시간을 기준으로 세부 범위를 확인할 수 있습니다. 원하는 위치의 시간대 정보를 함께 정리했습니다.","80"
"제물포구\신흥동\index.html","인천 제물포구 신흥동 출장마사지 | 지역 범위와 시간대 안내 | 한국미인테라피","43","인천 제물포구 신흥동 출장마사지 지역정보를 기준으로 이용 가능한 범위와 시간대를 살펴볼 수 있습니다. 세부 위치와 이용시간을 한 페이지에서 확인할 수 있습니다.","89"
"제물포구\연안동\index.html","인천 제물포구 연안동 출장마사지 | 지역 범위 이용시간 확인 | 한국미인테라피","43","인천 제물포구 연안동 출장마사지 지역 범위와 이용 가능 시간 정보를 확인할 수 있습니다. 원하는 세부 지역의 이용시간과 관련 정보를 보기 쉽게 정리했습니다.","87"
"제물포구\율목동\index.html","인천 제물포구 율목동 출장마사지 | 이용권역 예약시간 안내 | 한국미인테라피","42","인천 제물포구 율목동 출장마사지 관련 지역 범위와 이용시간을 보기 쉽게 정리했습니다. 세부 지역을 선택해 해당 위치의 시간대 정보를 확인할 수 있습니다.","85"
"제물포구\화수동\index.html","인천 제물포구 화수동 출장마사지 | 이용지역 예약문의 정보 | 한국미인테라피","42","인천 제물포구 화수동 출장마사지 지역정보를 바탕으로 이용 범위와 시간대를 확인할 수 있습니다. 세부 지역별 이용시간과 위치 정보를 함께 정리했습니다.","83"
"제물포구\화평동\index.html","인천 제물포구 화평동 출장마사지 | 지역 범위와 시간대 안내 | 한국미인테라피","43","인천 제물포구 화평동 출장마사지 이용지역별 범위와 시간대를 보기 쉽게 안내합니다. 세부 지역에 따라 이용시간과 관련 정보를 확인할 수 있습니다.","80"
"종로구\index.html","서울 종로구 출장마사지 | 지역 범위 이용시간 확인 | 한국미인테라피","38","서울 종로구 출장마사지 지역별 이용 범위와 시간 정보를 한 페이지에 정리했습니다. 원하는 위치를 기준으로 세부 시간대와 지역정보를 살펴볼 수 있습니다.","84"
"종로구\가회동\index.html","서울 종로구 가회동 출장마사지 | 이용권역 예약시간 안내 | 한국미인테라피","41","서울 종로구 가회동 출장마사지 이용지역에 따른 범위와 시간대 정보를 안내합니다. 세부 위치별 지역정보와 이용시간을 확인할 수 있습니다.","75"
"종로구\교남동\index.html","서울 종로구 교남동 출장마사지 | 지역 범위와 시간대 안내 | 한국미인테라피","42","서울 종로구 교남동 출장마사지 이용지역과 세부 시간 정보를 확인할 수 있습니다. 지역별 범위와 원하는 시간대를 살펴보기 쉽게 구성했습니다.","77"
"종로구\무악동\index.html","서울 종로구 무악동 출장마사지 | 이용 가능지역 시간 확인 | 한국미인테라피","42","서울 종로구 무악동 출장마사지 지역과 시간대 정보를 중심으로 이용 범위를 정리했습니다. 원하는 세부 위치의 이용정보와 시간을 함께 확인할 수 있습니다.","84"
"종로구\부암동\index.html","서울 종로구 부암동 출장마사지 | 이용권역 예약시간 안내 | 한국미인테라피","41","서울 종로구 부암동 출장마사지 이용지역에 따른 범위와 시간대 정보를 안내합니다. 세부 위치별 지역정보와 이용시간을 확인할 수 있습니다.","75"
"종로구\사직동\index.html","서울 종로구 사직동 출장마사지 | 가까운 지역 시간대 정보 | 한국미인테라피","42","서울 종로구 사직동 출장마사지 지역 안내와 이용시간 정보를 한곳에서 확인할 수 있습니다. 세부 위치별 이용 범위와 시간대 정보를 함께 살펴볼 수 있습니다.","86"
"종로구\삼청동\index.html","서울 종로구 삼청동 출장마사지 | 이용 가능지역 시간 확인 | 한국미인테라피","42","서울 종로구 삼청동 출장마사지 이용 범위와 시간 정보를 지역별로 정리했습니다. 원하는 세부 지역의 이용시간과 관련 정보를 함께 확인할 수 있습니다.","82"
"종로구\숭인동\index.html","서울 종로구 숭인동 출장마사지 | 가까운 지역 시간대 정보 | 한국미인테라피","42","서울 종로구 숭인동 출장마사지 지역별 이용시간과 세부 범위를 확인할 수 있습니다. 원하는 위치에 따른 시간대 정보를 함께 살펴볼 수 있습니다.","79"
"종로구\이화동\index.html","서울 종로구 이화동 출장마사지 | 지역 범위와 시간대 안내 | 한국미인테라피","42","서울 종로구 이화동 출장마사지 이용지역별 범위와 시간대를 보기 쉽게 안내합니다. 세부 지역에 따라 이용시간과 관련 정보를 확인할 수 있습니다.","79"
"종로구\종로1.2.3.4가동\index.html","서울 종로구 종로1.2.3.4가동 출장마사지 | 가까운 지역 시간대 정보 | 한국미인테라피","50","서울 종로구 종로1.2.3.4가동 출장마사지 지역정보를 바탕으로 이용 범위와 시간대를 확인할 수 있습니다. 세부 지역별 이용시간과 위치 정보를 함께 정리했습니다.","90"
"종로구\종로5.6가동\index.html","서울 종로구 종로5.6가동 출장마사지 | 지역 선택 이용시간 안내 | 한국미인테라피","46","서울 종로구 종로5.6가동 출장마사지 이용정보를 지역과 시간대 기준으로 확인할 수 있습니다. 세부 위치별 이용 범위와 시간 정보를 함께 살펴볼 수 있습니다.","87"
"종로구\창신동\index.html","서울 종로구 창신동 출장마사지 | 가까운 지역 시간대 정보 | 한국미인테라피","42","서울 종로구 창신동 출장마사지 지역별 이용시간과 세부 범위를 확인할 수 있습니다. 원하는 위치에 따른 시간대 정보를 함께 살펴볼 수 있습니다.","79"
"종로구\청운효자동\index.html","서울 종로구 청운효자동 출장마사지 | 이용 가능지역 시간 확인 | 한국미인테라피","44","서울 종로구 청운효자동 출장마사지 지역정보를 바탕으로 이용 범위와 시간대를 확인할 수 있습니다. 세부 지역별 이용시간과 위치 정보를 함께 정리했습니다.","84"
"종로구\평창동\index.html","서울 종로구 평창동 출장마사지 | 지역별 이용범위 문의 안내 | 한국미인테라피","43","서울 종로구 평창동 출장마사지 이용지역 정보를 바탕으로 시간대와 세부 범위를 안내합니다. 지역별 이용시간을 한눈에 확인할 수 있도록 정리했습니다.","81"
"종로구\혜화동\index.html","서울 종로구 혜화동 출장마사지 | 지역 범위와 시간대 안내 | 한국미인테라피","42","서울 종로구 혜화동 출장마사지 이용지역과 세부 시간 정보를 확인할 수 있습니다. 지역별 범위와 원하는 시간대를 살펴보기 쉽게 구성했습니다.","77"
"중구\index.html","서울 중구 출장마사지 | 지역 범위 이용시간 확인 | 한국미인테라피","37","서울 중구 출장마사지 지역별 이용 범위와 시간 정보를 한 페이지에 정리했습니다. 원하는 위치를 기준으로 세부 시간대와 지역정보를 살펴볼 수 있습니다.","83"
"중구\광희동\index.html","서울 중구 광희동 출장마사지 | 가까운 지역 시간대 정보 | 한국미인테라피","41","서울 중구 광희동 출장마사지 지역별 이용시간과 세부 범위를 확인할 수 있습니다. 원하는 위치에 따른 시간대 정보를 함께 살펴볼 수 있습니다.","78"
"중구\다산동\index.html","서울 중구 다산동 출장마사지 | 이용권역 예약시간 안내 | 한국미인테라피","40","서울 중구 다산동 출장마사지 관련 지역 범위와 이용시간을 보기 쉽게 정리했습니다. 세부 지역을 선택해 해당 위치의 시간대 정보를 확인할 수 있습니다.","83"
"중구\동화동\index.html","서울 중구 동화동 출장마사지 | 가까운 지역 시간대 정보 | 한국미인테라피","41","서울 중구 동화동 출장마사지 이용지역을 기준으로 세부 범위와 시간대 정보를 확인할 수 있습니다. 원하는 위치의 지역정보와 이용시간을 함께 살펴보세요.","83"
"중구\명동\index.html","서울 중구 명동 출장마사지 | 가까운 지역 시간대 정보 | 한국미인테라피","40","서울 중구 명동 출장마사지 지역 안내와 이용시간 정보를 한곳에서 확인할 수 있습니다. 세부 위치별 이용 범위와 시간대 정보를 함께 살펴볼 수 있습니다.","84"
"중구\소공동\index.html","서울 중구 소공동 출장마사지 | 이용 가능지역 시간 확인 | 한국미인테라피","41","서울 중구 소공동 출장마사지 이용 범위와 시간 정보를 지역별로 정리했습니다. 원하는 세부 지역의 이용시간과 관련 정보를 함께 확인할 수 있습니다.","81"
"중구\신당동\index.html","서울 중구 신당동 출장마사지 | 이용 가능지역 시간 확인 | 한국미인테라피","41","서울 중구 신당동 출장마사지 지역과 시간대 정보를 중심으로 이용 범위를 정리했습니다. 원하는 세부 위치의 이용정보와 시간을 함께 확인할 수 있습니다.","83"
"중구\약수동\index.html","서울 중구 약수동 출장마사지 | 가까운 지역 시간대 정보 | 한국미인테라피","41","서울 중구 약수동 출장마사지 지역별 이용시간과 세부 범위를 확인할 수 있습니다. 원하는 위치에 따른 시간대 정보를 함께 살펴볼 수 있습니다.","78"
"중구\을지로동\index.html","서울 중구 을지로동 출장마사지 | 지역 범위와 시간대 안내 | 한국미인테라피","42","서울 중구 을지로동 출장마사지 이용지역과 세부 시간 정보를 확인할 수 있습니다. 지역별 범위와 원하는 시간대를 살펴보기 쉽게 구성했습니다.","77"
"중구\장충동\index.html","서울 중구 장충동 출장마사지 | 지역별 이용범위 문의 안내 | 한국미인테라피","42","서울 중구 장충동 출장마사지 관련 지역 범위와 이용시간을 보기 쉽게 정리했습니다. 세부 지역을 선택해 해당 위치의 시간대 정보를 확인할 수 있습니다.","83"
"중구\중림동\index.html","서울 중구 중림동 출장마사지 | 가까운 지역 시간대 정보 | 한국미인테라피","41","서울 중구 중림동 출장마사지 지역 범위와 이용 가능 시간 정보를 확인할 수 있습니다. 원하는 세부 지역의 이용시간과 관련 정보를 보기 쉽게 정리했습니다.","85"
"중구\청구동\index.html","서울 중구 청구동 출장마사지 | 이용 가능지역 시간 확인 | 한국미인테라피","41","서울 중구 청구동 출장마사지 지역정보를 바탕으로 이용 범위와 시간대를 확인할 수 있습니다. 세부 지역별 이용시간과 위치 정보를 함께 정리했습니다.","81"
"중구\필동\index.html","서울 중구 필동 출장마사지 | 이용권역 예약시간 안내 | 한국미인테라피","39","서울 중구 필동 출장마사지 관련 지역 범위와 이용시간을 보기 쉽게 정리했습니다. 세부 지역을 선택해 해당 위치의 시간대 정보를 확인할 수 있습니다.","82"
"중구\황학동\index.html","서울 중구 황학동 출장마사지 | 지역 선택 이용시간 안내 | 한국미인테라피","41","서울 중구 황학동 출장마사지 지역정보를 기준으로 이용 가능한 범위와 시간대를 살펴볼 수 있습니다. 세부 위치와 이용시간을 한 페이지에서 확인할 수 있습니다.","87"
"중구\회현동\index.html","서울 중구 회현동 출장마사지 | 지역 범위와 시간대 안내 | 한국미인테라피","41","서울 중구 회현동 출장마사지 지역정보를 기준으로 이용 가능한 범위와 시간대를 살펴볼 수 있습니다. 세부 위치와 이용시간을 한 페이지에서 확인할 수 있습니다.","87"
"중랑구\index.html","서울 중랑구 출장마사지 | 이용권역 예약시간 안내 | 한국미인테라피","37","서울 중랑구 출장마사지 이용 가능지역과 시간대 정보를 중심으로 구성했습니다. 원하는 지역의 세부 범위와 이용시간을 확인해보세요.","71"
"중랑구\망우동\index.html","서울 중랑구 망우동 출장마사지 | 지역별 이용범위 문의 안내 | 한국미인테라피","43","서울 중랑구 망우동 출장마사지 이용지역 정보를 바탕으로 시간대와 세부 범위를 안내합니다. 지역별 이용시간을 한눈에 확인할 수 있도록 정리했습니다.","81"
"중랑구\망우본동\index.html","서울 중랑구 망우본동 출장마사지 | 지역별 이용범위 문의 안내 | 한국미인테라피","44","서울 중랑구 망우본동 출장마사지 이용지역 정보를 바탕으로 시간대와 세부 범위를 안내합니다. 지역별 이용시간을 한눈에 확인할 수 있도록 정리했습니다.","82"
"중랑구\면목3.동\index.html","서울 중랑구 면목3.동 출장마사지 | 이용지역 예약문의 정보 | 한국미인테라피","43","서울 중랑구 면목3.동 출장마사지 이용 범위와 시간 정보를 지역별로 정리했습니다. 원하는 세부 지역의 이용시간과 관련 정보를 함께 확인할 수 있습니다.","84"
"중랑구\면목동\index.html","서울 중랑구 면목동 출장마사지 | 지역별 이용범위 문의 안내 | 한국미인테라피","43","서울 중랑구 면목동 출장마사지 이용 가능 범위와 시간대를 지역정보 중심으로 확인할 수 있습니다. 세부 지역별 이용시간도 함께 살펴볼 수 있습니다.","81"
"중랑구\면목본동\index.html","서울 중랑구 면목본동 출장마사지 | 지역별 이용범위 문의 안내 | 한국미인테라피","44","서울 중랑구 면목본동 출장마사지 이용 범위를 세부 지역과 시간대 기준으로 확인할 수 있습니다. 위치별 지역정보와 이용시간을 보기 쉽게 구성했습니다.","82"
"중랑구\묵동\index.html","서울 중랑구 묵동 출장마사지 | 지역별 이용범위 문의 안내 | 한국미인테라피","42","서울 중랑구 묵동 출장마사지 관련 지역 범위와 이용시간을 보기 쉽게 정리했습니다. 세부 지역을 선택해 해당 위치의 시간대 정보를 확인할 수 있습니다.","83"
"중랑구\상봉동\index.html","서울 중랑구 상봉동 출장마사지 | 지역 범위 이용시간 확인 | 한국미인테라피","42","서울 중랑구 상봉동 출장마사지 지역과 시간대 정보를 중심으로 이용 범위를 정리했습니다. 원하는 세부 위치의 이용정보와 시간을 함께 확인할 수 있습니다.","84"
"중랑구\신내동\index.html","서울 중랑구 신내동 출장마사지 | 가까운 지역 시간대 정보 | 한국미인테라피","42","서울 중랑구 신내동 출장마사지 지역 범위와 시간대별 이용정보를 확인할 수 있습니다. 세부 위치를 기준으로 이용시간과 지역정보를 함께 살펴볼 수 있습니다.","85"
"중랑구\중화동\index.html","서울 중랑구 중화동 출장마사지 | 지역별 이용범위 문의 안내 | 한국미인테라피","43","서울 중랑구 중화동 출장마사지 이용지역 정보를 바탕으로 시간대와 세부 범위를 안내합니다. 지역별 이용시간을 한눈에 확인할 수 있도록 정리했습니다.","81"
"천안\index.html","천안 출장마사지 | 지역 선택 이용시간 안내 | 한국미인테라피","34","천안 출장마사지 이용지역에 따른 범위와 시간대 정보를 안내합니다. 세부 위치별 지역정보와 이용시간을 확인할 수 있습니다.","67"
"천안동남구\index.html","천안 동남구 출장마사지 | 이용지역 예약문의 정보 | 한국미인테라피","37","천안 동남구 출장마사지 이용 범위와 시간 정보를 지역별로 정리했습니다. 원하는 세부 지역의 이용시간과 관련 정보를 함께 확인할 수 있습니다.","78"
"천안동남구\광덕면\index.html","천안 동남구 광덕면 출장마사지 | 가까운 지역 시간대 정보 | 한국미인테라피","42","천안 동남구 광덕면 출장마사지 지역 범위와 시간대별 이용정보를 확인할 수 있습니다. 세부 위치를 기준으로 이용시간과 지역정보를 함께 살펴볼 수 있습니다.","85"
"천안동남구\동면\index.html","천안 동남구 동면 출장마사지 | 지역 범위와 시간대 안내 | 한국미인테라피","41","천안 동남구 동면 출장마사지 이용정보를 지역과 시간대 기준으로 확인할 수 있습니다. 세부 위치별 이용 범위와 시간 정보를 함께 살펴볼 수 있습니다.","82"
"천안동남구\목천읍\index.html","천안 동남구 목천읍 출장마사지 | 가까운 지역 시간대 정보 | 한국미인테라피","42","천안 동남구 목천읍 출장마사지 이용지역을 기준으로 세부 범위와 시간대 정보를 확인할 수 있습니다. 원하는 위치의 지역정보와 이용시간을 함께 살펴보세요.","84"
"천안동남구\문성동\index.html","천안 동남구 문성동 출장마사지 | 가까운 지역 시간대 정보 | 한국미인테라피","42","천안 동남구 문성동 출장마사지 지역별 이용 범위와 시간 정보를 한 페이지에 정리했습니다. 원하는 위치를 기준으로 세부 시간대와 지역정보를 살펴볼 수 있습니다.","88"
"천안동남구\병천면\index.html","천안 동남구 병천면 출장마사지 | 이용권역 예약시간 안내 | 한국미인테라피","41","천안 동남구 병천면 출장마사지 이용지역에 따른 범위와 시간대 정보를 안내합니다. 세부 위치별 지역정보와 이용시간을 확인할 수 있습니다.","75"
"천안동남구\봉명동\index.html","천안 동남구 봉명동 출장마사지 | 지역 선택 이용시간 안내 | 한국미인테라피","42","천안 동남구 봉명동 출장마사지 이용지역과 세부 시간 정보를 확인할 수 있습니다. 지역별 범위와 원하는 시간대를 살펴보기 쉽게 구성했습니다.","77"
"천안동남구\북면\index.html","천안 동남구 북면 출장마사지 | 지역 범위와 시간대 안내 | 한국미인테라피","41","천안 동남구 북면 출장마사지 지역별 이용정보와 시간대를 확인할 수 있도록 구성했습니다. 세부 위치에 따라 이용 범위와 시간 정보를 살펴볼 수 있습니다.","84"
"천안동남구\성남면\index.html","천안 동남구 성남면 출장마사지 | 지역 범위와 시간대 안내 | 한국미인테라피","42","천안 동남구 성남면 출장마사지 이용지역과 세부 시간 정보를 확인할 수 있습니다. 지역별 범위와 원하는 시간대를 살펴보기 쉽게 구성했습니다.","77"
"천안동남구\수신면\index.html","천안 동남구 수신면 출장마사지 | 이용지역 예약문의 정보 | 한국미인테라피","41","천안 동남구 수신면 출장마사지 이용 범위와 시간 정보를 지역별로 정리했습니다. 원하는 세부 지역의 이용시간과 관련 정보를 함께 확인할 수 있습니다.","82"
"천안동남구\신방동\index.html","천안 동남구 신방동 출장마사지 | 가까운 지역 시간대 정보 | 한국미인테라피","42","천안 동남구 신방동 출장마사지 지역 안내와 이용시간 정보를 한곳에서 확인할 수 있습니다. 세부 위치별 이용 범위와 시간대 정보를 함께 살펴볼 수 있습니다.","86"
"천안동남구\신안동\index.html","천안 동남구 신안동 출장마사지 | 이용권역 예약시간 안내 | 한국미인테라피","41","천안 동남구 신안동 출장마사지 이용지역에 따른 범위와 시간대 정보를 안내합니다. 세부 위치별 지역정보와 이용시간을 확인할 수 있습니다.","75"
"천안동남구\원성1동\index.html","천안 동남구 원성1동 출장마사지 | 지역별 이용범위 문의 안내 | 한국미인테라피","44","천안 동남구 원성1동 출장마사지 이용지역 정보를 바탕으로 시간대와 세부 범위를 안내합니다. 지역별 이용시간을 한눈에 확인할 수 있도록 정리했습니다.","82"
"천안동남구\원성2동\index.html","천안 동남구 원성2동 출장마사지 | 이용지역 예약문의 정보 | 한국미인테라피","42","천안 동남구 원성2동 출장마사지 지역 범위와 시간대별 이용정보를 확인할 수 있습니다. 세부 위치를 기준으로 이용시간과 지역정보를 함께 살펴볼 수 있습니다.","86"
"천안동남구\일봉동\index.html","천안 동남구 일봉동 출장마사지 | 이용 가능지역 시간 확인 | 한국미인테라피","42","천안 동남구 일봉동 출장마사지 지역과 시간대 정보를 중심으로 이용 범위를 정리했습니다. 원하는 세부 위치의 이용정보와 시간을 함께 확인할 수 있습니다.","84"
"천안동남구\중앙동\index.html","천안 동남구 중앙동 출장마사지 | 지역별 이용범위 문의 안내 | 한국미인테라피","43","천안 동남구 중앙동 출장마사지 이용지역 정보를 바탕으로 시간대와 세부 범위를 안내합니다. 지역별 이용시간을 한눈에 확인할 수 있도록 정리했습니다.","81"
"천안동남구\청룡동\index.html","천안 동남구 청룡동 출장마사지 | 지역 선택 이용시간 안내 | 한국미인테라피","42","천안 동남구 청룡동 출장마사지 이용지역별 범위와 시간대를 보기 쉽게 안내합니다. 세부 지역에 따라 이용시간과 관련 정보를 확인할 수 있습니다.","79"
"천안동남구\풍세면\index.html","천안 동남구 풍세면 출장마사지 | 이용권역 예약시간 안내 | 한국미인테라피","41","천안 동남구 풍세면 출장마사지 관련 지역 범위와 이용시간을 보기 쉽게 정리했습니다. 세부 지역을 선택해 해당 위치의 시간대 정보를 확인할 수 있습니다.","84"
"천안서북구\index.html","천안 서북구 출장마사지 | 지역 범위 이용시간 확인 | 한국미인테라피","38","천안 서북구 출장마사지 지역정보를 바탕으로 이용 범위와 시간대를 확인할 수 있습니다. 세부 지역별 이용시간과 위치 정보를 함께 정리했습니다.","78"
"천안서북구\백석동\index.html","천안 서북구 백석동 출장마사지 | 지역별 이용범위 문의 안내 | 한국미인테라피","43","천안 서북구 백석동 출장마사지 이용 가능지역과 시간대 정보를 중심으로 구성했습니다. 원하는 지역의 세부 범위와 이용시간을 확인해보세요.","75"
"천안서북구\부성1동\index.html","천안 서북구 부성1동 출장마사지 | 지역 선택 이용시간 안내 | 한국미인테라피","43","천안 서북구 부성1동 출장마사지 이용 가능지역과 시간대 정보를 중심으로 구성했습니다. 원하는 지역의 세부 범위와 이용시간을 확인해보세요.","76"
"천안서북구\부성2동\index.html","천안 서북구 부성2동 출장마사지 | 지역 범위 이용시간 확인 | 한국미인테라피","43","천안 서북구 부성2동 출장마사지 이용지역과 시간대 정보를 중심으로 안내합니다. 원하는 위치의 세부 지역정보와 이용시간을 확인할 수 있습니다.","78"
"천안서북구\불당1동\index.html","천안 서북구 불당1동 출장마사지 | 지역 선택 이용시간 안내 | 한국미인테라피","43","천안 서북구 불당1동 출장마사지 지역정보와 이용 가능 시간대를 확인할 수 있습니다. 세부 지역별 범위와 시간 정보를 보기 쉽게 정리했습니다.","78"
"천안서북구\불당2동\index.html","천안 서북구 불당2동 출장마사지 | 지역 범위 이용시간 확인 | 한국미인테라피","43","천안 서북구 불당2동 출장마사지 지역정보와 이용시간을 기준으로 세부 범위를 확인할 수 있습니다. 원하는 위치의 시간대 정보를 함께 정리했습니다.","80"
"천안서북구\성거읍\index.html","천안 서북구 성거읍 출장마사지 | 가까운 지역 시간대 정보 | 한국미인테라피","42","천안 서북구 성거읍 출장마사지 지역별 이용 범위와 시간 정보를 한 페이지에 정리했습니다. 원하는 위치를 기준으로 세부 시간대와 지역정보를 살펴볼 수 있습니다.","88"
"천안서북구\성정1동\index.html","천안 서북구 성정1동 출장마사지 | 이용지역 예약문의 정보 | 한국미인테라피","42","천안 서북구 성정1동 출장마사지 지역 범위와 이용 가능 시간 정보를 확인할 수 있습니다. 원하는 세부 지역의 이용시간과 관련 정보를 보기 쉽게 정리했습니다.","87"
"천안서북구\성정2동\index.html","천안 서북구 성정2동 출장마사지 | 지역 범위와 시간대 안내 | 한국미인테라피","43","천안 서북구 성정2동 출장마사지 관련 지역 범위와 이용시간을 보기 쉽게 정리했습니다. 세부 지역을 선택해 해당 위치의 시간대 정보를 확인할 수 있습니다.","85"
"천안서북구\성환읍\index.html","천안 서북구 성환읍 출장마사지 | 가까운 지역 시간대 정보 | 한국미인테라피","42","천안 서북구 성환읍 출장마사지 지역 범위와 시간대별 이용정보를 확인할 수 있습니다. 세부 위치를 기준으로 이용시간과 지역정보를 함께 살펴볼 수 있습니다.","85"
"천안서북구\쌍용1동\index.html","천안 서북구 쌍용1동 출장마사지 | 이용지역 예약문의 정보 | 한국미인테라피","42","천안 서북구 쌍용1동 출장마사지 지역 범위와 이용 가능 시간 정보를 확인할 수 있습니다. 원하는 세부 지역의 이용시간과 관련 정보를 보기 쉽게 정리했습니다.","87"
"천안서북구\쌍용2동\index.html","천안 서북구 쌍용2동 출장마사지 | 지역 범위와 시간대 안내 | 한국미인테라피","43","천안 서북구 쌍용2동 출장마사지 관련 지역 범위와 이용시간을 보기 쉽게 정리했습니다. 세부 지역을 선택해 해당 위치의 시간대 정보를 확인할 수 있습니다.","85"
"천안서북구\쌍용3동\index.html","천안 서북구 쌍용3동 출장마사지 | 이용 가능지역 시간 확인 | 한국미인테라피","43","천안 서북구 쌍용3동 출장마사지 지역 범위와 시간대별 이용정보를 확인할 수 있습니다. 세부 위치를 기준으로 이용시간과 지역정보를 함께 살펴볼 수 있습니다.","86"
"천안서북구\입장면\index.html","천안 서북구 입장면 출장마사지 | 가까운 지역 시간대 정보 | 한국미인테라피","42","천안 서북구 입장면 출장마사지 이용지역과 시간대 정보를 중심으로 안내합니다. 원하는 위치의 세부 지역정보와 이용시간을 확인할 수 있습니다.","77"
"천안서북구\직산읍\index.html","천안 서북구 직산읍 출장마사지 | 가까운 지역 시간대 정보 | 한국미인테라피","42","천안 서북구 직산읍 출장마사지 지역 범위와 시간대별 이용정보를 확인할 수 있습니다. 세부 위치를 기준으로 이용시간과 지역정보를 함께 살펴볼 수 있습니다.","85"
"파주시\index.html","파주 출장마사지 | 지역 선택 이용시간 안내 | 한국미인테라피","34","파주 출장마사지 이용 가능 범위와 시간대를 지역정보 중심으로 확인할 수 있습니다. 세부 지역별 이용시간도 함께 살펴볼 수 있습니다.","73"
"파주시\광탄면\index.html","파주 광탄면 출장마사지 | 이용지역 예약문의 정보 | 한국미인테라피","37","파주 광탄면 출장마사지 지역별 범위와 이용시간 정보를 정리해 안내합니다. 원하는 위치에 맞춰 세부 지역정보와 시간대를 확인할 수 있습니다.","77"
"파주시\교하동\index.html","파주 교하동 출장마사지 | 이용지역 예약문의 정보 | 한국미인테라피","37","파주 교하동 출장마사지 지역별 범위와 이용시간 정보를 정리해 안내합니다. 원하는 위치에 맞춰 세부 지역정보와 시간대를 확인할 수 있습니다.","77"
"파주시\금촌동\index.html","파주 금촌동 출장마사지 | 지역 범위 이용시간 확인 | 한국미인테라피","38","파주 금촌동 출장마사지 지역 안내와 이용시간 정보를 한곳에서 확인할 수 있습니다. 세부 위치별 이용 범위와 시간대 정보를 함께 살펴볼 수 있습니다.","82"
"파주시\문산읍\index.html","파주 문산읍 출장마사지 | 지역 범위 이용시간 확인 | 한국미인테라피","38","파주 문산읍 출장마사지 지역 안내와 이용시간 정보를 한곳에서 확인할 수 있습니다. 세부 위치별 이용 범위와 시간대 정보를 함께 살펴볼 수 있습니다.","82"
"파주시\법원읍\index.html","파주 법원읍 출장마사지 | 지역 범위와 시간대 안내 | 한국미인테라피","38","파주 법원읍 출장마사지 이용지역별 범위와 시간대를 보기 쉽게 안내합니다. 세부 지역에 따라 이용시간과 관련 정보를 확인할 수 있습니다.","75"
"파주시\운정동\index.html","파주 운정동 출장마사지 | 지역 범위와 시간대 안내 | 한국미인테라피","38","파주 운정동 출장마사지 이용 범위를 세부 지역과 시간대 기준으로 확인할 수 있습니다. 위치별 지역정보와 이용시간을 보기 쉽게 구성했습니다.","77"
"파주시\월롱면\index.html","파주 월롱면 출장마사지 | 이용지역 예약문의 정보 | 한국미인테라피","37","파주 월롱면 출장마사지 이용지역을 기준으로 세부 범위와 시간대 정보를 확인할 수 있습니다. 원하는 위치의 지역정보와 이용시간을 함께 살펴보세요.","80"
"파주시\장단면\index.html","파주 장단면 출장마사지 | 이용지역 예약문의 정보 | 한국미인테라피","37","파주 장단면 출장마사지 지역별 범위와 이용시간 정보를 정리해 안내합니다. 원하는 위치에 맞춰 세부 지역정보와 시간대를 확인할 수 있습니다.","77"
"파주시\적성면\index.html","파주 적성면 출장마사지 | 이용권역 예약시간 안내 | 한국미인테라피","37","파주 적성면 출장마사지 이용 가능지역과 시간대 정보를 중심으로 구성했습니다. 원하는 지역의 세부 범위와 이용시간을 확인해보세요.","71"
"파주시\조리읍\index.html","파주 조리읍 출장마사지 | 이용지역 예약문의 정보 | 한국미인테라피","37","파주 조리읍 출장마사지 지역과 시간대 정보를 중심으로 이용 범위를 정리했습니다. 원하는 세부 위치의 이용정보와 시간을 함께 확인할 수 있습니다.","80"
"파주시\탄현면\index.html","파주 탄현면 출장마사지 | 지역 선택 이용시간 안내 | 한국미인테라피","38","파주 탄현면 출장마사지 이용 가능지역과 시간대 정보를 중심으로 구성했습니다. 원하는 지역의 세부 범위와 이용시간을 확인해보세요.","71"
"파주시\파주읍\index.html","파주 파주읍 출장마사지 | 지역 범위 이용시간 확인 | 한국미인테라피","38","파주 파주읍 출장마사지 지역 안내와 이용시간 정보를 한곳에서 확인할 수 있습니다. 세부 위치별 이용 범위와 시간대 정보를 함께 살펴볼 수 있습니다.","82"
"파주시\파평면\index.html","파주 파평면 출장마사지 | 이용지역 예약문의 정보 | 한국미인테라피","37","파주 파평면 출장마사지 이용지역을 기준으로 세부 범위와 시간대 정보를 확인할 수 있습니다. 원하는 위치의 지역정보와 이용시간을 함께 살펴보세요.","80"
"평택시\index.html","평택 출장마사지 | 지역 범위와 시간대 안내 | 한국미인테라피","34","평택 출장마사지 지역별 이용정보와 시간대를 확인할 수 있도록 구성했습니다. 세부 위치에 따라 이용 범위와 시간 정보를 살펴볼 수 있습니다.","77"
"평택시\고덕동\index.html","평택 고덕동 출장마사지 | 지역 선택 이용시간 안내 | 한국미인테라피","38","평택 고덕동 출장마사지 이용 범위를 세부 지역과 시간대 기준으로 확인할 수 있습니다. 위치별 지역정보와 이용시간을 보기 쉽게 구성했습니다.","77"
"평택시\고덕면\index.html","평택 고덕면 출장마사지 | 가까운 지역 시간대 정보 | 한국미인테라피","38","평택 고덕면 출장마사지 지역정보와 이용시간을 기준으로 세부 범위를 확인할 수 있습니다. 원하는 위치의 시간대 정보를 함께 정리했습니다.","75"
"평택시\동삭동\index.html","평택 동삭동 출장마사지 | 지역 범위 이용시간 확인 | 한국미인테라피","38","평택 동삭동 출장마사지 지역과 시간대 정보를 중심으로 이용 범위를 정리했습니다. 원하는 세부 위치의 이용정보와 시간을 함께 확인할 수 있습니다.","80"
"평택시\비전동\index.html","평택 비전동 출장마사지 | 가까운 지역 시간대 정보 | 한국미인테라피","38","평택 비전동 출장마사지 지역 안내와 이용시간 정보를 한곳에서 확인할 수 있습니다. 세부 위치별 이용 범위와 시간대 정보를 함께 살펴볼 수 있습니다.","82"
"평택시\서정동\index.html","평택 서정동 출장마사지 | 지역별 이용범위 문의 안내 | 한국미인테라피","39","평택 서정동 출장마사지 이용 가능 범위와 시간대를 지역정보 중심으로 확인할 수 있습니다. 세부 지역별 이용시간도 함께 살펴볼 수 있습니다.","77"
"평택시\서탄면\index.html","평택 서탄면 출장마사지 | 지역 범위와 시간대 안내 | 한국미인테라피","38","평택 서탄면 출장마사지 이용정보를 지역과 시간대 기준으로 확인할 수 있습니다. 세부 위치별 이용 범위와 시간 정보를 함께 살펴볼 수 있습니다.","79"
"평택시\세교동\index.html","평택 세교동 출장마사지 | 가까운 지역 시간대 정보 | 한국미인테라피","38","평택 세교동 출장마사지 지역별 이용 범위와 시간 정보를 한 페이지에 정리했습니다. 원하는 위치를 기준으로 세부 시간대와 지역정보를 살펴볼 수 있습니다.","84"
"평택시\송북동\index.html","평택 송북동 출장마사지 | 이용지역 예약문의 정보 | 한국미인테라피","37","평택 송북동 출장마사지 지역 안내와 이용시간 정보를 한곳에서 확인할 수 있습니다. 세부 위치별 이용 범위와 시간대 정보를 함께 살펴볼 수 있습니다.","82"
"평택시\송탄동\index.html","평택 송탄동 출장마사지 | 지역 선택 이용시간 안내 | 한국미인테라피","38","평택 송탄동 출장마사지 이용지역별 범위와 시간대를 보기 쉽게 안내합니다. 세부 지역에 따라 이용시간과 관련 정보를 확인할 수 있습니다.","75"
"평택시\신장동\index.html","평택 신장동 출장마사지 | 지역 선택 이용시간 안내 | 한국미인테라피","38","평택 신장동 출장마사지 이용정보를 지역과 시간대 기준으로 확인할 수 있습니다. 세부 위치별 이용 범위와 시간 정보를 함께 살펴볼 수 있습니다.","79"
"평택시\신평동\index.html","평택 신평동 출장마사지 | 지역별 이용범위 문의 안내 | 한국미인테라피","39","평택 신평동 출장마사지 이용 가능 범위와 시간대를 지역정보 중심으로 확인할 수 있습니다. 세부 지역별 이용시간도 함께 살펴볼 수 있습니다.","77"
"평택시\안중읍\index.html","평택 안중읍 출장마사지 | 지역 선택 이용시간 안내 | 한국미인테라피","38","평택 안중읍 출장마사지 이용정보를 지역과 시간대 기준으로 확인할 수 있습니다. 세부 위치별 이용 범위와 시간 정보를 함께 살펴볼 수 있습니다.","79"
"평택시\오성면\index.html","평택 오성면 출장마사지 | 가까운 지역 시간대 정보 | 한국미인테라피","38","평택 오성면 출장마사지 지역정보를 바탕으로 이용 범위와 시간대를 확인할 수 있습니다. 세부 지역별 이용시간과 위치 정보를 함께 정리했습니다.","78"
"평택시\용이동\index.html","평택 용이동 출장마사지 | 지역 선택 이용시간 안내 | 한국미인테라피","38","평택 용이동 출장마사지 지역정보를 기준으로 이용 가능한 범위와 시간대를 살펴볼 수 있습니다. 세부 위치와 이용시간을 한 페이지에서 확인할 수 있습니다.","84"
"평택시\원평동\index.html","평택 원평동 출장마사지 | 지역별 이용범위 문의 안내 | 한국미인테라피","39","평택 원평동 출장마사지 이용 가능 범위와 시간대를 지역정보 중심으로 확인할 수 있습니다. 세부 지역별 이용시간도 함께 살펴볼 수 있습니다.","77"
"평택시\중앙동\index.html","평택 중앙동 출장마사지 | 이용지역 예약문의 정보 | 한국미인테라피","37","평택 중앙동 출장마사지 지역 범위와 시간대별 이용정보를 확인할 수 있습니다. 세부 위치를 기준으로 이용시간과 지역정보를 함께 살펴볼 수 있습니다.","81"
"평택시\지산동\index.html","평택 지산동 출장마사지 | 가까운 지역 시간대 정보 | 한국미인테라피","38","평택 지산동 출장마사지 지역 안내와 이용시간 정보를 한곳에서 확인할 수 있습니다. 세부 위치별 이용 범위와 시간대 정보를 함께 살펴볼 수 있습니다.","82"
"평택시\진위면\index.html","평택 진위면 출장마사지 | 지역 범위와 시간대 안내 | 한국미인테라피","38","평택 진위면 출장마사지 지역별 이용정보와 시간대를 확인할 수 있도록 구성했습니다. 세부 위치에 따라 이용 범위와 시간 정보를 살펴볼 수 있습니다.","81"
"평택시\청북읍\index.html","평택 청북읍 출장마사지 | 이용지역 예약문의 정보 | 한국미인테라피","37","평택 청북읍 출장마사지 지역 범위와 시간대별 이용정보를 확인할 수 있습니다. 세부 위치를 기준으로 이용시간과 지역정보를 함께 살펴볼 수 있습니다.","81"
"평택시\통복동\index.html","평택 통복동 출장마사지 | 이용지역 예약문의 정보 | 한국미인테라피","37","평택 통복동 출장마사지 지역 안내와 이용시간 정보를 한곳에서 확인할 수 있습니다. 세부 위치별 이용 범위와 시간대 정보를 함께 살펴볼 수 있습니다.","82"
"평택시\팽성읍\index.html","평택 팽성읍 출장마사지 | 이용지역 예약문의 정보 | 한국미인테라피","37","평택 팽성읍 출장마사지 지역 안내와 이용시간 정보를 한곳에서 확인할 수 있습니다. 세부 위치별 이용 범위와 시간대 정보를 함께 살펴볼 수 있습니다.","82"
"평택시\포승읍\index.html","평택 포승읍 출장마사지 | 지역별 이용범위 문의 안내 | 한국미인테라피","39","평택 포승읍 출장마사지 이용 가능 범위와 시간대를 지역정보 중심으로 확인할 수 있습니다. 세부 지역별 이용시간도 함께 살펴볼 수 있습니다.","77"
"평택시\현덕면\index.html","평택 현덕면 출장마사지 | 이용 가능지역 시간 확인 | 한국미인테라피","38","평택 현덕면 출장마사지 지역별 이용시간과 세부 범위를 확인할 수 있습니다. 원하는 위치에 따른 시간대 정보를 함께 살펴볼 수 있습니다.","75"
"포천시\index.html","포천 출장마사지 | 지역 선택 이용시간 안내 | 한국미인테라피","34","포천 출장마사지 지역정보와 이용 가능 시간대를 확인할 수 있습니다. 세부 지역별 범위와 시간 정보를 보기 쉽게 정리했습니다.","69"
"포천시\가산면\index.html","포천 가산면 출장마사지 | 지역 선택 이용시간 안내 | 한국미인테라피","38","포천 가산면 출장마사지 지역정보와 이용 가능 시간대를 확인할 수 있습니다. 세부 지역별 범위와 시간 정보를 보기 쉽게 정리했습니다.","73"
"포천시\관인면\index.html","포천 관인면 출장마사지 | 지역 선택 이용시간 안내 | 한국미인테라피","38","포천 관인면 출장마사지 이용 가능지역과 시간대 정보를 중심으로 구성했습니다. 원하는 지역의 세부 범위와 이용시간을 확인해보세요.","71"
"포천시\군내면\index.html","포천 군내면 출장마사지 | 지역별 이용범위 문의 안내 | 한국미인테라피","39","포천 군내면 출장마사지 지역별 이용정보와 시간대를 확인할 수 있도록 구성했습니다. 세부 위치에 따라 이용 범위와 시간 정보를 살펴볼 수 있습니다.","81"
"포천시\내촌면\index.html","포천 내촌면 출장마사지 | 지역 선택 이용시간 안내 | 한국미인테라피","38","포천 내촌면 출장마사지 지역정보와 이용 가능 시간대를 확인할 수 있습니다. 세부 지역별 범위와 시간 정보를 보기 쉽게 정리했습니다.","73"
"포천시\선단동\index.html","포천 선단동 출장마사지 | 이용지역 예약문의 정보 | 한국미인테라피","37","포천 선단동 출장마사지 이용 범위와 시간 정보를 지역별로 정리했습니다. 원하는 세부 지역의 이용시간과 관련 정보를 함께 확인할 수 있습니다.","78"
"포천시\소흘읍\index.html","포천 소흘읍 출장마사지 | 이용지역 예약문의 정보 | 한국미인테라피","37","포천 소흘읍 출장마사지 지역과 시간대 정보를 중심으로 이용 범위를 정리했습니다. 원하는 세부 위치의 이용정보와 시간을 함께 확인할 수 있습니다.","80"
"포천시\신북면\index.html","포천 신북면 출장마사지 | 지역 범위 이용시간 확인 | 한국미인테라피","38","포천 신북면 출장마사지 이용지역과 시간대 정보를 중심으로 안내합니다. 원하는 위치의 세부 지역정보와 이용시간을 확인할 수 있습니다.","73"
"포천시\영북면\index.html","포천 영북면 출장마사지 | 이용권역 예약시간 안내 | 한국미인테라피","37","포천 영북면 출장마사지 이용 가능 범위와 시간대를 지역정보 중심으로 확인할 수 있습니다. 세부 지역별 이용시간도 함께 살펴볼 수 있습니다.","77"
"포천시\영중면\index.html","포천 영중면 출장마사지 | 이용권역 예약시간 안내 | 한국미인테라피","37","포천 영중면 출장마사지 지역정보와 이용 가능 시간대를 확인할 수 있습니다. 세부 지역별 범위와 시간 정보를 보기 쉽게 정리했습니다.","73"
"포천시\이동면\index.html","포천 이동면 출장마사지 | 이용지역 예약문의 정보 | 한국미인테라피","37","포천 이동면 출장마사지 이용지역을 기준으로 세부 범위와 시간대 정보를 확인할 수 있습니다. 원하는 위치의 지역정보와 이용시간을 함께 살펴보세요.","80"
"포천시\일동면\index.html","포천 일동면 출장마사지 | 이용지역 예약문의 정보 | 한국미인테라피","37","포천 일동면 출장마사지 이용지역을 기준으로 세부 범위와 시간대 정보를 확인할 수 있습니다. 원하는 위치의 지역정보와 이용시간을 함께 살펴보세요.","80"
"포천시\창수면\index.html","포천 창수면 출장마사지 | 이용지역 예약문의 정보 | 한국미인테라피","37","포천 창수면 출장마사지 이용 범위와 시간 정보를 지역별로 정리했습니다. 원하는 세부 지역의 이용시간과 관련 정보를 함께 확인할 수 있습니다.","78"
"포천시\포천동\index.html","포천 포천동 출장마사지 | 이용지역 예약문의 정보 | 한국미인테라피","37","포천 포천동 출장마사지 지역과 시간대 정보를 중심으로 이용 범위를 정리했습니다. 원하는 세부 위치의 이용정보와 시간을 함께 확인할 수 있습니다.","80"
"포천시\화현면\index.html","포천 화현면 출장마사지 | 지역 선택 이용시간 안내 | 한국미인테라피","38","포천 화현면 출장마사지 지역정보와 이용 가능 시간대를 확인할 수 있습니다. 세부 지역별 범위와 시간 정보를 보기 쉽게 정리했습니다.","73"
"하남시\index.html","하남 출장마사지 | 지역 선택 이용시간 안내 | 한국미인테라피","34","하남 출장마사지 지역정보와 이용 가능 시간대를 확인할 수 있습니다. 세부 지역별 범위와 시간 정보를 보기 쉽게 정리했습니다.","69"
"하남시\감북동\index.html","하남 감북동 출장마사지 | 지역 범위와 시간대 안내 | 한국미인테라피","38","하남 감북동 출장마사지 이용정보를 지역과 시간대 기준으로 확인할 수 있습니다. 세부 위치별 이용 범위와 시간 정보를 함께 살펴볼 수 있습니다.","79"
"하남시\감일동\index.html","하남 감일동 출장마사지 | 지역 범위 이용시간 확인 | 한국미인테라피","38","하남 감일동 출장마사지 지역별 이용 범위와 시간 정보를 한 페이지에 정리했습니다. 원하는 위치를 기준으로 세부 시간대와 지역정보를 살펴볼 수 있습니다.","84"
"하남시\덕풍동\index.html","하남 덕풍동 출장마사지 | 이용 가능지역 시간 확인 | 한국미인테라피","38","하남 덕풍동 출장마사지 이용 범위와 시간 정보를 지역별로 정리했습니다. 원하는 세부 지역의 이용시간과 관련 정보를 함께 확인할 수 있습니다.","78"
"하남시\미사동\index.html","하남 미사동 출장마사지 | 지역 범위 이용시간 확인 | 한국미인테라피","38","하남 미사동 출장마사지 지역 범위와 시간대별 이용정보를 확인할 수 있습니다. 세부 위치를 기준으로 이용시간과 지역정보를 함께 살펴볼 수 있습니다.","81"
"하남시\신장동\index.html","하남 신장동 출장마사지 | 이용권역 예약시간 안내 | 한국미인테라피","37","하남 신장동 출장마사지 지역정보와 이용 가능 시간대를 확인할 수 있습니다. 세부 지역별 범위와 시간 정보를 보기 쉽게 정리했습니다.","73"
"하남시\위례동\index.html","하남 위례동 출장마사지 | 지역 범위 이용시간 확인 | 한국미인테라피","38","하남 위례동 출장마사지 지역 안내와 이용시간 정보를 한곳에서 확인할 수 있습니다. 세부 위치별 이용 범위와 시간대 정보를 함께 살펴볼 수 있습니다.","82"
"하남시\천현동\index.html","하남 천현동 출장마사지 | 이용지역 예약문의 정보 | 한국미인테라피","37","하남 천현동 출장마사지 지역과 시간대 정보를 중심으로 이용 범위를 정리했습니다. 원하는 세부 위치의 이용정보와 시간을 함께 확인할 수 있습니다.","80"
"하남시\초이동\index.html","하남 초이동 출장마사지 | 지역 범위 이용시간 확인 | 한국미인테라피","38","하남 초이동 출장마사지 지역 안내와 이용시간 정보를 한곳에서 확인할 수 있습니다. 세부 위치별 이용 범위와 시간대 정보를 함께 살펴볼 수 있습니다.","82"
"하남시\춘궁동\index.html","하남 춘궁동 출장마사지 | 지역 범위와 시간대 안내 | 한국미인테라피","38","하남 춘궁동 출장마사지 이용 범위를 세부 지역과 시간대 기준으로 확인할 수 있습니다. 위치별 지역정보와 이용시간을 보기 쉽게 구성했습니다.","77"
"화성동탄구\index.html","화성 동탄구 출장마사지 | 이용권역 예약시간 안내 | 한국미인테라피","37","화성 동탄구 출장마사지 이용 가능 범위와 시간대를 지역정보 중심으로 확인할 수 있습니다. 세부 지역별 이용시간도 함께 살펴볼 수 있습니다.","77"
"화성동탄구\동탄동\index.html","화성 동탄구 동탄동 출장마사지 | 지역별 이용범위 문의 안내 | 한국미인테라피","43","화성 동탄구 동탄동 출장마사지 이용지역에 따른 범위와 시간대 정보를 안내합니다. 세부 위치별 지역정보와 이용시간을 확인할 수 있습니다.","75"
"화성만세구\index.html","화성 만세구 출장마사지 | 지역 범위 이용시간 확인 | 한국미인테라피","38","화성 만세구 출장마사지 지역정보와 이용시간을 기준으로 세부 범위를 확인할 수 있습니다. 원하는 위치의 시간대 정보를 함께 정리했습니다.","75"
"화성만세구\남양읍\index.html","화성 만세구 남양읍 출장마사지 | 가까운 지역 시간대 정보 | 한국미인테라피","42","화성 만세구 남양읍 출장마사지 지역정보를 바탕으로 이용 범위와 시간대를 확인할 수 있습니다. 세부 지역별 이용시간과 위치 정보를 함께 정리했습니다.","82"
"화성만세구\마도면\index.html","화성 만세구 마도면 출장마사지 | 이용지역 예약문의 정보 | 한국미인테라피","41","화성 만세구 마도면 출장마사지 지역별 이용시간과 세부 범위를 확인할 수 있습니다. 원하는 위치에 따른 시간대 정보를 함께 살펴볼 수 있습니다.","79"
"화성만세구\새솔동\index.html","화성 만세구 새솔동 출장마사지 | 이용권역 예약시간 안내 | 한국미인테라피","41","화성 만세구 새솔동 출장마사지 이용 가능 범위와 시간대를 지역정보 중심으로 확인할 수 있습니다. 세부 지역별 이용시간도 함께 살펴볼 수 있습니다.","81"
"화성만세구\서신면\index.html","화성 만세구 서신면 출장마사지 | 이용지역 예약문의 정보 | 한국미인테라피","41","화성 만세구 서신면 출장마사지 이용지역을 기준으로 세부 범위와 시간대 정보를 확인할 수 있습니다. 원하는 위치의 지역정보와 이용시간을 함께 살펴보세요.","84"
"화성만세구\송산면\index.html","화성 만세구 송산면 출장마사지 | 이용권역 예약시간 안내 | 한국미인테라피","41","화성 만세구 송산면 출장마사지 이용 가능지역과 시간대 정보를 중심으로 구성했습니다. 원하는 지역의 세부 범위와 이용시간을 확인해보세요.","75"
"화성만세구\양감면\index.html","화성 만세구 양감면 출장마사지 | 이용권역 예약시간 안내 | 한국미인테라피","41","화성 만세구 양감면 출장마사지 이용 가능 범위와 시간대를 지역정보 중심으로 확인할 수 있습니다. 세부 지역별 이용시간도 함께 살펴볼 수 있습니다.","81"
"화성만세구\우정읍\index.html","화성 만세구 우정읍 출장마사지 | 이용 가능지역 시간 확인 | 한국미인테라피","42","화성 만세구 우정읍 출장마사지 이용지역을 기준으로 세부 범위와 시간대 정보를 확인할 수 있습니다. 원하는 위치의 지역정보와 이용시간을 함께 살펴보세요.","84"
"화성만세구\장안면\index.html","화성 만세구 장안면 출장마사지 | 지역 범위와 시간대 안내 | 한국미인테라피","42","화성 만세구 장안면 출장마사지 이용 범위를 세부 지역과 시간대 기준으로 확인할 수 있습니다. 위치별 지역정보와 이용시간을 보기 쉽게 구성했습니다.","81"
"화성만세구\팔탄면\index.html","화성 만세구 팔탄면 출장마사지 | 지역 범위 이용시간 확인 | 한국미인테라피","42","화성 만세구 팔탄면 출장마사지 지역정보와 이용시간을 기준으로 세부 범위를 확인할 수 있습니다. 원하는 위치의 시간대 정보를 함께 정리했습니다.","79"
"화성만세구\향남읍\index.html","화성 만세구 향남읍 출장마사지 | 이용 가능지역 시간 확인 | 한국미인테라피","42","화성 만세구 향남읍 출장마사지 지역별 범위와 이용시간 정보를 정리해 안내합니다. 원하는 위치에 맞춰 세부 지역정보와 시간대를 확인할 수 있습니다.","81"
"화성병점구\index.html","화성 병점구 출장마사지 | 지역 범위와 시간대 안내 | 한국미인테라피","38","화성 병점구 출장마사지 이용 범위를 세부 지역과 시간대 기준으로 확인할 수 있습니다. 위치별 지역정보와 이용시간을 보기 쉽게 구성했습니다.","77"
"화성병점구\반월동\index.html","화성 병점구 반월동 출장마사지 | 이용 가능지역 시간 확인 | 한국미인테라피","42","화성 병점구 반월동 출장마사지 지역별 범위와 이용시간 정보를 정리해 안내합니다. 원하는 위치에 맞춰 세부 지역정보와 시간대를 확인할 수 있습니다.","81"
"화성병점구\병점동\index.html","화성 병점구 병점동 출장마사지 | 지역별 이용범위 문의 안내 | 한국미인테라피","43","화성 병점구 병점동 출장마사지 관련 지역 범위와 이용시간을 보기 쉽게 정리했습니다. 세부 지역을 선택해 해당 위치의 시간대 정보를 확인할 수 있습니다.","84"
"화성병점구\진안동\index.html","화성 병점구 진안동 출장마사지 | 이용 가능지역 시간 확인 | 한국미인테라피","42","화성 병점구 진안동 출장마사지 지역별 범위와 이용시간 정보를 정리해 안내합니다. 원하는 위치에 맞춰 세부 지역정보와 시간대를 확인할 수 있습니다.","81"
"화성병점구\화산동\index.html","화성 병점구 화산동 출장마사지 | 이용 가능지역 시간 확인 | 한국미인테라피","42","화성 병점구 화산동 출장마사지 이용 범위와 시간 정보를 지역별로 정리했습니다. 원하는 세부 지역의 이용시간과 관련 정보를 함께 확인할 수 있습니다.","82"
"화성시\index.html","화성 출장마사지 | 이용지역 예약문의 정보 | 한국미인테라피","33","화성 출장마사지 지역 범위와 이용 가능 시간 정보를 확인할 수 있습니다. 원하는 세부 지역의 이용시간과 관련 정보를 보기 쉽게 정리했습니다.","78"
"화성효행구\index.html","화성 효행구 출장마사지 | 지역 범위와 시간대 안내 | 한국미인테라피","38","화성 효행구 출장마사지 관련 지역 범위와 이용시간을 보기 쉽게 정리했습니다. 세부 지역을 선택해 해당 위치의 시간대 정보를 확인할 수 있습니다.","80"
"화성효행구\기배동\index.html","화성 효행구 기배동 출장마사지 | 가까운 지역 시간대 정보 | 한국미인테라피","42","화성 효행구 기배동 출장마사지 지역정보와 이용시간을 기준으로 세부 범위를 확인할 수 있습니다. 원하는 위치의 시간대 정보를 함께 정리했습니다.","79"
"화성효행구\매송면\index.html","화성 효행구 매송면 출장마사지 | 가까운 지역 시간대 정보 | 한국미인테라피","42","화성 효행구 매송면 출장마사지 지역과 시간대 정보를 중심으로 이용 범위를 정리했습니다. 원하는 세부 위치의 이용정보와 시간을 함께 확인할 수 있습니다.","84"
"화성효행구\봉담읍\index.html","화성 효행구 봉담읍 출장마사지 | 지역별 이용범위 문의 안내 | 한국미인테라피","43","화성 효행구 봉담읍 출장마사지 지역정보와 이용 가능 시간대를 확인할 수 있습니다. 세부 지역별 범위와 시간 정보를 보기 쉽게 정리했습니다.","77"
"화성효행구\비봉면\index.html","화성 효행구 비봉면 출장마사지 | 가까운 지역 시간대 정보 | 한국미인테라피","42","화성 효행구 비봉면 출장마사지 지역과 시간대 정보를 중심으로 이용 범위를 정리했습니다. 원하는 세부 위치의 이용정보와 시간을 함께 확인할 수 있습니다.","84"
"화성효행구\정남면\index.html","화성 효행구 정남면 출장마사지 | 가까운 지역 시간대 정보 | 한국미인테라피","42","화성 효행구 정남면 출장마사지 지역정보와 이용시간을 기준으로 세부 범위를 확인할 수 있습니다. 원하는 위치의 시간대 정보를 함께 정리했습니다.","79"
